id,ethnicity,gender,LSAT,UGPA,region_first,ZFYA,sander_index,first_pf
0,White,M,39,3.1,GL,-0.98,0.782738095,1
1,White,M,36,3,GL,0.09,0.735714286,1
2,White,F,30,3.1,MS,-0.35,0.670238095,1
5,Hispanic,F,39,2.2,NE,0.58,0.69702381,1
6,White,M,37,3.4,GL,-1.26,0.786309524,1
7,White,M,30.5,3.6,GL,0.3,0.724107143,1
8,White,F,36,3.6,GL,-0.1,0.792857143,1
9,White,F,37,2.7,NE,-0.12,0.719642857,0
13,White,M,37,2.6,GL,1.53,0.710119048,1
14,White,F,31,3.6,GL,0.34,0.730357143,1
16,White,F,41,3.2,GL,1.53,0.817261905,1
17,White,F,35,3.1,GL,-0.68,0.732738095,1
19,White,M,35,3.2,NE,-0.17,0.742261905,1
21,White,F,35,2.9,NG,-0.42,0.713690476,1
22,White,F,41,2.3,NG,-0.35,0.731547619,1
23,White,F,30.5,3.3,GL,0.85,0.695535714,1
24,White,M,36,3,GL,0.04,0.735714286,1
25,White,F,40,3.9,GL,2.48,0.871428571,1
26,White,F,36,3.4,GL,0.27,0.773809524,1
27,White,F,29,2.7,GL,0.88,0.619642857,1
28,White,F,37,3.2,GL,0.58,0.767261905,1
29,White,F,30,3.1,MS,1.99,0.670238095,1
30,White,F,40,3.1,GL,-0.8,0.795238095,1
31,Asian,F,31,3.1,GL,0.51,0.682738095,1
32,White,M,37,3.6,GL,0.81,0.805357143,1
33,Black,F,29,2.8,NE,-1.03,0.629166667,1
35,White,F,34,2.8,GL,-0.12,0.691666667,1
37,White,F,35,3,NE,-0.61,0.723214286,1
38,White,F,40,3.4,GL,-0.73,0.823809524,1
39,White,F,36,2.6,NE,-0.63,0.697619048,1
40,White,F,29,2.9,MS,-0.02,0.638690476,1
41,White,F,35,2.5,NG,0.02,0.675595238,1
43,White,F,32,3.4,SE,0.65,0.723809524,1
44,White,M,36,2.7,NE,-0.05,0.707142857,1
46,White,F,36,3.3,GL,0.53,0.764285714,1
47,White,F,36,2.5,MS,-1.1,0.688095238,0
49,White,F,38,3.6,GL,1.41,0.817857143,1
50,White,F,36,3.6,GL,1.18,0.792857143,1
51,White,F,32.5,3.2,MS,0.76,0.711011905,1
52,White,M,27,3.5,GL,-1.05,0.670833333,0
53,White,F,36,2.4,GL,0.39,0.678571429,1
56,Black,M,19,3.2,GL,-0.7,0.542261905,0
57,White,M,34,3.7,GL,1.23,0.777380952,1
58,White,M,35,3.1,GL,1.71,0.732738095,1
59,Hispanic,M,31,3.2,NG,-0.82,0.692261905,1
60,White,F,36,2.8,NE,-0.17,0.716666667,1
61,Other,F,32,3,GL,-0.63,0.685714286,1
63,White,M,38,3.7,GL,-0.05,0.827380952,1
64,White,F,34,3.2,Mt,0.37,0.729761905,1
65,White,F,38,2.8,GL,0.44,0.741666667,1
66,White,M,36,3.4,MS,0.46,0.773809524,1
67,White,M,42,3.5,GL,-0.42,0.858333333,1
68,White,F,29,2.3,GL,-0.93,0.581547619,0
69,White,F,31,3.7,GL,-0.49,0.739880952,1
70,Black,M,23,2.6,NE,0.48,0.535119048,1
71,White,F,37,3.8,GL,0.72,0.824404762,1
72,White,M,33,3.3,GL,-1.24,0.726785714,1
73,White,F,35,3.3,GL,-0.7,0.751785714,1
74,White,F,36,3.2,NE,0.83,0.754761905,1
76,White,F,35.5,2.4,GL,-0.63,0.672321429,1
77,White,F,41,3.4,GL,-0.05,0.836309524,1
78,White,M,34,3.5,GL,0.55,0.758333333,1
79,Asian,M,27,2.9,GL,-0.77,0.613690476,1
80,White,F,29,3.3,NE,-0.98,0.676785714,0
81,White,M,33,3.3,GL,1.27,0.726785714,1
82,White,F,32,2.9,MS,-0.62,0.676190476,1
83,White,F,39,2.3,NE,0.51,0.706547619,1
84,Asian,F,23,3.7,FW,-0.17,0.639880952,1
85,White,M,39,3.4,GL,-0.56,0.811309524,1
86,White,M,39,3,GL,-0.42,0.773214286,1
87,White,M,32,3.8,NE,-0.08,0.761904762,1
88,White,F,29,3.3,FW,-1.19,0.676785714,0
89,White,F,31,3,GL,-1.07,0.673214286,1
90,White,M,36,3.3,GL,-0.49,0.764285714,1
91,Black,F,27,2.4,NE,-1.66,0.566071429,0
92,White,F,30,3.5,GL,1.39,0.708333333,1
94,White,F,38,3.5,FW,2.78,0.808333333,1
95,White,M,34,2.8,GL,-0.63,0.691666667,1
96,White,F,37,3.7,GL,1.32,0.814880952,1
97,Hispanic,M,36,2.7,NE,-1.28,0.707142857,1
98,White,F,43,3,NE,0.1,0.823214286,1
99,White,F,42,2.9,NE,-0.62,0.801190476,1
100,White,F,33.5,3.4,MS,0.69,0.742559524,1
101,White,F,25,2.9,NE,-0.9,0.588690476,1
102,White,M,38,3.4,NG,1.23,0.798809524,1
103,White,F,42,3.6,NE,0.7,0.867857143,1
104,White,F,37,3.5,NE,-1.64,0.795833333,1
106,White,F,29.5,3.5,NE,-0.24,0.702083333,1
107,White,F,41,3.1,NE,-0.05,0.807738095,1
108,White,M,38,3.6,NE,-1,0.817857143,1
109,White,M,42,3.2,MS,-0.22,0.829761905,1
110,White,M,35.5,3.3,MS,2.26,0.758035714,1
111,White,M,36,3.6,NE,-0.85,0.792857143,1
112,White,M,39,3.5,NE,-0.71,0.820833333,1
114,White,F,28,2.9,NE,-1.96,0.626190476,0
115,White,M,42,3.3,NE,-1.13,0.839285714,1
116,White,M,43,3.5,NE,0.74,0.870833333,1
117,White,F,43,3.1,NE,0.29,0.832738095,1
118,White,F,35,3.2,NE,-0.66,0.742261905,1
120,White,F,40,3.7,NE,-0.43,0.852380952,1
121,White,M,42,2.5,MS,-0.41,0.763095238,1
122,White,M,42,2.7,NE,-0.02,0.782142857,1
123,White,M,40,3.7,NE,0.21,0.852380952,1
124,White,M,38,3.5,NE,1.61,0.808333333,1
125,White,F,40,3.3,NE,-0.96,0.814285714,1
126,White,M,39,3.5,SC,0.98,0.820833333,1
127,White,M,36,3.6,NE,-0.58,0.792857143,1
128,White,M,38,3.6,NE,-0.28,0.817857143,1
129,White,F,36,3,NE,-1.19,0.735714286,1
130,White,F,39,3.2,MS,-1.34,0.792261905,1
131,White,M,37,3.9,NE,0.55,0.833928571,1
132,White,F,31.5,2.7,MS,0.58,0.650892857,1
133,White,M,41,4,NE,2.44,0.893452381,1
134,White,F,41,3,NE,-1.45,0.798214286,1
135,White,M,36,3.3,NE,1.04,0.764285714,1
136,White,F,35,3.8,NE,-1.11,0.799404762,1
137,White,M,39,3.7,NE,-1.58,0.839880952,1
138,White,M,37,3.8,NE,0.4,0.824404762,1
140,White,F,37,3.1,GL,-0.51,0.757738095,1
141,White,F,36,3.8,MS,-0.66,0.811904762,0
142,White,F,40,3.3,NE,-0.77,0.814285714,1
144,White,M,45,3.3,NE,0.64,0.876785714,1
145,White,F,35,2.6,NE,0.02,0.685119048,1
146,White,M,37,3.6,NE,-0.02,0.805357143,1
147,White,F,40,3.8,NE,0.64,0.861904762,1
148,White,F,39,3.4,NE,0.4,0.811309524,1
149,White,F,33,3.9,NE,0.59,0.783928571,1
150,White,F,40,3.6,NE,0.55,0.842857143,1
151,White,F,38,3.8,NE,0.55,0.836904762,1
152,White,M,41,3.3,NE,0.64,0.826785714,1
153,White,F,34,2.9,MS,-0.25,0.701190476,1
154,White,F,40,3.1,NE,1.08,0.795238095,1
156,Asian,M,38,3.3,NE,-0.02,0.789285714,1
157,White,M,40,3.2,NE,1.89,0.804761905,1
158,White,F,32.5,3.4,NE,-0.17,0.730059524,1
159,White,M,41,3.4,NE,0.17,0.836309524,1
160,White,M,37,3.5,NE,-0.13,0.795833333,1
161,White,F,41,3.3,NE,1.51,0.826785714,1
162,White,M,39,3.6,NE,-0.66,0.830357143,1
163,White,F,38,3.5,MS,0.42,0.808333333,1
164,White,F,42,3.1,NG,0.68,0.820238095,1
165,White,M,37,3.6,NE,1.27,0.805357143,1
166,Black,M,32,2.8,NE,-1.28,0.666666667,1
167,White,M,39,3.6,NE,-0.22,0.830357143,1
168,White,M,32,2.8,NG,-1.09,0.666666667,1
169,White,F,41,3.1,NE,-0.51,0.807738095,1
170,White,M,36,3.7,NE,0.17,0.802380952,1
172,White,F,38,3.4,NE,-1.19,0.798809524,1
173,White,F,34,3.3,MS,1.02,0.739285714,1
174,White,F,38,3.6,NE,0.36,0.817857143,1
175,White,F,43,2.9,NG,0.59,0.813690476,1
176,White,M,35,3.7,NE,0.64,0.789880952,1
177,Asian,F,37,3.6,NE,-0.77,0.805357143,1
178,White,M,37,3.9,NE,1.36,0.833928571,1
179,White,F,40,3.2,NE,0.59,0.804761905,1
180,White,M,45,3.2,NE,1.57,0.867261905,1
181,White,F,39.5,3.3,NE,0.55,0.808035714,1
182,White,F,40,3.3,NE,2.15,0.814285714,1
184,White,M,38,3.4,NE,-1,0.798809524,1
185,White,F,40,3.4,NE,1.36,0.823809524,1
186,Mexican,M,32.5,2.8,NE,-0.92,0.672916667,1
187,White,F,36,3.7,NE,0.1,0.802380952,1
189,White,M,30,3.5,NE,-1.75,0.708333333,1
190,White,F,37,3.7,NE,0.74,0.814880952,1
191,Other,M,35.5,3,SE,-1.73,0.729464286,1
192,Asian,M,31,3.4,MS,-0.23,0.711309524,1
193,White,F,36,2.7,SE,-0.36,0.707142857,1
194,White,M,35,2.9,SC,1.25,0.713690476,1
195,White,M,28.5,3.2,SE,0.57,0.661011905,1
196,White,F,39,2.4,MS,0.16,0.716071429,1
197,White,M,41,3.9,SE,1.17,0.883928571,1
198,White,F,29,3.5,SE,0.2,0.695833333,1
199,White,F,36.5,3.1,SE,-0.56,0.751488095,1
200,White,F,39,3.8,MS,-0.32,0.849404762,1
201,White,F,36,3,MS,0.36,0.735714286,1
202,White,F,36,2.9,SE,-0.8,0.726190476,1
203,White,F,36,2.9,SE,0.89,0.726190476,1
204,White,F,37,2.8,SE,0.77,0.729166667,1
205,White,F,38,3.2,SE,0.48,0.779761905,1
206,White,F,31.5,3.1,SE,0.36,0.688988095,1
207,White,F,37,3.1,SE,0,0.757738095,1
208,White,F,26.7,3.3,SE,-0.41,0.648035714,1
209,Black,M,32,3.7,SE,-0.85,0.752380952,1
210,White,M,31,3,SE,0.44,0.673214286,1
211,White,M,32.7,3.1,MS,0.2,0.703988095,1
212,White,F,35,3.2,SE,-0.28,0.742261905,1
213,White,M,31,3.2,SE,2.48,0.692261905,1
214,White,F,33,3,MS,-0.4,0.698214286,1
215,White,M,33,3.1,SE,0.61,0.707738095,1
216,White,F,34.5,2.9,SE,0.52,0.707440476,1
217,White,M,39,4.1,SE,1.25,0.87797619,1
218,White,F,34,3.1,SE,-0.6,0.720238095,1
220,White,F,34,2.8,SE,1.51,0.691666667,1
221,White,M,37,2.8,MS,-0.23,0.729166667,1
223,White,M,25,3.2,SE,-0.64,0.617261905,1
224,White,F,33,2.9,SE,0.69,0.688690476,1
225,Hispanic,M,29,3.1,SE,-1.45,0.657738095,1
226,White,M,34,3,SE,-0.24,0.710714286,0
227,White,M,34,2.7,SE,1.51,0.682142857,1
228,White,M,30.5,3,SE,-1.09,0.666964286,1
229,White,M,33,3.3,SE,0.89,0.726785714,1
230,White,F,34,2.9,MS,-1.93,0.701190476,0
231,White,M,30,3.4,SE,0.73,0.698809524,1
233,White,M,38,2.4,SE,-0.2,0.703571429,1
234,White,F,32.5,3.1,SE,0.93,0.701488095,1
235,White,M,40,4,SE,1.17,0.880952381,1
236,White,M,42,4,SE,0.97,0.905952381,1
237,White,M,35,3.2,SE,0.27,0.742261905,1
238,White,M,29,3.4,SE,-0.52,0.686309524,1
239,White,F,35,2.9,SE,-0.4,0.713690476,1
241,White,M,32,3.1,MS,-1.17,0.695238095,1
242,White,F,27,2.3,SE,-1.01,0.556547619,1
243,White,M,38,3,MS,0.55,0.760714286,1
244,White,F,31,2.7,MS,-0.2,0.644642857,0
245,White,M,38,3,SE,0.15,0.760714286,1
246,White,M,28.5,3.9,SE,0.48,0.727678571,1
247,White,F,34,2.6,SE,0,0.672619048,1
248,White,M,31,3,SE,0,0.673214286,1
249,White,F,33,2.9,GL,-0.2,0.688690476,1
250,White,M,35,2.7,SE,-1.05,0.694642857,1
251,White,M,32.5,2.8,SE,0.08,0.672916667,1
252,White,M,36,2.6,SE,-0.72,0.697619048,0
253,White,F,37,3.4,MS,0.95,0.786309524,1
255,White,M,33,3.2,SE,-0.4,0.717261905,1
256,White,M,37,2.9,SE,0.24,0.738690476,1
257,White,F,25.5,2.8,SE,-0.08,0.585416667,1
258,White,F,38,2.6,SE,1.25,0.722619048,1
259,White,F,34,2.7,SE,-0.12,0.682142857,1
261,White,F,35,2.9,SE,1.94,0.713690476,1
262,White,F,29.5,2.8,SE,0.24,0.635416667,1
263,White,M,41,3,SE,0.2,0.798214286,1
265,White,F,35,3.2,SE,-1.13,0.742261905,1
266,White,F,34,2.9,SE,-2.06,0.701190476,1
267,White,F,42,2.6,SE,1.57,0.772619048,1
270,White,F,30.5,3.1,SE,0.87,0.676488095,1
271,White,F,41,2.5,SE,0.9,0.750595238,1
272,White,F,31.5,3.5,SE,0.2,0.727083333,1
273,White,M,35,3.7,SE,0.44,0.789880952,1
274,White,F,31,3.3,SE,0.85,0.701785714,1
275,White,F,39,3.1,MS,1.19,0.782738095,1
276,White,F,39,2.9,FW,0.98,0.763690476,1
277,White,M,40,2.6,SE,0.16,0.747619048,1
278,White,F,40,3.8,SE,1.85,0.861904762,1
279,White,F,33,3.2,SE,-0.24,0.717261905,1
280,White,F,32,3.3,SE,0.36,0.714285714,1
281,White,F,39,3.3,SE,0.72,0.801785714,1
282,White,M,39,2.7,SE,0.44,0.744642857,1
283,White,F,33,3.3,MS,0.24,0.726785714,1
284,White,F,38,3.7,GL,0.11,0.827380952,1
285,White,M,40,3.6,GL,-0.09,0.842857143,1
286,White,F,38,3.4,GL,-0.51,0.798809524,0
287,White,F,33,3,GL,-0.82,0.698214286,1
289,White,F,40,3.2,GL,1.73,0.804761905,1
290,Other,F,42,3.3,GL,1.22,0.839285714,1
291,Black,F,29,2.8,GL,-1.89,0.629166667,0
292,White,M,33,3.5,GL,0.05,0.745833333,1
293,White,F,40,3.4,GL,-1.06,0.823809524,1
294,White,F,36,3.1,MS,0.53,0.745238095,1
296,Black,M,25,2.8,MS,-2.22,0.579166667,0
298,White,F,39,3.6,SE,0.18,0.830357143,1
299,White,M,41,3.7,GL,0.9,0.864880952,1
300,White,M,36,3.9,GL,-0.12,0.821428571,1
301,White,F,44,3.2,GL,0.75,0.854761905,1
302,White,M,42,3.5,MS,-1.17,0.858333333,1
304,White,F,46,3.3,GL,-2.08,0.889285714,0
306,White,F,40,2.2,MS,1.04,0.70952381,1
308,White,M,41,3.8,GL,1.16,0.874404762,1
310,Other,M,41,3.4,GL,0.5,0.836309524,1
311,Other,F,32,2.8,MS,-1.13,0.666666667,0
312,White,F,37,3.4,MS,-1.02,0.786309524,1
313,White,M,40,3.5,GL,-0.12,0.833333333,1
314,White,M,36,3.7,GL,0.77,0.802380952,1
315,White,M,42,3.5,MS,0.83,0.858333333,1
316,White,F,35.5,2.9,MS,0.06,0.719940476,1
317,White,M,37,3.9,MS,0.37,0.833928571,1
318,White,M,48,2.3,GL,0.8,0.819047619,1
319,White,M,37,3.1,NE,0.14,0.757738095,1
320,White,M,35,3.9,GL,0.14,0.808928571,1
321,Asian,F,33.5,3.2,GL,0.14,0.723511905,1
323,White,M,47,3.9,Mt,-0.2,0.958928571,1
324,White,M,41,2.8,MW,0.33,0.779166667,1
325,White,M,40,3.5,GL,0.65,0.833333333,1
326,White,F,44,3.4,GL,-0.33,0.873809524,1
327,White,F,38,3,MS,-0.02,0.760714286,1
328,White,F,39,3.6,GL,0.51,0.830357143,1
330,Black,M,28,3.4,MS,-2.37,0.673809524,0
331,White,F,46,2.5,GL,-0.27,0.813095238,1
332,White,F,42,3,GL,-0.4,0.810714286,1
333,Hispanic,F,34,2.8,FW,-0.26,0.691666667,0
334,White,F,34,3.7,GL,-0.96,0.777380952,1
336,White,F,38,3.3,GL,0.39,0.789285714,1
337,White,M,33,3.9,MS,0.46,0.783928571,1
338,White,F,38,3.3,GL,-0.13,0.789285714,1
339,White,F,34,3.9,GL,-0.23,0.796428571,1
340,White,F,37,3.7,MS,0.68,0.814880952,1
341,Asian,F,40,2.8,NE,0.4,0.766666667,1
342,White,F,45,3.2,GL,0.43,0.867261905,1
343,White,F,41,3.2,GL,-0.28,0.817261905,1
345,White,F,36,3.7,GL,0.89,0.802380952,1
346,White,F,45,3.5,GL,-0.21,0.895833333,1
347,Hispanic,F,38,3.4,SE,1.02,0.798809524,1
348,White,M,44,4.1,GL,1.7,0.94047619,1
349,White,F,41,3.5,GL,-0.1,0.845833333,1
350,White,F,39.5,3.5,GL,-0.52,0.827083333,1
351,White,M,41,3.4,GL,0.24,0.836309524,1
352,White,M,44,3.6,GL,1.62,0.892857143,1
355,White,F,40.5,3.3,FW,1.95,0.820535714,1
356,White,M,42,3.6,GL,1.65,0.867857143,1
358,White,F,40,2,MS,1.2,0.69047619,1
359,White,M,45,3.4,GL,1.87,0.886309524,1
360,White,M,40,3.8,GL,0.3,0.861904762,1
361,White,M,36,3.7,GL,0.05,0.802380952,1
362,White,M,34,3.2,GL,-0.55,0.729761905,1
363,White,M,37,3.5,Mt,-1.17,0.795833333,1
364,Black,M,23,2.8,GL,-2.23,0.554166667,0
365,White,F,38,3.4,GL,-0.3,0.798809524,1
366,White,F,40,3.5,NE,-0.06,0.833333333,1
367,White,M,39,3.4,GL,0.57,0.811309524,1
368,White,F,40,3.2,GL,0.82,0.804761905,1
369,White,F,33,2.9,MS,0.19,0.688690476,1
370,White,F,38,3.8,GL,1.16,0.836904762,1
372,White,F,43,3.8,GL,1.14,0.899404762,1
373,White,M,38,3.5,NE,0.48,0.808333333,1
375,White,M,35,3.3,NE,-0.26,0.751785714,1
376,White,M,39,3.3,MS,1.16,0.801785714,1
377,White,M,40,3.8,NE,2.25,0.861904762,1
378,White,M,33,3.3,SE,0.6,0.726785714,1
379,White,F,37,3.2,MS,1.91,0.767261905,1
380,Asian,F,35,2.8,NE,0.96,0.704166667,1
381,White,F,30,2.6,NE,-0.26,0.622619048,1
382,White,M,38,3.2,NE,0.56,0.779761905,1
383,Puertorican,M,31,3.7,NE,0.8,0.739880952,1
384,White,M,40,3,MS,1.45,0.785714286,1
385,White,F,34,3.7,NE,0.43,0.777380952,1
386,White,M,42,3.9,NE,0.5,0.896428571,1
388,White,F,35.5,2.8,NE,1.78,0.710416667,1
389,White,F,32.5,2.7,MS,1.02,0.663392857,1
390,White,M,30,3,MS,-0.33,0.660714286,0
391,Hispanic,F,37,2.5,MS,0.23,0.700595238,1
392,White,M,35,3.7,NE,0,0.789880952,1
393,White,M,35,3.5,NE,0.6,0.770833333,1
395,White,M,37,3.4,NG,0.63,0.786309524,1
397,Black,F,28,2.7,NE,-0.59,0.607142857,1
398,Hispanic,M,30,2.9,SE,-0.99,0.651190476,0
399,White,M,38,3,NE,0.92,0.760714286,1
400,White,M,33,2.7,MS,-0.24,0.669642857,1
401,White,M,47,2.9,NG,0.56,0.863690476,1
403,White,F,38,2.8,NG,-0.79,0.741666667,0
404,Puertorican,F,34,2.8,NE,-0.86,0.691666667,1
405,Amerindian,M,34,3.1,NG,-0.56,0.720238095,1
406,White,F,34,3.4,NE,-0.43,0.748809524,1
407,Black,M,29,2.5,MS,-2.01,0.600595238,0
408,White,F,40,3.2,NE,-0.36,0.804761905,1
409,White,F,30,2.7,NE,0.06,0.632142857,1
410,Asian,F,26,2.5,FW,-0.5,0.563095238,0
411,White,F,33,3.8,MS,1.58,0.774404762,1
412,White,F,36,2.3,NE,1.65,0.669047619,1
413,White,F,35,2.9,MS,-0.13,0.713690476,1
415,White,M,30,2.9,NE,-0.43,0.651190476,0
416,White,F,27,2.7,NE,-0.72,0.594642857,1
417,White,F,38,3.2,MS,0.63,0.779761905,1
418,White,F,28.5,2.1,NE,-1.88,0.55625,0
419,White,M,37,3.3,NE,-0.13,0.776785714,1
420,White,F,39,2.4,NE,-0.1,0.716071429,1
421,White,F,41,2.4,MS,1.61,0.741071429,1
422,Hispanic,F,33,2.3,NE,0.99,0.631547619,1
423,White,F,45,2.6,NE,-1.05,0.810119048,0
424,White,F,33,3.4,NE,-0.03,0.736309524,1
425,Hispanic,F,27,3.6,SE,-0.1,0.680357143,1
427,White,M,40,3.7,Mt,1.75,0.852380952,1
428,White,M,36,3.1,MS,-0.43,0.745238095,1
429,White,M,36,3.2,MS,1.29,0.754761905,1
430,Asian,F,20,3.2,NE,-1.87,0.554761905,0
431,White,F,36,3.8,NE,-0.99,0.811904762,1
432,White,F,36,3.3,MS,-0.12,0.764285714,1
433,White,M,42,3.4,GL,0.99,0.848809524,1
434,White,F,40,3.6,NE,0.73,0.842857143,1
435,Puertorican,F,26,3.6,NE,-1.15,0.667857143,0
436,White,F,37,3.8,NE,0.6,0.824404762,1
437,White,F,45,3.6,NE,1.35,0.905357143,1
438,Asian,F,23,3.2,NE,-0.1,0.592261905,1
439,White,F,30.5,2.4,FW,-0.89,0.609821429,0
440,White,M,38,3,NE,-0.69,0.760714286,1
441,Black,M,25,2.5,NE,-0.89,0.550595238,1
442,White,M,35,3,MS,0.68,0.723214286,1
443,Black,M,20,3,NE,-1.02,0.535714286,0
444,Asian,M,28,2.8,MS,-1.38,0.616666667,0
445,White,F,38,3.2,GL,0.07,0.779761905,1
446,Puertorican,M,20.5,2.8,NE,-1.19,0.522916667,1
447,White,F,44,3,NE,1.45,0.835714286,1
448,White,F,29,2.9,MS,1.16,0.638690476,1
449,White,F,45,2.6,MS,-0.03,0.810119048,0
450,White,F,36,2.8,NE,-1.19,0.716666667,1
451,Black,M,21,3,NE,-1.32,0.548214286,1
452,Asian,F,28,2.2,NE,-0.79,0.55952381,1
453,White,F,35,3.3,MS,0.9,0.751785714,1
454,White,F,36,3.1,MS,-0.59,0.745238095,1
455,White,F,37,3.4,NE,0.43,0.786309524,1
456,Puertorican,M,29,3.2,NE,-0.89,0.667261905,1
458,White,F,33,3.4,FW,1.62,0.736309524,1
463,White,F,36,3.2,NE,0.27,0.754761905,1
465,White,M,42,3.4,NG,0.92,0.848809524,1
466,Asian,F,29.5,2.7,MS,-1.38,0.625892857,1
467,Asian,F,27,3.1,NE,-1.68,0.632738095,1
468,White,F,37,3.3,NE,0.03,0.776785714,1
469,Puertorican,M,22,3.3,NE,-0.76,0.589285714,1
470,White,M,33,3.3,NE,0.2,0.726785714,1
471,Other,F,27,3.3,NE,-0.03,0.651785714,0
472,Asian,F,28,3.3,NE,-1.32,0.664285714,1
475,White,M,35,3.1,MS,-0.14,0.732738095,1
476,White,F,28,3.7,Mt,0,0.702380952,1
477,Asian,F,34,2.6,NE,-0.3,0.672619048,1
478,White,M,22.5,3.3,NE,-1.45,0.595535714,0
479,White,F,41,3.6,FW,0.05,0.855357143,1
480,Mexican,F,33,3.1,FW,-0.24,0.707738095,1
481,White,F,40,3,FW,-0.1,0.785714286,1
482,White,F,40.5,3.5,FW,0.58,0.839583333,1
483,White,M,40,3.7,FW,-0.43,0.852380952,1
484,Black,M,28,3.3,FW,1.37,0.664285714,0
485,White,M,41,2.4,MS,-0.59,0.741071429,1
486,White,F,47,2.8,FW,-0.14,0.854166667,1
487,White,F,38,2.5,FW,-1.69,0.713095238,0
489,White,M,26.3,3.4,FW,-1.73,0.652559524,0
490,White,M,43,3.3,FW,0.87,0.851785714,1
491,White,M,34,3.4,NG,-1.36,0.748809524,1
492,White,F,40,3.6,FW,-0.08,0.842857143,1
493,White,M,37,3.4,FW,-0.51,0.786309524,1
494,White,F,35,2.8,Mt,-0.96,0.704166667,1
495,Asian,M,44,3.7,FW,0.34,0.902380952,1
496,White,F,38,2.4,MS,1.38,0.703571429,1
497,White,F,44,3.6,FW,1.88,0.892857143,1
498,Other,M,32,3.9,FW,0.13,0.771428571,1
499,White,F,43,4,Mt,0.87,0.918452381,1
500,White,M,42,3.4,FW,0.67,0.848809524,1
501,White,F,46,3,FW,0.27,0.860714286,1
502,White,M,43,3.5,FW,0.58,0.870833333,1
503,White,F,43,3,FW,0.54,0.823214286,1
504,White,F,41,3.7,FW,0.75,0.864880952,1
505,White,M,42,3.9,FW,-1.21,0.896428571,1
506,White,F,28,2.8,MS,-0.76,0.616666667,1
507,Amerindian,F,27.5,3.5,FW,-1.54,0.677083333,0
508,White,F,46,3.3,FW,-0.76,0.889285714,1
509,White,F,45,3.5,FW,0.87,0.895833333,1
510,White,F,42,3.7,FW,1.92,0.877380952,1
511,White,F,42,3.6,Mt,0.81,0.867857143,1
512,White,M,45,3.2,FW,-0.16,0.867261905,1
513,White,M,42,3.5,FW,0.71,0.858333333,1
514,Asian,M,45,3.4,FW,-1.25,0.886309524,1
515,White,F,44,3.4,FW,-0.33,0.873809524,1
516,White,M,41,3.5,FW,-1.25,0.845833333,0
517,White,F,41,3.6,NG,2.05,0.855357143,1
519,Hispanic,M,35,3.6,FW,-1.36,0.780357143,1
520,Black,F,34,2.7,FW,-1.56,0.682142857,0
521,Black,M,32,2.7,NE,0.71,0.657142857,1
522,White,M,47,3,FW,0.71,0.873214286,1
523,White,F,44,3.4,FW,0.81,0.873809524,1
524,Hispanic,F,42.5,2.3,FW,-1.25,0.750297619,1
525,White,M,39.5,3,FW,-1.32,0.779464286,0
526,White,M,41,3.5,FW,1.84,0.845833333,1
527,White,F,29.5,2.9,MS,-0.33,0.644940476,1
528,White,F,45,3.6,FW,0.34,0.905357143,1
529,Asian,F,33,3.9,FW,-0.41,0.783928571,1
530,Mexican,F,35,2.5,FW,0.19,0.675595238,1
531,White,F,43,3.7,FW,-0.26,0.889880952,0
532,White,F,44,3.2,FW,1.08,0.854761905,1
533,White,F,46,3,FW,-1.27,0.860714286,0
534,White,M,39,3.6,FW,-1.73,0.830357143,0
535,White,M,43,3.3,FW,1.82,0.851785714,1
536,White,M,42,3.6,NE,1.39,0.867857143,1
537,White,M,48,3.7,GL,1.26,0.952380952,1
538,White,F,33,2.5,MS,-0.32,0.650595238,1
539,White,M,40,3.8,FW,-0.18,0.861904762,1
540,White,M,38.5,3.4,FW,-0.74,0.805059524,1
541,White,M,40,3.6,FW,0.09,0.842857143,1
542,Asian,M,44,3,FW,-0.9,0.835714286,1
543,White,M,41,3.6,FW,-0.06,0.855357143,1
544,Asian,M,43,3.3,FW,-0.16,0.851785714,0
545,Asian,F,47,3.4,FW,1.22,0.911309524,1
546,White,F,43,3.4,FW,0.56,0.861309524,1
547,White,M,42,3.6,FW,1.45,0.867857143,1
548,White,F,38,3.9,FW,0.6,0.846428571,1
549,White,M,35.5,2.5,MS,-0.24,0.681845238,1
551,White,M,37,3.7,FW,1.04,0.814880952,1
552,White,M,42,3.5,FW,0.69,0.858333333,1
553,Hispanic,M,46,3.1,FW,-0.57,0.870238095,1
554,White,F,42,3.6,FW,-0.92,0.867857143,1
555,White,F,45,3.3,FW,0.6,0.876785714,1
556,Other,M,40,3.7,FW,-0.66,0.852380952,1
557,Other,M,38,3.6,FW,-0.22,0.817857143,1
558,White,F,42,3.1,FW,-0.41,0.820238095,1
559,White,F,43,3.2,FW,-1.07,0.842261905,1
560,White,F,31,2.6,MS,-0.43,0.635119048,0
561,Asian,M,42,3.7,FW,1.22,0.877380952,1
562,White,F,39,3.7,FW,-1.5,0.839880952,0
563,White,F,47,3.1,FW,1.32,0.882738095,1
565,White,M,41,3.8,FW,-0.51,0.874404762,1
566,White,F,33,3.6,FW,-0.99,0.755357143,1
567,White,M,42,3.4,FW,-0.08,0.848809524,1
568,White,M,46,3.3,FW,1.04,0.889285714,1
569,White,F,32.3,3.3,MS,-0.71,0.718035714,1
570,White,M,37,3.5,FW,-1.69,0.795833333,0
571,Asian,M,41,3.6,NE,0.85,0.855357143,1
573,White,M,39,3.9,FW,-0.35,0.858928571,1
574,White,F,42,3.4,FW,-0.16,0.848809524,1
575,Black,F,28.5,2.4,FW,-1.54,0.584821429,0
576,White,F,44,3.6,FW,0.77,0.892857143,1
577,White,F,40,3.6,FW,0.67,0.842857143,1
578,Hispanic,F,37,2.5,FW,-1.67,0.700595238,0
579,White,F,39,3.7,FW,1.37,0.839880952,1
580,White,M,28.5,2.6,MS,-0.95,0.603869048,1
581,White,F,44,3.2,FW,-1.69,0.854761905,0
582,White,F,40,3.4,FW,0.69,0.823809524,1
583,White,M,46,3,FW,0.95,0.860714286,1
584,White,M,42,3.7,FW,1.14,0.877380952,1
585,White,F,40,3.7,FW,-0.22,0.852380952,1
586,White,M,41,3.6,FW,0.36,0.855357143,1
587,White,M,46,3.5,FW,2.11,0.908333333,1
589,Black,F,42,2.5,FW,-0.59,0.763095238,1
591,White,F,37,3,MS,1.72,0.748214286,1
594,White,F,39,2.9,MS,1.67,0.763690476,1
595,White,M,31,2.5,MS,0.02,0.625595238,1
597,White,M,36,2.9,MS,-0.78,0.726190476,1
599,White,M,32.5,3.3,FW,0.56,0.720535714,1
600,White,F,35,2.3,MS,0.95,0.656547619,1
601,White,F,41,2.9,MS,0.74,0.788690476,1
602,White,F,30.3,2.9,MS,-0.59,0.654940476,1
603,White,F,37,3.2,MS,-0.32,0.767261905,1
604,White,F,36,3.8,FW,0.99,0.811904762,1
606,White,F,36,3.1,MS,-0.37,0.745238095,1
607,White,F,39,2.9,MS,0.49,0.763690476,1
609,White,M,29.3,3.2,MS,-0.88,0.671011905,1
610,White,M,35,3.2,MS,-0.86,0.742261905,1
611,White,M,33.5,3.3,MS,0.03,0.733035714,1
613,White,F,34,3.4,MS,-0.94,0.748809524,1
615,White,M,38,2.8,SE,-0.58,0.741666667,1
616,White,F,37,2.5,MS,0.14,0.700595238,1
617,White,M,34.3,2.8,MS,-0.55,0.695416667,1
618,White,M,41,2.8,MS,0.66,0.779166667,1
620,White,F,26,3.5,MS,0.72,0.658333333,1
622,White,M,36,2.9,MS,-0.48,0.726190476,1
623,White,F,34,2.8,MS,-0.16,0.691666667,1
624,White,F,38,2.7,MS,1.15,0.732142857,1
625,White,F,38,2.6,MS,-0.78,0.722619048,1
626,White,F,35,2.9,MS,0.22,0.713690476,1
628,White,M,35,3.5,MS,1.08,0.770833333,1
631,White,M,46,2.7,MS,0.8,0.832142857,1
632,White,M,35,3,MS,0.53,0.723214286,1
633,White,F,33,2.1,MS,-0.62,0.6125,1
634,White,F,35,3.2,MS,0.92,0.742261905,1
635,White,M,28,3.3,MS,0.37,0.664285714,1
637,White,F,36,2.9,MS,0.28,0.726190476,1
638,White,M,35,2.9,MS,0.09,0.713690476,1
639,White,M,32,3.8,MS,-0.39,0.761904762,1
640,White,M,32,2.9,MS,0.68,0.676190476,1
641,White,F,40,3.3,MS,0.34,0.814285714,1
642,White,M,31,3.9,MS,0.14,0.758928571,1
643,White,F,35,3.6,MS,-0.33,0.780357143,1
644,White,M,32,3.1,MS,-0.9,0.695238095,1
646,Black,M,29,2.5,MS,-0.25,0.600595238,0
647,White,F,35,2.8,SC,-1.24,0.704166667,0
648,White,M,40,3.4,Mt,1.86,0.823809524,1
649,Black,M,34,3.3,NE,1.75,0.739285714,1
650,Black,F,27,3.5,NE,-0.93,0.670833333,1
651,Black,M,30,3.3,NE,0.29,0.689285714,1
653,Black,F,31,2.2,NE,0.21,0.59702381,0
654,Black,M,23.3,2.7,MS,-1.56,0.548392857,0
655,Asian,F,30.7,1.9,NE,-0.02,0.564702381,0
656,Black,M,29,3.2,NE,1.12,0.667261905,1
657,Black,M,33,2.3,MS,0.16,0.631547619,1
658,Asian,M,29,2.7,NE,0.16,0.619642857,0
659,Black,M,39,3.2,MS,1.03,0.792261905,1
660,Black,M,32.5,2.6,MS,1.94,0.653869048,1
662,Black,F,32,2.9,SE,-0.57,0.676190476,0
663,Black,F,31,3.1,NW,0.62,0.682738095,1
664,White,F,37,3,NG,-0.04,0.748214286,1
665,White,M,30.5,3,MS,0.77,0.666964286,1
666,Black,M,27,2.8,SE,-1.06,0.604166667,0
667,Black,F,36,2.6,NE,0.41,0.697619048,1
668,Black,F,29,2.1,NE,-0.56,0.5625,1
669,White,M,36,3.3,MS,0.55,0.764285714,1
670,Asian,M,30,2.8,MS,0.05,0.641666667,0
672,Black,M,32.5,2.1,NE,0.76,0.60625,1
674,White,F,23.5,3.6,MS,0.69,0.636607143,1
675,Black,M,31,2.9,NE,-0.9,0.663690476,0
676,Black,M,31,3.1,FW,-0.62,0.682738095,1
680,Black,F,30,2.7,NE,1.14,0.632142857,1
681,Black,F,31,2.9,GL,-1.69,0.663690476,0
682,Black,F,29,2.7,MS,-1.03,0.619642857,0
683,Black,F,28,2.8,NE,-0.09,0.616666667,1
684,White,F,40,1.7,NE,0.52,0.661904762,1
685,Hispanic,M,29,3.6,NE,-0.58,0.705357143,0
686,Hispanic,F,29,2.5,NE,0.56,0.600595238,1
687,Black,M,34,3.3,NE,-1.24,0.739285714,1
688,Black,F,30,3.4,NE,0.71,0.698809524,1
689,Black,M,28.5,2.2,FW,-0.31,0.56577381,0
690,Black,M,36,2.2,MS,-0.55,0.65952381,0
691,Black,F,31,2.8,GL,0.02,0.654166667,1
693,Black,M,31,2.2,NE,-0.48,0.59702381,0
695,White,F,35,2.3,NG,1.69,0.656547619,1
696,Black,M,35,3.2,MS,0.78,0.742261905,1
700,Black,M,34,3.2,NE,0.97,0.729761905,1
701,Asian,F,30,2.8,NE,-0.69,0.641666667,0
703,Black,M,32,3.4,MS,0.1,0.723809524,1
704,White,M,37,2.7,NG,-0.64,0.719642857,1
705,White,F,34.5,1.9,MS,-0.93,0.612202381,1
706,White,F,36,2.7,MS,0.78,0.707142857,1
708,Black,M,26,3.6,NE,0.03,0.667857143,0
710,Black,M,34,3.1,NG,-0.35,0.720238095,1
711,White,F,28,3.9,MS,0.6,0.721428571,1
712,Black,M,26,2.9,NE,-0.14,0.601190476,1
713,Black,M,26.5,2.8,NG,-2.14,0.597916667,0
714,Black,F,37,1.9,MS,-0.96,0.643452381,0
715,Black,M,32,2.1,NE,-0.62,0.6,1
717,Black,M,20,2.7,MS,-0.93,0.507142857,0
718,White,F,31.5,2.4,SE,-0.06,0.622321429,0
719,Black,M,33,3.7,SE,-0.55,0.764880952,1
720,White,M,35,2.7,MS,-0.28,0.694642857,1
722,Black,F,31.5,2,NE,-0.68,0.58422619,1
724,Black,F,23.3,3.5,NE,0.21,0.624583333,1
725,Black,M,29,2.7,NG,-0.04,0.619642857,1
726,Black,F,32,2.2,NE,-0.91,0.60952381,0
727,White,F,39,2.5,MS,1.4,0.725595238,1
728,Black,M,33,2.2,NE,-1.41,0.62202381,1
729,White,M,33,3,NE,-0.72,0.698214286,0
730,Asian,M,31,2.7,GL,0.14,0.644642857,0
731,Black,M,29.5,2.4,NE,-0.17,0.597321429,1
732,Black,M,30,2.6,SC,0.89,0.622619048,0
733,Black,M,28,2.7,NE,-0.02,0.607142857,1
734,Black,F,29,2.6,SE,-1.18,0.610119048,0
735,White,M,30.3,2.5,SE,-0.43,0.616845238,1
736,Black,F,32,2.6,MS,-0.8,0.647619048,1
738,Black,F,26,3.1,FW,-0.05,0.620238095,0
740,Black,F,32,3,FW,1.22,0.685714286,1
741,Black,M,32,3.4,MS,-1.68,0.723809524,0
743,Black,M,39,2.2,MS,1.72,0.69702381,1
744,Black,M,29,2.6,GL,-1.36,0.610119048,1
745,Black,M,30,3.6,NE,-0.02,0.717857143,1
746,Black,M,36.5,2.9,NE,1.59,0.732440476,1
748,Black,M,24,2.7,MS,0.57,0.557142857,1
749,Black,F,32,3.5,NE,0.59,0.733333333,1
750,Black,M,35,2.3,NE,0.46,0.656547619,1
753,Black,M,39,3.4,SE,1.61,0.811309524,1
754,Other,M,25,3.6,SE,1.73,0.655357143,1
755,Black,M,32,3,NE,0.46,0.685714286,1
756,Black,M,34,2.9,NE,-0.36,0.701190476,1
758,Black,M,28,3,FW,1.09,0.635714286,0
759,Black,M,35,2.7,NE,-0.21,0.694642857,1
760,Asian,M,26.5,3.1,FW,-0.21,0.626488095,0
761,White,M,32,3,MS,0.88,0.685714286,1
762,Black,F,30,3.3,SE,1.39,0.689285714,1
763,Black,M,28,3.1,MS,2.23,0.645238095,1
764,Black,M,23.5,3.6,MS,-0.52,0.636607143,0
765,Black,F,39,2.9,MS,2.6,0.763690476,1
766,White,F,40,3.6,MS,0.24,0.842857143,1
768,Black,F,32,2.6,NE,1.44,0.647619048,1
769,White,M,35,2.8,MS,2.36,0.704166667,1
770,Black,M,30,2.5,Mt,0.18,0.613095238,1
771,Black,M,33,2.9,NE,0.44,0.688690476,1
772,Black,F,23,3.5,SE,0.8,0.620833333,1
773,Black,F,29,2.6,NE,-0.61,0.610119048,1
776,Black,M,32,2.7,NE,-1.04,0.657142857,1
777,White,M,35,3,MS,0.05,0.723214286,0
778,Black,F,27.5,2.4,NE,-0.45,0.572321429,1
780,Black,F,41,2.1,NE,0.71,0.7125,1
782,Black,F,30,2.5,NE,-0.69,0.613095238,1
783,Black,M,29,2.4,SE,0.49,0.591071429,1
784,Black,F,34,3.1,MS,1.52,0.720238095,1
786,Black,M,32,3.2,MS,1.14,0.704761905,1
787,Black,M,26,3,NE,1.49,0.610714286,1
788,Black,M,30,3.4,SE,-2.6,0.698809524,0
789,White,F,40,3.7,NE,-0.39,0.852380952,1
790,White,M,46,4,SC,1.12,0.955952381,1
791,White,F,44.5,3.6,GL,0.57,0.899107143,1
792,Black,F,33,3.3,GL,-0.82,0.726785714,1
793,White,F,47,3.7,NE,1.22,0.939880952,1
794,Black,F,35.5,3.6,MS,-0.75,0.786607143,1
795,White,F,45,3.1,MS,-0.82,0.857738095,1
796,White,F,41,3.2,MS,-1.21,0.817261905,1
797,White,M,42,4,MS,0.37,0.905952381,1
798,White,M,46,3.7,MS,1.55,0.927380952,1
799,White,M,46,2.6,MS,1.22,0.822619048,1
800,White,F,45,3.4,MS,-1.27,0.886309524,1
801,White,F,45,3.6,NG,1.59,0.905357143,1
802,White,M,48,3.6,SE,0.93,0.942857143,1
803,White,M,41,3.7,MS,0.19,0.864880952,1
804,White,M,41,3.6,MS,-0.46,0.855357143,1
805,White,M,45,3.6,MS,1.83,0.905357143,1
807,White,F,46,3.6,SC,0.87,0.917857143,1
808,White,F,45,3.8,MS,-1.31,0.924404762,0
809,White,F,45,3.4,SE,-2.96,0.886309524,1
810,White,M,43,3.8,Mt,-0.33,0.899404762,1
811,Other,M,41,3.4,NE,0.3,0.836309524,1
812,White,M,43,3.5,NE,-0.53,0.870833333,1
813,White,F,41,3.5,MW,-0.65,0.845833333,1
814,White,F,44,3.2,NG,2.33,0.854761905,1
815,Black,F,34,3.2,SC,-1.48,0.729761905,0
816,White,F,47,3.5,MS,0.62,0.920833333,1
817,Hispanic,F,45,3.9,MS,0.09,0.933928571,1
818,White,M,39,3.9,MS,0.23,0.858928571,1
819,White,M,45,3.7,FW,-1.47,0.914880952,0
820,White,F,34,3.6,NG,0.98,0.767857143,1
821,White,F,45,3.5,Mt,-1.14,0.895833333,1
822,White,F,39,3.8,MS,-0.27,0.849404762,1
825,White,F,42,3.6,NE,-0.54,0.867857143,1
826,White,M,39.5,3.6,NE,-0.09,0.836607143,1
827,Other,F,29.5,3.8,GL,-0.72,0.730654762,1
828,Black,M,28,3.1,MS,-1.24,0.645238095,1
829,White,F,42,3.1,NE,-0.57,0.820238095,1
830,Black,M,29,2.6,NG,-1.1,0.610119048,0
831,White,F,42,3.6,MS,-0.33,0.867857143,1
832,White,M,44,3.6,MS,-0.55,0.892857143,1
833,White,F,42,3.8,GL,0.28,0.886904762,1
834,White,M,40,3.3,NE,-0.78,0.814285714,1
835,White,M,42,3.6,NE,0.27,0.867857143,1
836,Black,M,34,3.7,NE,-1.87,0.777380952,1
837,White,M,44,3.6,NG,0.1,0.892857143,1
838,Black,M,24,3.9,MS,-1.21,0.671428571,1
839,Black,F,38,3.4,NE,-2.64,0.798809524,1
840,Black,M,36,3.5,NE,-0.91,0.783333333,1
842,White,M,46,3.6,GL,1.5,0.917857143,1
843,White,F,42,3,NE,-0.76,0.810714286,1
844,Hispanic,F,48,3.1,NE,0.99,0.895238095,1
845,Hispanic,M,41,3.7,FW,-0.94,0.864880952,0
846,White,F,37,3.6,NG,0.32,0.805357143,1
847,White,F,37,3.7,FW,-0.19,0.814880952,1
848,White,F,43,3.7,GL,-0.85,0.889880952,1
850,White,F,44,3.2,NG,-1.08,0.854761905,1
851,White,F,45,2.9,GL,0.52,0.838690476,1
852,White,M,41,3.2,NG,0.13,0.817261905,1
853,White,F,39,3.7,NE,0.38,0.839880952,1
854,White,F,41,3.9,NE,0.61,0.883928571,1
855,Asian,M,40.5,3.5,NE,-0.47,0.839583333,1
856,Hispanic,M,41,3.5,SE,-1.08,0.845833333,1
857,White,F,44,3.9,NE,0.54,0.921428571,1
858,White,F,45,3.2,NE,-0.15,0.867261905,1
859,White,M,39.5,3.7,NG,-0.72,0.846130952,1
860,White,F,42.5,3.7,NE,0.07,0.883630952,1
861,White,F,42,3.6,NE,-0.16,0.867857143,1
862,White,M,39,3.4,NE,0.1,0.811309524,1
863,White,M,44,3.2,NE,0.99,0.854761905,1
864,White,F,43,3.7,GL,0.77,0.889880952,1
865,White,F,44,3.7,NE,0.77,0.902380952,1
866,White,F,42,3.1,NG,-0.22,0.820238095,1
867,White,M,42,3.7,NE,-0.03,0.877380952,1
868,White,M,40.5,3.6,FW,0.45,0.849107143,1
869,White,F,42,3.8,NE,0.51,0.886904762,1
870,White,M,46,3.5,GL,-0.31,0.908333333,1
871,White,F,42,3.5,NE,0.2,0.858333333,1
872,White,M,44,3.8,NE,1.08,0.911904762,1
873,White,F,46,3.3,NE,1.72,0.889285714,1
874,White,M,46,3.4,GL,1.5,0.898809524,1
875,White,F,46,3.5,NE,0.51,0.908333333,1
876,White,F,41,3.8,FW,-1.36,0.874404762,1
877,White,M,44,3.7,NE,0.22,0.902380952,1
878,White,F,41,3.3,NE,-0.25,0.826785714,1
879,White,M,41,3.1,NE,-1.3,0.807738095,1
880,White,M,48,3.4,NG,1.44,0.923809524,1
881,Asian,F,41,3.4,FW,-0.92,0.836309524,1
882,Asian,M,37.5,3.6,FW,-0.82,0.811607143,1
883,White,M,48,3.7,NE,2.42,0.952380952,1
884,White,M,35,3.5,GL,-0.12,0.770833333,1
885,White,F,43,3.6,MS,0.93,0.880357143,1
886,White,M,40,3.9,NE,-0.12,0.871428571,0
887,White,F,44,3.2,GL,1.66,0.854761905,1
888,White,F,43,3.5,Mt,-0.6,0.870833333,1
889,White,M,44,3.4,MS,1.53,0.873809524,1
890,Mexican,M,31,3.4,GL,-1.65,0.711309524,1
891,White,F,41,3.7,FW,-1.84,0.864880952,0
892,White,M,41,3.4,NE,0.54,0.836309524,1
893,White,M,38,3.6,NE,0.26,0.817857143,1
894,White,F,42,3.6,NE,1.34,0.867857143,1
895,White,F,46,3.5,NE,0,0.908333333,1
896,Hispanic,M,40,3.9,NE,-0.63,0.871428571,1
897,White,F,37.7,3.4,NG,0.25,0.795059524,1
898,White,F,40,3.8,NE,0.48,0.861904762,1
899,White,M,40,3.7,NG,-0.16,0.852380952,1
900,White,F,42,3.9,Mt,-0.63,0.896428571,1
901,Puertorican,M,44,3.5,NE,0.67,0.883333333,1
902,White,F,41,3.4,NE,0.41,0.836309524,1
903,White,M,42,3.3,NE,-0.15,0.839285714,1
904,White,M,42,3.6,NG,1.63,0.867857143,1
905,Asian,M,41,3.7,NE,0.1,0.864880952,1
906,White,F,42,3.3,NE,1.18,0.839285714,1
907,White,M,42,3.5,GL,0.48,0.858333333,1
909,White,M,41,3.7,NE,0.04,0.864880952,1
911,White,F,46,3.1,NG,1.98,0.870238095,1
912,Asian,M,43,3.4,MS,-0.02,0.861309524,1
913,White,F,32.5,3.1,MS,-2.06,0.701488095,0
914,White,F,40,3.7,NE,-0.25,0.852380952,1
916,Asian,F,39,3.9,NE,-0.15,0.858928571,1
917,Asian,F,42,3.6,FW,1.69,0.867857143,1
918,White,M,38.5,3.6,NG,0.74,0.824107143,1
919,Asian,M,43,3.6,NE,0.86,0.880357143,1
920,White,F,39,3.5,NE,1.4,0.820833333,1
921,White,F,44,3.1,NG,0.93,0.845238095,1
922,White,F,41,3.4,NE,-0.6,0.836309524,1
923,White,M,43,3.4,NE,-0.6,0.861309524,1
924,White,M,41,3.6,NE,-1.71,0.855357143,1
925,White,F,44,3.3,MS,0.01,0.864285714,1
926,White,F,45,3.6,NE,0.9,0.905357143,1
927,White,F,41,3.6,NG,-0.22,0.855357143,1
928,White,F,41,3,NE,1.34,0.798214286,1
929,Mexican,F,32,3.3,NE,-1.01,0.714285714,0
930,White,M,40,3.8,NE,0.55,0.861904762,1
931,White,F,47,3.5,NE,-0.6,0.920833333,1
933,White,F,36,2.8,NE,-1.07,0.716666667,1
936,White,F,32,3.3,GL,-0.4,0.714285714,1
938,White,F,39,2.8,GL,-0.49,0.754166667,1
939,White,F,29.5,3.4,NE,0.92,0.692559524,1
940,Asian,F,37,3,FW,0.53,0.748214286,0
941,White,M,35,3.6,NE,1.78,0.780357143,1
943,White,F,29,3.3,GL,0.58,0.676785714,1
945,White,M,39,2.4,GL,-0.47,0.716071429,1
946,White,F,31,3.4,NE,0.46,0.711309524,1
948,White,M,39,3.7,GL,1.74,0.839880952,1
949,White,M,32,3.4,GL,-1.21,0.723809524,1
950,White,F,37,2.9,GL,-0.66,0.738690476,1
951,White,F,30,3.4,NE,-1.07,0.698809524,1
952,White,F,38,2.7,GL,-1.07,0.732142857,1
953,White,M,35,3.6,GL,-0.24,0.780357143,1
954,White,F,34.5,2.5,GL,0.74,0.669345238,1
955,White,F,38,2.5,GL,-0.91,0.713095238,1
957,Black,F,17.5,3.6,GL,-1.54,0.561607143,1
958,White,F,37,3,GL,0.51,0.748214286,1
959,White,M,43,4,GL,1.51,0.918452381,1
960,White,F,36,3.1,SE,0.51,0.745238095,1
961,White,F,36,2.3,NE,-0.21,0.669047619,1
962,White,F,41,2.5,GL,1.34,0.750595238,1
963,White,F,26,2.6,GL,0.2,0.572619048,1
964,White,F,39,2.8,GL,-0.05,0.754166667,1
965,Asian,M,36,3.4,GL,-0.63,0.773809524,1
966,White,F,37,2.6,GL,-1.24,0.710119048,1
967,White,F,36,2.6,GL,1.6,0.697619048,1
968,White,F,39,3.2,GL,-1.19,0.792261905,1
969,White,F,37,3.3,GL,0.78,0.776785714,1
970,White,F,39,2.7,NE,-1.03,0.744642857,1
971,White,M,33.5,3.4,GL,-0.54,0.742559524,1
972,White,F,36,3.2,GL,1.11,0.754761905,1
973,White,M,40,3.8,GL,1.71,0.861904762,1
974,White,M,40,3.8,GL,1.11,0.861904762,1
975,White,F,28,3.3,SE,-0.4,0.664285714,0
976,White,M,37,2.4,GL,0.34,0.691071429,1
977,White,F,35,3.1,MS,-0.49,0.732738095,0
978,White,M,35.5,2.1,NE,0.06,0.64375,1
982,White,F,38,3.3,GL,-0.73,0.789285714,1
983,White,F,36,3.2,NE,-0.47,0.754761905,1
986,White,F,28,3.3,MS,-0.91,0.664285714,1
987,White,M,36,2.9,GL,-0.91,0.726190476,1
989,White,M,37,2.6,GL,-0.75,0.710119048,1
992,White,M,36,2.6,NE,-0.52,0.697619048,0
993,White,M,34.5,3.3,GL,-0.82,0.745535714,1
995,White,F,36,3,GL,-0.33,0.735714286,1
996,White,M,35,3.7,GL,-0.49,0.789880952,1
997,White,F,38,3.3,GL,0.18,0.789285714,1
998,White,F,34.5,2.7,GL,0.39,0.688392857,1
999,White,F,38,3,GL,-0.08,0.760714286,1
1000,White,M,37,4,NE,1.88,0.843452381,1
1001,White,F,36,2.9,NE,-0.63,0.726190476,1
1003,White,M,39,3.7,GL,0.78,0.839880952,1
1004,White,M,41,3.6,GL,1.41,0.855357143,1
1005,White,F,37,2.6,GL,0.06,0.710119048,1
1006,White,F,42,2.6,Mt,0.53,0.772619048,1
1007,White,F,36,2.7,GL,-0.17,0.707142857,1
1008,White,F,39,3.5,NE,0.46,0.820833333,1
1009,White,M,35,3.4,NE,0.99,0.761309524,1
1010,White,F,31,3.8,NE,0.53,0.749404762,1
1011,White,M,33.5,3.5,GL,0.5,0.752083333,1
1012,White,F,43,2.7,NE,-0.13,0.794642857,1
1013,White,M,23,3,NE,-0.92,0.573214286,1
1014,White,F,38,3.3,NE,0.43,0.789285714,1
1015,Asian,F,29,2.9,MW,-0.56,0.638690476,1
1016,White,F,41,2.7,NE,-1.32,0.769642857,0
1017,Asian,F,35,2.6,MS,-0.49,0.685119048,1
1018,White,F,29.5,3.5,NE,-0.03,0.702083333,1
1019,Hispanic,F,36,2.8,NE,-1.98,0.716666667,1
1020,White,F,33,3.5,NE,-1.15,0.745833333,1
1021,Black,F,28.5,3,NE,-1.35,0.641964286,0
1022,White,F,40,3,NE,0.56,0.785714286,1
1023,White,M,39,3,NE,-0.53,0.773214286,1
1025,White,F,41,2.9,GL,0.37,0.788690476,1
1026,Asian,F,31,3.2,NE,0.4,0.692261905,1
1027,Black,F,29,2.6,GL,-0.86,0.610119048,1
1028,White,M,33,3.5,NE,0,0.745833333,1
1029,White,F,31,2.4,NE,-0.72,0.616071429,0
1030,White,F,37,3.3,NG,0.96,0.776785714,1
1031,White,F,33,3.4,NG,-0.56,0.736309524,1
1033,White,F,34,3.6,NE,0.13,0.767857143,1
1034,White,F,38,2.8,NE,1.32,0.741666667,1
1035,White,F,34,3.7,MS,0.6,0.777380952,0
1036,White,F,39,3.2,SE,0.56,0.792261905,1
1037,White,M,34,3.4,NE,-0.86,0.748809524,0
1038,White,M,37,2.9,NE,0.92,0.738690476,1
1039,Other,M,35,2.8,NG,-1.55,0.704166667,1
1040,Asian,M,37,3,Mt,0.56,0.748214286,1
1041,White,F,43,3.7,NE,2.11,0.889880952,1
1042,White,M,36,3.1,GL,0.46,0.745238095,1
1043,White,M,35,3.6,SE,0.33,0.780357143,1
1044,White,M,41,3.3,NE,-0.13,0.826785714,1
1045,White,F,38,3.3,Mt,1.32,0.789285714,1
1047,White,M,36,3.8,MS,-0.06,0.811904762,1
1048,Hispanic,F,37,3.3,NE,1.78,0.776785714,1
1049,Hispanic,M,32,3.1,NE,-1.38,0.695238095,1
1050,Asian,M,40,2.9,NE,-0.43,0.776190476,1
1051,White,F,37,3,NG,0.4,0.748214286,1
1052,White,F,42,3.2,Mt,-0.46,0.829761905,1
1053,White,M,39,2.8,NE,1.42,0.754166667,1
1054,White,F,37,3.3,NE,0.6,0.776785714,0
1055,White,F,37,2.6,GL,1.69,0.710119048,1
1056,White,M,34,3.4,MS,0.79,0.748809524,1
1058,White,F,37,3.5,NE,1.95,0.795833333,1
1059,White,F,36,3.4,NE,0.07,0.773809524,1
1060,White,F,38,3.6,NE,0.4,0.817857143,1
1062,Asian,F,39,2.5,NG,0.79,0.725595238,1
1063,White,F,38.5,3.3,NE,1.35,0.795535714,1
1064,Black,F,20.5,2.2,NE,-2.09,0.46577381,1
1065,Other,F,30,3.5,NE,0.33,0.708333333,1
1066,White,M,35,3.5,NE,0.07,0.770833333,1
1067,White,M,30,2.8,MS,0.2,0.641666667,1
1068,White,F,41,2.8,NE,0.56,0.779166667,1
1070,White,M,38,3.1,NE,0.3,0.770238095,1
1071,Black,M,32,3.3,NE,-1.19,0.714285714,0
1072,White,F,38.5,3.5,NE,0.69,0.814583333,1
1073,White,F,36,3.5,NE,-0.16,0.783333333,0
1075,Black,M,38,3.2,NE,0.79,0.779761905,1
1076,White,F,34,2.6,NE,1.05,0.672619048,1
1078,White,F,34,3.5,MS,-0.66,0.758333333,1
1079,Puertorican,M,32,2.5,SE,0.53,0.638095238,1
1080,White,F,40,3.1,NE,1.19,0.795238095,1
1081,White,F,44,3.1,SE,-0.43,0.845238095,1
1082,White,F,33,2.8,NE,-1.32,0.679166667,1
1083,White,F,36,3.1,NG,1.62,0.745238095,1
1084,White,M,37,3.6,NE,1.62,0.805357143,1
1085,White,F,36,3.5,NE,-1.81,0.783333333,1
1087,White,M,33,3.1,NE,0.07,0.707738095,1
1088,Hispanic,M,26,3.6,NE,-1.05,0.667857143,1
1089,White,F,38,2.9,NE,0.99,0.751190476,1
1090,White,M,36,3.1,NG,-0.49,0.745238095,1
1091,Asian,M,31,3.4,SC,-0.53,0.711309524,1
1092,White,M,30,3.6,NG,-0.16,0.717857143,1
1093,White,M,35,2.8,NE,0.15,0.704166667,1
1094,White,F,38,3.6,NE,0.55,0.817857143,1
1095,White,M,38,3.1,GL,0.25,0.770238095,1
1097,White,F,43,3,GL,0.83,0.823214286,1
1100,White,F,41,3.4,GL,-0.74,0.836309524,1
1101,White,F,36,3.2,GL,-0.7,0.754761905,1
1104,White,M,35,3.2,GL,0.29,0.742261905,1
1105,Puertorican,F,35,3.2,GL,-0.1,0.742261905,1
1106,White,M,41,3,GL,1.22,0.798214286,1
1108,White,M,36,3.2,GL,-1.63,0.754761905,1
1109,White,F,40,3.3,GL,1.27,0.814285714,1
1110,Asian,F,32,3.3,GL,-0.17,0.714285714,1
1111,White,M,35,3.6,GL,1.33,0.780357143,1
1112,White,F,39,3.6,GL,-0.49,0.830357143,1
1114,White,F,38,3.2,GL,0.45,0.779761905,1
1115,White,F,36,3.4,GL,0.97,0.773809524,1
1116,White,F,38,3.1,GL,-0.94,0.770238095,1
1117,White,F,40,3.5,GL,0.54,0.833333333,1
1118,White,M,35,3,NE,-1.59,0.723214286,1
1119,White,F,38,2.8,GL,-1.45,0.741666667,1
1120,White,M,40,3.2,GL,0.08,0.804761905,1
1121,White,F,35,3.9,GL,1.47,0.808928571,1
1122,White,M,36,3.5,GL,-0.98,0.783333333,1
1126,White,F,35,3.7,GL,-0.79,0.789880952,0
1127,White,F,44,2.8,GL,-0.07,0.816666667,1
1130,White,F,40,2.8,GL,0.41,0.766666667,1
1131,White,F,41,3.2,GL,1.04,0.817261905,1
1133,White,M,37,3.4,MS,0.19,0.786309524,1
1134,White,F,36,3.2,GL,-0.05,0.754761905,1
1135,White,M,37,3.2,NE,-0.23,0.767261905,1
1136,White,M,43,3.7,GL,0.88,0.889880952,1
1137,White,M,36,3.7,GL,-0.13,0.802380952,1
1138,White,M,37,3.8,GL,-0.88,0.824404762,0
1139,White,F,37,3.6,GL,1.49,0.805357143,1
1140,White,M,37,3.3,GL,-0.6,0.776785714,1
1141,White,F,38,3.3,GL,-0.46,0.789285714,1
1143,White,M,37,3.3,GL,-1.24,0.776785714,1
1144,White,M,38,3.6,GL,1.36,0.817857143,1
1145,White,F,36,3.2,GL,0.26,0.754761905,1
1146,White,F,37,3.4,GL,0.16,0.786309524,1
1148,White,F,39,2.8,GL,1.04,0.754166667,1
1149,White,M,38,3.1,NE,0.51,0.770238095,1
1150,Hispanic,M,35,3.3,GL,0.01,0.751785714,1
1151,White,F,36,3.6,GL,0.94,0.792857143,1
1152,White,F,40,2.9,GL,1.36,0.776190476,1
1153,White,F,39,3.5,GL,1.61,0.820833333,1
1154,White,F,41,3,GL,1.66,0.798214286,1
1155,White,F,35,3.2,GL,-0.17,0.742261905,1
1157,White,F,38,3.5,GL,0.58,0.808333333,1
1158,White,M,35.5,3.3,GL,-0.28,0.758035714,1
1159,White,F,38,3.2,GL,0.08,0.779761905,1
1160,White,M,39,3.2,GL,-0.52,0.792261905,1
1161,White,F,36,3.1,GL,-0.85,0.745238095,1
1162,White,M,36,3.6,GL,1.58,0.792857143,1
1163,White,M,38,3.5,GL,0.17,0.808333333,1
1164,White,F,38,2.9,GL,0.65,0.751190476,1
1165,White,M,37,3.2,GL,0.65,0.767261905,1
1168,Asian,M,37,3.5,GL,-1.91,0.795833333,1
1169,White,F,36,3.7,GL,-0.24,0.802380952,1
1171,White,F,39,3.5,GL,1.2,0.820833333,1
1172,White,F,36,3.2,GL,-1.56,0.754761905,1
1173,White,M,35,3.7,GL,0.58,0.789880952,1
1174,White,F,38,3.1,GL,-0.1,0.770238095,1
1175,White,M,34,3.4,GL,0.37,0.748809524,1
1176,White,M,36,3.5,GL,-1.07,0.783333333,1
1177,White,M,35,3.7,GL,0.72,0.789880952,1
1178,White,F,34,3.5,GL,0.05,0.758333333,1
1179,White,M,37,3.4,GL,-0.1,0.786309524,1
1180,White,M,38,3.4,GL,1.88,0.798809524,1
1181,White,M,37,3,FW,0.51,0.748214286,0
1182,White,M,42,3.2,GL,1.43,0.829761905,1
1183,White,F,35,3.5,GL,0.97,0.770833333,1
1185,White,M,37,3.1,GL,1.33,0.757738095,1
1186,White,M,35,3.9,GL,2.08,0.808928571,1
1187,White,F,34,3.7,GL,-0.85,0.777380952,1
1188,White,M,36,4,GL,-0.6,0.830952381,1
1189,White,M,42,3,GL,-0.59,0.810714286,1
1190,Asian,F,34,3.6,GL,0.94,0.767857143,1
1191,White,F,41,2.9,GL,-0.2,0.788690476,1
1192,White,M,36,3.2,GL,-0.33,0.754761905,1
1193,White,F,39,3.2,GL,0.05,0.792261905,1
1194,White,F,35,3.5,GL,0.12,0.770833333,1
1195,White,M,39,3.4,GL,0.19,0.811309524,1
1196,White,F,36,3.5,GL,-0.24,0.783333333,1
1197,Asian,F,39,3.1,GL,-0.03,0.782738095,1
1198,White,M,39,3.5,GL,1.11,0.820833333,1
1199,White,M,35,3.3,GL,-0.52,0.751785714,1
1200,White,F,36,3.3,SE,0.72,0.764285714,1
1201,White,F,35,3.5,GL,0.19,0.770833333,1
1203,White,F,35.5,3.7,NW,1.03,0.796130952,1
1204,White,M,33.5,3.7,NW,-1.07,0.771130952,1
1206,White,F,34.5,3.2,NW,0.62,0.736011905,1
1207,White,M,35,2.9,FW,-1.24,0.713690476,1
1208,White,M,36,3.6,FW,2.1,0.792857143,1
1209,White,F,37,3,NW,-0.29,0.748214286,1
1211,White,F,41,2.8,NW,0.2,0.779166667,1
1212,White,F,36,3.4,FW,0.22,0.773809524,1
1213,White,F,38,2.5,NW,0.24,0.713095238,1
1215,Asian,F,28,3.5,FW,-0.33,0.683333333,0
1217,White,M,37,2.7,FW,-1.4,0.719642857,0
1219,White,F,34,3.8,NW,0.8,0.786904762,1
1220,White,M,37,3.2,NW,-0.83,0.767261905,1
1221,White,M,37,4,NW,-0.13,0.843452381,1
1223,White,F,41,2.5,NW,1.15,0.750595238,1
1224,Asian,F,35,3.2,NW,-0.46,0.742261905,1
1225,White,M,34.5,3.3,Mt,-0.02,0.745535714,1
1226,White,M,40,3.3,NW,0.51,0.814285714,1
1227,White,M,36,2.9,NW,-1.38,0.726190476,0
1228,White,M,37,3.5,NW,2.33,0.795833333,1
1229,White,F,42,2.6,FW,0.49,0.772619048,1
1230,White,F,38,3.9,NW,1.93,0.846428571,1
1231,White,F,36,3.2,NW,-0.02,0.754761905,1
1232,White,F,36,3.4,NW,0.04,0.773809524,1
1233,White,M,37,3.4,NW,1.09,0.786309524,1
1234,White,F,36,2.9,NW,-0.89,0.726190476,1
1235,White,F,36,3,FW,-1.4,0.735714286,0
1236,White,F,35,3.3,NW,0.41,0.751785714,1
1237,White,M,32,3.6,FW,-0.41,0.742857143,0
1238,White,F,35,3.2,FW,-0.89,0.742261905,1
1240,White,F,36,3,NW,-1.11,0.735714286,0
1241,Other,M,36,3.1,NW,1.61,0.745238095,1
1242,White,M,36,2.8,NW,1.03,0.716666667,1
1243,White,F,37,3.5,FW,0.64,0.795833333,1
1244,White,F,34,3.5,NW,0.51,0.758333333,1
1245,Asian,F,34,3.4,FW,0.66,0.748809524,1
1246,Asian,M,31,2.9,FW,0.14,0.663690476,1
1247,White,M,42,3.9,FW,-0.56,0.896428571,1
1248,White,M,35,3.4,FW,0.51,0.761309524,1
1249,White,M,39,3.4,NW,2.24,0.811309524,1
1250,White,F,37,3,NW,-0.35,0.748214286,1
1251,White,F,34.3,2.6,MS,-0.58,0.676369048,0
1252,White,F,37,2.4,NW,0.43,0.691071429,1
1253,White,F,43,3.4,NW,0.57,0.861309524,1
1256,White,F,36,2.8,FW,-0.35,0.716666667,1
1257,White,F,39,2.8,NW,1.83,0.754166667,1
1258,White,M,38,3.7,FW,0.95,0.827380952,1
1259,Asian,M,29,3.4,FW,0.2,0.686309524,1
1260,White,M,35,2.9,NW,-0.02,0.713690476,1
1261,White,M,31.5,3.5,FW,2.1,0.727083333,1
1262,White,M,34,3.5,NW,0.84,0.758333333,1
1264,White,F,37,3.4,NW,0.2,0.786309524,1
1265,White,F,35,3.1,NW,0.33,0.732738095,1
1267,White,F,42,2.6,NW,1.13,0.772619048,1
1268,White,M,37,3.5,FW,0.74,0.795833333,1
1269,White,M,33,3.6,FW,1.11,0.755357143,1
1270,White,F,35,3.5,NW,1.48,0.770833333,1
1272,Amerindian,F,38,2.2,NW,0.57,0.68452381,1
1273,White,M,36,3.3,Mt,-0.76,0.764285714,1
1274,White,M,38,3.6,NW,0.25,0.817857143,1
1275,White,F,30,3.6,NW,-0.79,0.717857143,1
1276,White,F,36,3.7,GL,0.91,0.802380952,1
1277,White,M,33.5,3.7,GL,0.5,0.771130952,1
1278,White,M,36,3.6,GL,0.84,0.792857143,1
1279,White,M,25,3.5,GL,0.57,0.645833333,1
1280,White,F,40,2.9,GL,-0.68,0.776190476,1
1282,White,F,36,3.7,GL,-1.28,0.802380952,1
1283,Mexican,M,26,2.8,GL,-1.26,0.591666667,1
1284,White,M,34,3.2,GL,-0.18,0.729761905,1
1286,White,F,36,3.8,GL,0.03,0.811904762,1
1287,White,M,31.5,3.4,GL,0.47,0.717559524,1
1288,White,M,39,2.6,GL,0.68,0.735119048,1
1289,White,M,27,3,GL,-1.07,0.623214286,1
1291,White,F,47,2.6,GL,0.78,0.835119048,1
1292,White,M,30,3.8,GL,1.54,0.736904762,1
1293,Asian,F,39,2.6,GL,0.7,0.735119048,1
1294,White,F,42,3,GL,0.57,0.810714286,1
1295,White,M,37,3.8,GL,-1.18,0.824404762,1
1296,White,M,27.5,3.6,GL,-0.18,0.686607143,1
1297,White,M,34,3.7,GL,-0.63,0.777380952,1
1298,White,M,39,3.1,GL,-0.55,0.782738095,1
1299,White,M,35,3,GL,0.18,0.723214286,1
1300,Amerindian,F,34,3.8,GL,0.78,0.786904762,1
1301,Mexican,F,25,2.6,GL,-0.08,0.560119048,1
1302,White,M,41,3.2,GL,-0.08,0.817261905,1
1306,White,M,39,3,GL,0.86,0.773214286,1
1307,White,M,39,3.1,GL,1.44,0.782738095,1
1308,White,M,34,3,GL,0.39,0.710714286,1
1309,White,F,28,3.1,GL,-0.29,0.645238095,1
1310,White,F,37,3.2,GL,-0.92,0.767261905,1
1311,White,F,37,3.6,GL,1.54,0.805357143,1
1313,White,M,30.5,3.4,GL,0.39,0.705059524,1
1314,White,M,34,3.3,GL,1.18,0.739285714,1
1315,White,F,34,3.4,GL,0.05,0.748809524,1
1316,White,M,25,2.9,GL,-1.46,0.588690476,1
1317,White,F,31.5,2.9,GL,-0.03,0.669940476,1
1318,White,M,37,3.8,GL,0.05,0.824404762,1
1319,White,M,33,3.7,GL,0.1,0.764880952,1
1320,White,M,36,3.1,GL,0.84,0.745238095,1
1321,White,M,32,3.2,Mt,0.16,0.704761905,1
1322,White,F,43,3.5,GL,1.67,0.870833333,1
1323,White,M,35,3.9,GL,-0.18,0.808928571,1
1325,White,M,34.5,3,GL,-0.03,0.716964286,1
1327,White,M,39,2.9,GL,-1.75,0.763690476,1
1328,White,M,27.5,2.7,GL,0,0.600892857,0
1329,White,F,41,3.3,GL,0.05,0.826785714,1
1330,White,F,38,3.2,GL,0.26,0.779761905,1
1331,White,M,35,3.8,GL,2.06,0.799404762,1
1332,White,F,40,2.5,GL,-0.81,0.738095238,0
1333,White,M,31,3,GL,-0.03,0.673214286,1
1335,White,F,27,3.2,GL,-0.37,0.642261905,1
1336,White,M,40,3.8,NE,-0.54,0.861904762,1
1337,White,M,36,2.9,Mt,-0.95,0.726190476,0
1338,White,F,39,3.1,Mt,-0.38,0.782738095,1
1339,White,F,40,3.4,Mt,0.12,0.823809524,1
1341,White,M,37,3.7,Mt,-0.59,0.814880952,1
1342,White,M,43,3.1,Mt,0.42,0.832738095,1
1343,White,F,38,3.2,Mt,1.28,0.779761905,1
1344,White,F,34,3.4,Mt,-0.47,0.748809524,1
1346,White,F,42,3.2,Mt,0.02,0.829761905,1
1347,White,F,39,3.3,Mt,0.58,0.801785714,1
1348,White,F,39,3.3,Mt,0.12,0.801785714,1
1349,Mexican,M,36,3.3,Mt,0.98,0.764285714,1
1350,White,M,39,3.8,Mt,1.3,0.849404762,1
1351,White,F,46,3.1,Mt,0.82,0.870238095,1
1352,White,F,37,3.8,Mt,0.51,0.824404762,1
1353,White,F,40,3.3,Mt,-0.98,0.814285714,1
1354,White,F,40,3,Mt,0.3,0.785714286,1
1355,Hispanic,F,28,2.8,Mt,-1.05,0.616666667,1
1356,Mexican,F,32,3,Mt,-0.81,0.685714286,0
1357,White,F,44,3.1,Mt,0.36,0.845238095,1
1358,Asian,M,32,2.6,FW,-1.03,0.647619048,0
1359,Asian,F,39,3.8,Mt,-0.68,0.849404762,0
1360,White,M,33,3.8,Mt,0.27,0.774404762,1
1361,Mexican,F,36,3.1,Mt,-0.79,0.745238095,1
1362,White,F,38,3.4,Mt,0.89,0.798809524,1
1363,White,M,36,3.5,Mt,0.3,0.783333333,1
1364,White,F,36,3.4,Mt,-0.6,0.773809524,1
1365,White,F,37,3.8,Mt,0.75,0.824404762,1
1366,White,F,37,3.4,SE,0.06,0.786309524,1
1367,White,F,40,2.8,Mt,0.7,0.766666667,1
1368,White,F,39,2.6,Mt,0.07,0.735119048,1
1369,White,F,41,3.5,Mt,0.86,0.845833333,1
1370,White,F,35,4,Mt,0.89,0.818452381,1
1371,White,F,28,3,FW,-0.65,0.635714286,1
1372,White,M,37,3.5,Mt,0.09,0.795833333,1
1373,White,M,39,3.7,Mt,1.44,0.839880952,1
1376,White,F,40,3.4,Mt,1.37,0.823809524,1
1377,White,F,37,3.9,Mt,0.81,0.833928571,1
1378,White,M,41,3.7,Mt,0.95,0.864880952,1
1379,Amerindian,M,28,3.1,FW,-0.5,0.645238095,1
1381,White,M,39,4,Mt,-0.41,0.868452381,1
1382,White,F,42,3.5,Mt,1.23,0.858333333,1
1385,White,M,38,3.6,Mt,1.73,0.817857143,1
1386,White,M,42,3,Mt,0.45,0.810714286,1
1387,White,M,41,3.1,Mt,0.12,0.807738095,1
1389,Asian,M,26,3.3,Mt,-1.35,0.639285714,0
1391,White,M,41,3.5,Mt,-0.8,0.845833333,1
1393,White,F,39,3.6,Mt,-0.16,0.830357143,1
1394,White,F,28,3.9,Mt,0.81,0.721428571,1
1397,White,F,34,3.8,Mt,1.99,0.786904762,1
1398,White,M,41,3.3,Mt,-1.04,0.826785714,1
1399,White,M,37,3.3,Mt,0.35,0.776785714,1
1400,White,M,40,3.9,Mt,0.94,0.871428571,1
1401,White,M,34,4,Mt,-0.58,0.805952381,1
1402,White,F,47,3.1,Mt,-0.41,0.882738095,1
1403,Hispanic,F,29,3.8,Mt,-0.62,0.724404762,1
1405,Hispanic,F,33,3.1,Mt,-0.55,0.707738095,1
1406,Mexican,M,31,2.9,Mt,-1.17,0.663690476,1
1409,Amerindian,M,30,2.4,Mt,-1.82,0.603571429,0
1410,White,F,43,2.5,Mt,0.33,0.775595238,1
1412,White,M,42,3.7,Mt,0.64,0.877380952,1
1413,White,F,39,3.1,NW,-0.35,0.782738095,1
1415,White,F,37,3.3,Mt,2.15,0.776785714,1
1416,White,M,35,4,Mt,0.4,0.818452381,1
1417,Asian,M,34,3.5,FW,0.64,0.758333333,1
1419,White,M,41,3.1,Mt,1.66,0.807738095,1
1420,White,M,40,4,Mt,-0.35,0.880952381,1
1422,White,F,39,3.8,Mt,-0.12,0.849404762,1
1423,Black,M,28,2.4,Mt,-1.08,0.578571429,1
1424,Black,M,29,2.5,SE,0.17,0.600595238,1
1425,Black,F,24,3.3,Mt,-0.74,0.614285714,0
1426,White,F,40,2.9,Mt,-0.28,0.776190476,1
1427,White,F,37,3.6,Mt,0.03,0.805357143,1
1428,White,M,40,3.6,Mt,2.02,0.842857143,1
1429,White,M,46,3.3,Mt,0.3,0.889285714,1
1430,White,F,37,3.4,Mt,-0.17,0.786309524,1
1431,White,M,43,3.7,Mt,1.56,0.889880952,1
1432,White,M,34,3.6,Mt,-0.53,0.767857143,1
1433,White,F,28,3.7,GL,-0.66,0.702380952,1
1434,Black,M,30,3.2,GL,-1.23,0.679761905,1
1435,White,M,36,3.7,GL,0.85,0.802380952,1
1438,White,M,41,3.5,Mt,-0.2,0.845833333,1
1439,White,M,38,3.4,GL,-0.15,0.798809524,1
1440,White,F,36,3.6,Mt,-1.62,0.792857143,0
1441,White,F,42,3.5,GL,1.23,0.858333333,1
1442,Black,F,31,2.2,GL,0.05,0.59702381,1
1443,White,F,40,3.7,GL,1.31,0.852380952,1
1444,White,F,42,3.1,MW,-0.75,0.820238095,1
1445,White,M,38,3.4,GL,-0.66,0.798809524,1
1446,White,M,42,3.3,GL,1.39,0.839285714,1
1447,White,F,42,3,GL,-1.53,0.810714286,0
1448,White,F,37,3.3,GL,1.14,0.776785714,1
1449,White,M,38,3.6,GL,0.22,0.817857143,1
1450,White,M,32.5,3.4,GL,0.33,0.730059524,1
1451,White,F,38,3,GL,-0.75,0.760714286,1
1452,Mexican,F,26.5,2.9,GL,-1.43,0.607440476,1
1454,White,F,41,3.4,NE,2.17,0.836309524,1
1455,Hispanic,M,33,3.1,NG,-0.81,0.707738095,0
1456,White,M,43,3.6,GL,0.84,0.880357143,1
1457,White,F,46,2.7,NG,0.19,0.832142857,1
1458,White,F,40,2.7,GL,0.11,0.757142857,1
1460,White,F,41,3.4,MW,0.75,0.836309524,1
1461,White,M,26,3.5,SC,-0.24,0.658333333,0
1463,White,M,37,3.6,GL,1.06,0.805357143,1
1464,Black,M,26,2.4,MS,-2.42,0.553571429,0
1465,White,F,36.3,3.6,GL,0.38,0.796607143,1
1467,White,M,42,4,GL,1.67,0.905952381,1
1468,Other,M,37,3.6,MS,-0.41,0.805357143,0
1469,Black,F,32,3.1,GL,-0.59,0.695238095,1
1470,White,F,39,3.3,GL,0.83,0.801785714,1
1471,Hispanic,F,35,2.9,GL,-1.56,0.713690476,1
1473,White,F,37,3.7,GL,0.31,0.814880952,1
1474,White,M,42,2.9,GL,-0.7,0.801190476,1
1475,White,M,41,3,GL,0.04,0.798214286,1
1476,White,F,41,2.8,NE,-0.01,0.779166667,1
1477,White,F,47,3.8,GL,1.06,0.949404762,1
1479,White,M,38,3.1,GL,-0.76,0.770238095,1
1481,White,F,39,3.5,Mt,-0.81,0.820833333,1
1483,White,F,41,3.5,GL,0.97,0.845833333,1
1484,White,M,40.5,3.5,NE,1.33,0.839583333,1
1486,White,F,36,3.4,GL,-1.03,0.773809524,1
1487,White,M,39,3.4,GL,-0.53,0.811309524,1
1488,White,F,39.5,3.3,GL,1.25,0.808035714,1
1490,White,F,40,3.5,GL,1.39,0.833333333,1
1491,White,F,37,3.7,Mt,1.07,0.814880952,1
1492,White,M,39,3.1,GL,-0.18,0.782738095,1
1493,Asian,F,37,3.4,GL,0.16,0.786309524,1
1495,White,M,38,3.8,GL,0.73,0.836904762,1
1496,White,M,37,3.6,GL,0.52,0.805357143,1
1497,White,F,39,3.4,GL,-1.1,0.811309524,1
1498,White,F,34.5,3.5,GL,1.89,0.764583333,1
1499,White,F,37,3.7,GL,0.4,0.814880952,1
1501,White,F,34,3.8,Mt,-0.06,0.786904762,1
1502,White,F,39,3.6,GL,1.31,0.830357143,1
1503,White,F,38,3.7,GL,-0.8,0.827380952,1
1504,White,F,42,3.2,GL,0.08,0.829761905,1
1505,White,F,36,3.1,GL,1.09,0.745238095,1
1506,White,F,36,3.3,FW,-0.43,0.764285714,0
1507,Black,M,24,2.6,GL,-2.07,0.547619048,0
1508,White,F,39,3.3,GL,0.53,0.801785714,1
1509,White,F,31,3.8,GL,-1.9,0.749404762,0
1510,White,M,35.5,3.1,Mt,-0.48,0.738988095,1
1511,Other,M,37,3.5,GL,1.38,0.795833333,1
1512,White,F,45,3.2,GL,-0.06,0.867261905,1
1513,White,F,37,2.7,MW,-0.39,0.719642857,1
1514,Hispanic,M,35,3.4,SE,-0.72,0.761309524,1
1516,White,F,42,3.2,GL,-0.06,0.829761905,1
1517,White,F,36,3.9,GL,0.9,0.821428571,1
1518,White,F,36,3.9,GL,0.32,0.821428571,1
1519,White,F,39,3.4,GL,1.21,0.811309524,1
1520,White,F,40,3,GL,-1.53,0.785714286,0
1521,White,F,36,3,GL,-0.5,0.735714286,1
1522,White,F,38,3.3,GL,-0.45,0.789285714,1
1524,White,M,39,3.3,GL,-0.31,0.801785714,1
1526,White,F,41,3.5,GL,1.66,0.845833333,1
1527,White,M,31.5,3.4,GL,0.33,0.717559524,1
1528,White,F,37,3.7,GL,0.67,0.814880952,1
1529,White,F,43,3.4,GL,0.08,0.861309524,1
1530,White,F,44,3.2,GL,0.62,0.854761905,1
1531,White,M,43,3.1,GL,0.41,0.832738095,1
1532,White,M,40,3.7,GL,-0.05,0.852380952,0
1534,White,F,45,3.2,GL,0.11,0.867261905,1
1535,White,F,37,3.6,GL,0.14,0.805357143,1
1536,White,F,39,3.5,GL,1.5,0.820833333,1
1537,White,M,40,3.6,GL,-0.33,0.842857143,1
1538,White,F,46,3,NG,-0.21,0.860714286,1
1539,White,F,41,3.6,NE,0.42,0.855357143,1
1540,White,M,42,3.5,MS,0.13,0.858333333,1
1541,Black,F,33,3.7,NE,-0.22,0.764880952,1
1542,White,F,44,3.2,NE,0.31,0.854761905,1
1543,Black,F,33,3.6,NG,-1.68,0.755357143,1
1544,White,F,45,3.3,NG,0.29,0.876785714,1
1545,Other,F,32,3.2,NE,-0.79,0.704761905,1
1546,Hispanic,M,42,3.8,NE,0.74,0.886904762,1
1549,Asian,F,38,3,NE,-0.56,0.760714286,1
1550,White,M,42,3.6,NE,-0.22,0.867857143,1
1551,White,F,41,3.9,SE,-0.72,0.883928571,1
1552,White,M,36,3.1,NE,-1.04,0.745238095,1
1554,White,F,42,3.7,NG,-0.35,0.877380952,1
1555,White,F,39,3.8,Mt,-0.31,0.849404762,1
1556,White,F,46,3.2,FW,-0.35,0.879761905,1
1557,White,M,37,3.6,NG,-0.57,0.805357143,1
1558,White,F,44,3.3,NE,0.67,0.864285714,1
1559,White,F,43,3.8,Mt,-0.22,0.899404762,1
1560,White,M,41,3.8,SE,0.04,0.874404762,1
1561,Amerindian,F,43,2.6,MS,0.19,0.785119048,1
1562,White,F,43,3.6,FW,0,0.880357143,1
1563,Puertorican,F,30,3.8,NE,-1.07,0.736904762,1
1565,Other,M,31,3.6,NE,-2.12,0.730357143,1
1566,White,M,43,3.6,NE,2.45,0.880357143,1
1567,White,M,39,3.6,FW,-1.33,0.830357143,0
1568,White,F,30,3.5,NE,-1.08,0.708333333,1
1570,White,F,44,3.4,NE,-0.28,0.873809524,1
1571,Black,M,39,2.9,NE,-1.2,0.763690476,1
1572,White,F,42,3.6,NE,0.67,0.867857143,1
1573,White,F,43,3.4,NG,1.37,0.861309524,1
1574,Black,M,33,3,NE,-3.14,0.698214286,0
1575,Mexican,F,31,3.1,FW,-1.99,0.682738095,1
1576,White,M,41,3.5,NG,-0.28,0.845833333,1
1577,Asian,F,42,3.7,NE,0.29,0.877380952,1
1578,Puertorican,M,36,3,NE,-2.15,0.735714286,1
1579,White,F,48,3.3,NE,-0.72,0.914285714,1
1580,White,F,41,3.2,FW,-0.16,0.817261905,0
1582,White,M,46,3.2,Mt,0.19,0.879761905,1
1583,White,M,41,3.6,SE,-0.34,0.855357143,1
1585,White,M,44,3.3,NG,0.42,0.864285714,1
1586,Asian,M,38,3.7,FW,-0.38,0.827380952,0
1587,Asian,F,39,3.5,NE,1.5,0.820833333,1
1588,White,M,43,3.5,GL,0.64,0.870833333,1
1589,Asian,M,39,3.4,NG,-0.56,0.811309524,1
1590,White,M,46,4,GL,1.38,0.955952381,1
1591,White,M,48,3.2,NE,0.58,0.904761905,1
1592,White,F,42,3.7,GL,0.61,0.877380952,1
1593,White,F,42,3.7,NE,-0.34,0.877380952,1
1594,White,F,43,3.6,NE,1.91,0.880357143,1
1595,Black,F,28,3,NE,-1.77,0.635714286,1
1596,White,F,42,3.8,NE,0.48,0.886904762,1
1597,Hispanic,F,42,3.4,NE,-1.04,0.848809524,1
1599,White,F,43,3.7,MS,0.48,0.889880952,1
1600,White,F,42,3.4,NG,0.61,0.848809524,1
1601,White,M,40,3.3,FW,0.58,0.814285714,1
1602,White,F,43,3.7,MS,-0.6,0.889880952,1
1603,White,F,42,3.7,NG,2.2,0.877380952,1
1604,White,F,44,3.5,MS,-0.95,0.883333333,0
1605,White,F,47,2.7,NE,0.84,0.844642857,1
1606,Black,M,41,2.4,NE,-1.65,0.741071429,0
1607,White,M,44,3.2,NE,-0.31,0.854761905,1
1608,White,M,42,3.5,NE,0.23,0.858333333,1
1609,Hispanic,M,44,3.4,NE,0.58,0.873809524,1
1610,White,F,40,3.6,NE,1.25,0.842857143,1
1611,White,M,41,3.4,NE,-0.85,0.836309524,1
1613,White,F,44,3.7,NE,1.47,0.902380952,1
1614,White,F,36,3.4,GL,-0.39,0.773809524,1
1615,Black,F,17.5,3.6,SC,-1.28,0.561607143,1
1616,Black,F,19.5,2.6,GL,-1.96,0.491369048,0
1617,White,F,33,3.3,GL,0.65,0.726785714,1
1618,White,M,30,3.8,GL,1.18,0.736904762,1
1619,White,M,32,3,GL,0.68,0.685714286,1
1621,White,M,33,3.9,GL,0.65,0.783928571,0
1623,White,M,40,2.8,GL,0.73,0.766666667,1
1624,White,M,33,3.8,GL,-1.54,0.774404762,0
1625,White,M,40,3.4,GL,0.36,0.823809524,0
1626,White,M,32,2.8,GL,0.39,0.666666667,1
1627,White,M,34.5,3.4,GL,1.96,0.755059524,1
1628,White,F,41,3,GL,-0.39,0.798214286,1
1629,White,F,36.5,3.6,GL,1.36,0.799107143,1
1630,Puertorican,M,36,3.5,GL,0.57,0.783333333,1
1631,White,M,38,3.2,GL,0.84,0.779761905,1
1632,White,M,36,3.8,GL,2.33,0.811904762,1
1633,White,M,34,3.4,Mt,-0.86,0.748809524,1
1634,White,F,37,3.9,GL,1.02,0.833928571,1
1635,White,F,37,3.3,GL,0.84,0.776785714,1
1636,White,F,37,2.7,GL,-1.07,0.719642857,1
1637,White,M,31,3.1,GL,0.05,0.682738095,1
1638,White,F,48,2.4,GL,0.57,0.828571429,1
1639,White,M,30,3.6,GL,0.31,0.717857143,1
1640,White,M,36,3.6,GL,1.54,0.792857143,1
1641,Black,M,24,3.6,GL,-2.22,0.642857143,0
1642,White,F,34,3.1,GL,0.5,0.720238095,1
1643,White,F,27,3.3,GL,-0.03,0.651785714,1
1644,White,F,41,3.2,GL,-0.92,0.817261905,1
1645,White,F,41,3,GL,0.84,0.798214286,1
1646,White,M,26.5,3,GL,0.39,0.616964286,0
1648,White,M,35,3.4,GL,-0.08,0.761309524,1
1649,White,F,40,3,GL,0.47,0.785714286,1
1651,White,F,40,3,GL,-0.47,0.785714286,1
1652,White,M,37,2.9,GL,-0.03,0.738690476,1
1653,White,F,35,3.2,GL,-0.21,0.742261905,1
1654,White,M,21,2.9,GL,-1.26,0.538690476,1
1655,White,F,38,3.1,GL,-0.03,0.770238095,1
1656,White,M,43,2.8,GL,0.84,0.804166667,1
1657,White,M,31,3.6,Mt,-0.21,0.730357143,1
1658,White,M,29.5,3.5,NG,0.39,0.702083333,1
1659,White,M,32.5,2.7,GL,0.78,0.663392857,1
1660,White,M,36,2.9,GL,-0.08,0.726190476,0
1661,Black,F,26,2.1,GL,-1.28,0.525,0
1662,White,F,23,2.8,GL,-0.58,0.554166667,0
1663,White,F,37,3.5,GL,1.96,0.795833333,1
1664,White,F,35,2.3,GL,-0.92,0.656547619,1
1667,White,M,37,3,GL,0.44,0.748214286,1
1668,White,M,35,2.3,GL,0.57,0.656547619,1
1669,White,M,36,2.9,GL,0.36,0.726190476,1
1670,White,F,35,3.2,GL,1.1,0.742261905,1
1671,Mexican,F,21,2.9,GL,-1.07,0.538690476,1
1673,White,F,45,2.8,GL,0.76,0.829166667,1
1674,White,M,31,3.7,GL,-0.03,0.739880952,1
1675,White,F,38,3.2,GL,1.8,0.779761905,1
1676,White,F,29.5,3.2,GL,-1.28,0.673511905,1
1677,White,F,44,3,GL,1.1,0.835714286,1
1678,White,F,33,3.3,GL,0.5,0.726785714,1
1679,Mexican,M,26,3.1,GL,-1.15,0.620238095,1
1682,White,F,45,3.7,GL,0.47,0.914880952,1
1683,White,M,36,3.4,GL,-0.84,0.773809524,1
1684,White,F,37,3.3,GL,0.57,0.776785714,1
1686,White,M,36,3.1,GL,0.5,0.745238095,1
1688,White,F,37,3.3,GL,-1.07,0.776785714,1
1689,White,M,30.5,3.3,MW,-1.52,0.695535714,1
1690,White,M,37,3.4,GL,0.84,0.786309524,1
1691,White,F,29,3.5,FW,0.05,0.695833333,1
1692,White,M,40,3.2,GL,1.83,0.804761905,1
1694,White,F,35,3.4,GL,-0.63,0.761309524,1
1695,Asian,F,42,3,GL,1.02,0.810714286,1
1696,White,F,45,3.2,GL,0.78,0.867261905,1
1698,White,F,47,3.2,GL,1.82,0.892261905,1
1700,White,F,37,3.5,GL,0.26,0.795833333,1
1701,White,F,41,3.6,SC,-0.03,0.855357143,1
1702,White,F,48,2.7,GL,-0.55,0.857142857,1
1703,White,M,35,3.6,GL,-0.67,0.780357143,1
1704,White,M,41,3.8,GL,1.44,0.874404762,1
1705,White,F,42,3.4,GL,0.52,0.848809524,1
1706,Black,M,32,2.8,GL,0.14,0.666666667,1
1707,Black,F,28,3.7,SE,-2.35,0.702380952,0
1708,White,F,45,3.5,GL,-0.38,0.895833333,1
1709,White,M,45,3.4,GL,-0.03,0.886309524,1
1710,White,M,40,3.9,GL,-1.35,0.871428571,1
1711,White,M,42,3.1,GL,0.21,0.820238095,1
1712,Black,F,27,3.7,GL,-1.17,0.689880952,1
1713,White,M,41,3.5,GL,0.52,0.845833333,1
1714,White,M,45,3.1,GL,0.35,0.857738095,1
1715,Black,M,34.5,2.6,GL,0.14,0.678869048,1
1716,White,F,42,3.9,GL,0.09,0.896428571,1
1717,White,F,47,3.5,GL,-0.62,0.920833333,1
1718,White,F,44,3.4,GL,-0.41,0.873809524,1
1719,White,F,43,3.5,GL,0.61,0.870833333,1
1720,White,M,41,3.4,GL,-0.55,0.836309524,1
1721,White,F,41,3.7,GL,-1.14,0.864880952,1
1722,White,M,44,2.9,GL,1.59,0.826190476,1
1723,Black,M,25.5,2.5,MS,-1.76,0.556845238,0
1724,White,M,40,4,GL,0.3,0.880952381,1
1725,Puertorican,F,41,3.2,GL,-1.17,0.817261905,1
1726,White,F,43,3.3,MW,0.09,0.851785714,1
1727,White,F,39,3.5,GL,0.95,0.820833333,1
1728,White,F,43,3.6,GL,0.35,0.880357143,1
1729,White,M,42,3.6,GL,1.44,0.867857143,1
1730,White,M,41,3.5,GL,0.35,0.845833333,1
1731,White,M,40,3.7,MW,-0.88,0.852380952,1
1732,Mexican,M,34,3.4,SE,-0.71,0.748809524,1
1733,White,M,36,3.6,GL,-0.62,0.792857143,1
1736,White,F,45,3.2,GL,0.19,0.867261905,1
1737,White,F,44,3.1,GL,0.09,0.845238095,1
1739,Black,M,31,3.1,MS,-0.93,0.682738095,1
1740,White,M,39,3.5,GL,0.95,0.820833333,1
1741,White,F,40,3.6,NE,-0.45,0.842857143,1
1742,White,F,44,3.2,GL,0.3,0.854761905,1
1743,White,F,39,3.8,GL,-0.38,0.849404762,1
1744,White,M,41,3.5,GL,-1.64,0.845833333,1
1745,White,F,41,3.6,GL,-0.57,0.855357143,1
1746,White,F,40,3.6,GL,-0.41,0.842857143,1
1748,White,F,43,3.2,GL,-0.83,0.842261905,1
1749,White,M,41,3.3,GL,-1.81,0.826785714,1
1750,White,F,42,3.2,GL,-0.03,0.829761905,1
1751,White,F,41,3.4,GL,1.28,0.836309524,1
1752,White,F,41,3.8,GL,0.4,0.874404762,1
1754,White,F,45,3.3,GL,-2.61,0.876785714,1
1755,White,M,39,3.8,MW,0.21,0.849404762,1
1756,Black,F,30,3.2,NE,-0.93,0.679761905,1
1757,White,M,44,3.2,GL,-0.34,0.854761905,1
1758,White,F,42,3.3,GL,0.8,0.839285714,1
1759,Asian,M,41,3.1,MS,-0.55,0.807738095,1
1760,Black,M,33,3.3,GL,0.14,0.726785714,1
1761,White,M,44,2.8,FW,0.02,0.816666667,1
1763,White,F,47,3.1,GL,-0.03,0.882738095,1
1764,White,M,41,3.8,GL,1.16,0.874404762,1
1765,White,F,40,3.8,GL,0.52,0.861904762,1
1766,Black,M,29,2.7,GL,-1.69,0.619642857,1
1767,White,M,41,3.3,GL,1.32,0.826785714,1
1769,White,M,44,3.2,NG,-0.17,0.854761905,1
1770,White,F,43,3.3,GL,0.8,0.851785714,1
1772,White,M,44,3.3,GL,1.02,0.864285714,1
1773,White,F,42,3.4,GL,0.52,0.848809524,1
1774,White,F,40,3.8,GL,0.78,0.861904762,1
1775,Black,F,31,2.9,GL,-1.47,0.663690476,1
1776,White,M,40,3.9,GL,0.04,0.871428571,1
1778,White,M,44,3.8,GL,0.64,0.911904762,1
1779,White,F,30,3.5,GL,0.04,0.708333333,1
1781,White,F,44,3.6,GL,-0.67,0.892857143,1
1782,White,M,42,3.1,GL,1.7,0.820238095,1
1783,White,F,46,3.4,FW,1.28,0.898809524,1
1784,Black,M,32,2.8,GL,-0.83,0.666666667,1
1786,White,M,40.5,3.2,GL,-0.79,0.811011905,1
1787,White,M,44,2.9,GL,-0.41,0.826190476,1
1788,White,F,39,3.8,GL,1.32,0.849404762,1
1789,White,F,40,3.6,GL,-0.93,0.842857143,1
1790,Black,F,34,2.9,GL,-2.61,0.701190476,1
1791,White,F,44,3.4,NE,0.85,0.873809524,1
1792,White,F,40,3.6,GL,0.4,0.842857143,1
1793,White,F,42,3.3,GL,1.59,0.839285714,1
1794,White,F,46,3.7,GL,1.23,0.927380952,1
1795,Asian,F,43,3.1,GL,0.99,0.832738095,1
1796,White,F,42,3.1,GL,0.68,0.820238095,1
1797,White,F,44,3,GL,1.4,0.835714286,1
1798,Black,F,26,3.1,GL,-2.4,0.620238095,0
1799,White,M,40,3.6,GL,-0.03,0.842857143,1
1800,White,F,41,3.6,GL,-0.29,0.855357143,1
1801,White,F,46,3,GL,1.7,0.860714286,1
1802,White,M,35,3.4,MS,0.07,0.761309524,1
1803,White,F,41,3.4,MS,0.98,0.836309524,1
1804,White,F,34,3.8,MS,0.09,0.786904762,1
1806,White,M,39,3.3,MS,-0.23,0.801785714,1
1807,White,M,34,3.7,MS,0.33,0.777380952,1
1808,White,M,39,3,MS,0.93,0.773214286,1
1809,White,M,34,2.4,MS,-0.15,0.653571429,1
1810,White,F,33,3.8,MS,-0.36,0.774404762,1
1812,White,F,33,3.4,MS,0.01,0.736309524,1
1813,Black,F,24,2.8,MS,-0.82,0.566666667,1
1814,White,F,35,3.5,MS,-0.07,0.770833333,1
1815,Other,M,39,3.2,NE,-0.66,0.792261905,1
1816,White,M,43,3.4,MS,0.71,0.861309524,1
1818,White,F,37,4,MS,0.39,0.843452381,1
1819,White,M,42,3.5,MS,1.38,0.858333333,1
1820,White,M,30,3.9,MS,-0.28,0.746428571,1
1821,White,F,36,2.9,MS,0.09,0.726190476,1
1823,White,F,34,3.2,MS,0.98,0.729761905,1
1824,White,F,38,3.7,MS,1.41,0.827380952,1
1825,White,F,37,3.4,MS,0.01,0.786309524,1
1826,White,F,37,3.7,MS,0.76,0.814880952,1
1827,White,M,34,3.5,MS,-0.28,0.758333333,1
1828,White,M,40,2.9,MS,-0.18,0.776190476,1
1832,White,F,31,3.9,MS,-0.1,0.758928571,1
1833,White,M,30,3.9,MS,-0.36,0.746428571,1
1834,Black,M,33,2.7,MS,0.47,0.669642857,1
1835,White,F,34.5,3.5,MS,0.31,0.764583333,1
1837,Black,M,35,2.8,GL,-0.77,0.704166667,1
1839,White,F,37,3.1,MS,0.15,0.757738095,1
1840,White,F,44,2.9,MS,0.25,0.826190476,1
1841,White,F,32,3.7,MS,-0.31,0.752380952,1
1842,White,M,40,2.7,MS,-0.12,0.757142857,1
1843,White,M,39,3.6,MS,1.14,0.830357143,1
1845,White,F,37,3.5,MS,-0.55,0.795833333,1
1846,Black,M,27,2.8,NG,-2.01,0.604166667,1
1847,White,F,43,2.8,MS,0.71,0.804166667,1
1848,White,F,38,3.6,MS,0.85,0.817857143,1
1849,White,F,37,3.3,MS,1.57,0.776785714,1
1850,White,F,41,2.9,MS,0.28,0.788690476,1
1851,White,F,43,3.4,MS,1.2,0.861309524,1
1852,White,M,37,3.4,MS,1.22,0.786309524,1
1853,White,F,35,3.1,MS,-1.17,0.732738095,0
1854,White,M,38,3.2,MS,-0.28,0.779761905,1
1855,White,F,38,3.6,MS,0.25,0.817857143,1
1856,White,F,43,2.9,MS,0.5,0.813690476,1
1857,White,F,35,3.8,MS,1.79,0.799404762,1
1858,White,F,35,3.2,MS,0.04,0.742261905,1
1859,White,F,31,3.6,MS,-0.45,0.730357143,1
1861,White,F,36,3.1,NE,-0.61,0.745238095,1
1862,White,F,40,3.5,MS,-0.61,0.833333333,1
1863,White,F,36,3.5,MS,-0.47,0.783333333,1
1864,Black,M,28,2.7,MS,-0.96,0.607142857,0
1865,White,M,32,3.6,MS,1.49,0.742857143,1
1866,White,M,34,3.1,MS,-0.26,0.720238095,1
1867,White,M,36,3.4,MS,0.42,0.773809524,1
1868,White,M,33,3.2,MS,0.28,0.717261905,1
1869,Asian,F,32.5,3.4,GL,-0.75,0.730059524,1
1870,White,F,35,3.4,GL,0.93,0.761309524,1
1873,White,M,36,3.1,SE,-0.88,0.745238095,1
1875,White,F,37.5,3.6,GL,0.65,0.811607143,1
1876,White,M,36,3.2,GL,-0.67,0.754761905,1
1877,White,M,37,3.1,GL,-0.49,0.757738095,1
1878,White,F,39,3.3,GL,2.04,0.801785714,1
1880,White,F,37,3.7,GL,-0.61,0.814880952,1
1881,White,M,34,3.6,GL,0.32,0.767857143,1
1882,White,F,44,3.1,GL,-1.37,0.845238095,1
1883,White,F,42,3.2,GL,0.08,0.829761905,1
1884,White,F,48,3.3,GL,2.18,0.914285714,1
1885,White,F,40,3.3,GL,-0.24,0.814285714,1
1886,White,F,41,3.2,GL,0.9,0.817261905,1
1887,White,F,36,3.4,GL,-0.17,0.773809524,1
1888,White,F,37,3,GL,-0.63,0.748214286,1
1889,White,M,36,3.2,GL,0.71,0.754761905,1
1890,White,M,39,3.1,GL,-0.42,0.782738095,1
1891,White,M,35,3.8,GL,-0.45,0.799404762,1
1892,White,F,42,3.4,GL,1.29,0.848809524,1
1893,White,F,34,3.1,GL,-0.74,0.720238095,1
1894,White,F,39,3.2,GL,0.01,0.792261905,1
1895,White,F,35.5,3.5,GL,0.65,0.777083333,1
1896,White,F,42,3.3,GL,0.05,0.839285714,1
1897,White,F,37,3.1,GL,-0.85,0.757738095,1
1898,White,M,40,3.4,GL,0.54,0.823809524,1
1899,White,M,37,3.6,GL,0.19,0.805357143,1
1900,White,F,46,2.9,GL,1.22,0.851190476,1
1901,White,F,37,3.6,SE,-0.67,0.805357143,1
1902,Black,M,38,2.9,GL,0.15,0.751190476,1
1903,White,M,35,3.7,GL,-1.09,0.789880952,1
1904,White,M,40,3.3,GL,-0.81,0.814285714,1
1905,White,F,40,3.4,GL,0.22,0.823809524,1
1907,White,M,39,3.2,GL,-0.28,0.792261905,1
1908,White,M,40,3.2,GL,0.29,0.804761905,1
1910,White,F,35,3.4,GL,0.26,0.761309524,1
1911,White,F,38,3.8,GL,1.26,0.836904762,1
1912,White,F,40,3.1,GL,0.12,0.795238095,1
1914,White,F,38,3.1,NE,-0.17,0.770238095,1
1916,White,M,36,2.9,GL,-1.52,0.726190476,1
1917,White,M,35,3.3,GL,0.49,0.751785714,1
1918,White,F,37,3.4,GL,1.22,0.786309524,1
1919,White,F,34.5,3.3,NE,0.05,0.745535714,1
1920,White,F,36,3.1,GL,-0.1,0.745238095,1
1921,White,F,36,3.5,GL,-0.35,0.783333333,1
1922,Black,M,32,2.8,GL,-2.31,0.666666667,1
1923,White,F,35,3.6,GL,0.36,0.780357143,1
1924,Asian,M,35,3.7,GL,0.76,0.789880952,1
1927,White,M,35,3.2,GL,0.33,0.742261905,1
1929,White,F,34,3.5,GL,-0.52,0.758333333,1
1930,White,F,36,3.4,GL,-0.28,0.773809524,1
1931,White,F,37,3.3,GL,0.41,0.776785714,1
1932,White,M,37,3.2,GL,-0.42,0.767261905,1
1933,White,M,40,3.5,GL,0.69,0.833333333,1
1936,White,M,38,3.4,GL,-0.35,0.798809524,1
1937,White,M,36,3,GL,-0.18,0.735714286,1
1938,Black,M,33,2.6,GL,-0.28,0.660119048,1
1939,White,F,34,3.5,GL,-0.42,0.758333333,1
1940,White,F,39,3.4,GL,-0.2,0.811309524,1
1942,White,M,41,3.7,GL,1.86,0.864880952,1
1943,White,F,39,3,GL,-0.81,0.773214286,1
1944,White,F,36,3.3,GL,-0.1,0.764285714,1
1946,White,F,38,3.3,GL,-1.04,0.789285714,1
1947,White,M,39,3,GL,-0.68,0.773214286,0
1948,White,M,35,3.3,GL,-0.31,0.751785714,1
1949,White,M,37,3.1,GL,-0.17,0.757738095,1
1951,White,M,39,3.4,GL,0.94,0.811309524,1
1952,White,M,38,3.4,GL,1.97,0.798809524,1
1953,White,M,40,3.3,GL,1.33,0.814285714,1
1954,White,F,36,3.5,GL,0.9,0.783333333,1
1955,White,M,36,3.4,GL,-0.23,0.773809524,1
1956,White,M,39,2.8,FW,1.36,0.754166667,1
1957,White,M,35,3.8,GL,1.26,0.799404762,1
1958,White,F,38,3.5,GL,1.33,0.808333333,1
1959,White,M,44,3.3,MW,-0.77,0.864285714,1
1960,White,M,37,3.4,GL,0.47,0.786309524,1
1961,White,M,41,3,GL,-0.06,0.798214286,1
1962,Asian,M,33,3.5,GL,0.01,0.745833333,1
1963,White,F,40,2.9,GL,-0.13,0.776190476,1
1964,White,F,35,3.2,GL,-0.7,0.742261905,1
1965,White,F,36,3.2,GL,-0.56,0.754761905,1
1967,White,M,35,3.5,GL,0.76,0.770833333,1
1968,White,M,36,3.6,GL,0.51,0.792857143,1
1970,White,M,37,3.1,GL,-0.99,0.757738095,1
1971,White,F,35,3.3,NG,0.76,0.751785714,1
1972,White,M,35,3.5,GL,-0.85,0.770833333,1
1973,White,F,35,3.1,GL,-0.06,0.732738095,1
1975,White,M,39,2.6,GL,1.22,0.735119048,1
1977,White,F,35,2.9,GL,-0.86,0.713690476,1
1978,White,M,37,3.7,GL,1.56,0.814880952,1
1980,White,F,39,3.1,GL,0.19,0.782738095,1
1981,White,F,44,3.5,GL,0.35,0.883333333,1
1982,White,F,44,3.8,GL,0.21,0.911904762,1
1983,White,F,34,3.6,GL,-0.03,0.767857143,1
1984,White,F,39,3.6,GL,-0.83,0.830357143,1
1985,White,F,46,3.5,GL,-0.93,0.908333333,1
1986,White,F,40,3.5,GL,0.57,0.833333333,1
1987,White,F,42,3.7,GL,0.4,0.877380952,1
1988,White,F,41,3.4,GL,-0.24,0.836309524,1
1989,White,F,46,3,SE,-1.21,0.860714286,1
1990,White,F,43,3.3,GL,0.21,0.851785714,1
1991,White,F,43,3.9,GL,0.47,0.908928571,1
1992,White,F,41,3.2,MS,-0.17,0.817261905,1
1993,White,M,45,3.2,GL,0.14,0.867261905,1
1994,White,F,40,3.6,GL,-0.76,0.842857143,1
1996,White,F,48,3.5,GL,2.08,0.933333333,1
1997,Asian,M,37,3.8,GL,-2.66,0.824404762,1
1998,White,M,39,3.7,NE,2.08,0.839880952,1
1999,White,F,39,3.6,GL,0.9,0.830357143,1
2000,White,F,47,2.9,NG,0.35,0.863690476,1
2001,White,M,45,2.7,GL,0.73,0.819642857,1
2002,Black,F,32,2.6,GL,0.78,0.647619048,1
2003,White,F,41,3.7,GL,1.54,0.864880952,1
2004,White,F,39,4,GL,1.06,0.868452381,1
2005,White,F,42,4,GL,-0.07,0.905952381,1
2006,White,F,44,3.4,GL,0.09,0.873809524,1
2008,White,F,44,3.1,GL,-0.67,0.845238095,1
2009,White,F,44,3.2,GL,0.61,0.854761905,1
2010,White,F,46,3.7,GL,1.44,0.927380952,1
2011,Mexican,M,32,3.3,GL,-0.45,0.714285714,1
2012,White,F,43,3.4,GL,-1.14,0.861309524,1
2013,White,F,41,3.4,FW,-0.67,0.836309524,1
2014,White,F,48,3,GL,0.42,0.885714286,1
2016,White,F,36,3.9,GL,0.57,0.821428571,1
2017,White,M,37.5,3.3,GL,0.52,0.783035714,1
2018,White,F,38.5,3.5,GL,0.21,0.814583333,1
2019,White,F,37,3.7,GL,-1.21,0.814880952,1
2020,Black,F,32,2.4,GL,-1.76,0.628571429,1
2021,White,F,43,3.8,GL,0.64,0.899404762,1
2023,Black,F,38,2.7,GL,0.47,0.732142857,1
2024,Black,F,42,2.7,GL,-0.38,0.782142857,1
2025,Black,M,36,2.7,FW,-1.21,0.707142857,0
2027,White,F,43,3.3,GL,-0.55,0.851785714,1
2028,White,M,37,4,GL,0.47,0.843452381,1
2031,White,F,41,3.6,GL,-1.59,0.855357143,1
2032,White,F,46,3.2,GL,-0.12,0.879761905,1
2033,Other,F,46,3,GL,1.8,0.860714286,1
2034,White,F,44,3.5,GL,0.35,0.883333333,1
2035,White,M,38,3.9,GL,1.44,0.846428571,1
2036,White,F,41,3.5,GL,0.02,0.845833333,1
2037,White,M,44,3.5,SC,-0.24,0.883333333,1
2038,White,F,40.5,3.4,GL,-1.17,0.830059524,1
2039,White,M,42,3.7,GL,0.78,0.877380952,1
2040,White,F,42,3.6,GL,1.06,0.867857143,1
2041,White,F,41,3.5,GL,-0.83,0.845833333,1
2042,White,M,40,3.5,GL,-0.67,0.833333333,1
2043,White,M,41,3.4,GL,0.21,0.836309524,1
2044,White,F,45,3.7,NG,1.8,0.914880952,1
2045,White,M,40,3.2,GL,-1.76,0.804761905,1
2046,White,F,41,3.1,GL,1.02,0.807738095,1
2051,White,F,39,4,GL,1.59,0.868452381,1
2052,White,F,39,3,GL,-0.38,0.773214286,1
2053,White,F,44,3.7,GL,-1.26,0.902380952,1
2054,Puertorican,M,38,4,GL,-0.03,0.855952381,1
2055,Black,F,28,3,GL,-1.85,0.635714286,1
2056,White,F,46,3,GL,0.4,0.860714286,1
2057,White,F,42,3.9,GL,1.06,0.896428571,1
2058,White,M,41,3.3,GL,-0.67,0.826785714,1
2059,White,F,42,3.7,GL,-1.05,0.877380952,1
2060,White,F,44,3.4,GL,-0.45,0.873809524,1
2061,White,F,46,3.1,GL,-0.17,0.870238095,1
2062,White,F,41,3.4,GL,0.02,0.836309524,1
2063,White,F,45,3.1,GL,-0.57,0.857738095,1
2064,Black,M,37,2.5,GL,-1.17,0.700595238,1
2065,White,F,44,3.4,GL,0.09,0.873809524,1
2066,White,M,39.5,4,GL,1.96,0.874702381,1
2067,White,M,41,3.5,GL,1.44,0.845833333,1
2068,White,M,39,3.5,GL,0.26,0.820833333,1
2069,White,F,42,3.1,GL,0.9,0.820238095,1
2070,White,F,39,3.6,GL,-0.57,0.830357143,1
2072,White,F,47,2.9,GL,1.59,0.863690476,1
2073,White,F,42.5,3.2,GL,-0.12,0.836011905,1
2074,White,M,38,3.9,MS,0.19,0.846428571,1
2075,White,M,35.5,3.4,MS,0.55,0.767559524,1
2076,Black,M,21,3.9,MS,-1.15,0.633928571,1
2077,White,F,42,2.7,MS,0.71,0.782142857,1
2078,White,M,31,3.3,MS,-1.28,0.701785714,0
2080,Black,F,25.5,3,MS,-2.11,0.604464286,1
2081,White,M,39,3.2,MS,-0.71,0.792261905,1
2082,White,M,34,3.5,MS,-0.93,0.758333333,1
2083,White,M,38,3.7,MS,-0.45,0.827380952,1
2084,White,F,37,3.6,SE,-0.31,0.805357143,1
2085,White,F,40,2.8,SE,1.46,0.766666667,1
2086,White,F,36,3.1,MS,1.22,0.745238095,1
2087,White,F,42,3.2,MS,0.58,0.829761905,1
2088,White,F,37,3.8,MS,0.55,0.824404762,1
2089,White,F,38,3.7,MS,-0.93,0.827380952,1
2090,White,M,38,3.5,MS,0.09,0.808333333,1
2091,White,F,36,2.8,MS,1.57,0.716666667,1
2092,White,M,39,3.9,MS,0.07,0.858928571,1
2093,White,M,38,3,SC,2.35,0.760714286,1
2094,Black,F,29,3.1,MS,-1.55,0.657738095,0
2095,Black,F,24,2.8,MS,-1.84,0.566666667,0
2096,White,F,34,3.3,MS,0.79,0.739285714,1
2097,White,F,39,3.6,MS,-0.61,0.830357143,1
2098,White,F,37,3.4,MS,0.85,0.786309524,1
2099,White,F,35,3.9,MS,1.01,0.808928571,1
2100,White,F,38,3.2,MS,0.66,0.779761905,1
2101,Mexican,F,36,2.8,MS,1.09,0.716666667,1
2102,White,M,34,3.8,MS,0.17,0.786904762,1
2103,White,F,40,3.2,MS,0.55,0.804761905,1
2104,White,F,36,3.6,MS,-0.31,0.792857143,0
2105,White,M,37,3.7,MS,1.09,0.814880952,1
2106,White,M,38,2.9,MS,-0.1,0.751190476,1
2107,White,M,37,3.2,MS,-0.93,0.767261905,0
2108,White,F,40,3.4,MS,0.15,0.823809524,1
2109,White,F,44,2.7,MS,1.11,0.807142857,1
2110,White,M,35,3.1,MS,0.31,0.732738095,1
2111,White,M,34,2.9,MS,-1.28,0.701190476,0
2112,White,M,39,3.6,MS,-0.31,0.830357143,0
2114,White,M,33,4,SC,-0.2,0.793452381,1
2115,White,F,40,4,MS,0.95,0.880952381,1
2116,White,F,37,2.2,MS,0.12,0.67202381,1
2117,White,F,38,3.1,MS,0.07,0.770238095,1
2119,White,M,40,3.1,MS,-0.71,0.795238095,1
2120,White,M,37,3.5,MS,0.01,0.795833333,1
2121,White,F,34,3.3,MS,-0.39,0.739285714,1
2122,White,M,37,3.8,MS,1.6,0.824404762,1
2123,White,F,35,4,MS,0.28,0.818452381,1
2124,Black,M,24,2.6,MS,-1.6,0.547619048,0
2125,White,M,37,4,MS,0.09,0.843452381,1
2126,Black,M,32,2.1,MS,-1.12,0.6,1
2127,White,F,40,3.4,MS,0.01,0.823809524,1
2128,White,F,40,3.1,MS,0.52,0.795238095,1
2129,White,F,40,3.7,MS,0.2,0.852380952,1
2131,White,F,33,3.5,MS,0.66,0.745833333,1
2134,White,F,37,3.7,MS,-0.18,0.814880952,1
2135,White,M,41,3.7,MS,0.31,0.864880952,1
2136,White,F,34,3.3,MS,0.28,0.739285714,1
2137,White,F,39,3.3,SE,-0.04,0.801785714,1
2140,White,M,37,3.4,MS,0.47,0.786309524,1
2141,White,F,41,3.3,Mt,0.98,0.826785714,1
2142,White,M,36,3.9,MS,1.92,0.821428571,1
2143,White,M,34,3.9,MS,0.98,0.796428571,1
2144,White,F,32,3.9,MS,1.14,0.771428571,1
2145,White,F,40,3.8,MS,1.52,0.861904762,1
2146,White,F,37,3.7,MS,0.33,0.814880952,1
2147,White,M,41,2.9,MS,0.08,0.788690476,1
2148,White,M,36,3.4,SE,0.25,0.773809524,1
2149,White,F,37,3.6,MS,-1.31,0.805357143,0
2150,White,M,34,3.2,MS,-1.08,0.729761905,0
2151,White,F,35,3.3,GL,-0.09,0.751785714,1
2152,White,F,41,3.7,MS,-0.22,0.864880952,1
2154,White,M,41,3.1,MS,-0.22,0.807738095,1
2155,White,F,39,3.7,MS,1.19,0.839880952,1
2156,White,M,40,3.3,MS,-1.17,0.814285714,1
2157,White,M,36,3.3,MS,-1.42,0.764285714,0
2158,White,F,35,3.4,MS,-1.31,0.761309524,0
2159,White,M,42,3.9,MS,1.47,0.896428571,1
2160,White,F,40,3.7,MS,0.82,0.852380952,1
2161,White,M,35,3.2,MS,-1.1,0.742261905,0
2163,White,F,36,3.3,MS,-0.22,0.764285714,1
2165,White,F,39,3.3,MS,-0.62,0.801785714,1
2166,White,F,35,3.6,MS,-0.73,0.780357143,0
2167,White,F,36,3.6,MS,1.05,0.792857143,1
2168,White,M,35,3.4,MS,-0.47,0.761309524,1
2169,White,F,40,3.8,SC,1.45,0.861904762,1
2170,White,M,38,3.3,MS,1.05,0.789285714,1
2171,White,M,36,3.7,MS,-0.15,0.802380952,1
2172,White,M,37,2.9,MS,-1.13,0.738690476,0
2173,White,M,40,3.7,MS,0.42,0.852380952,1
2175,White,M,36,3.7,GL,1.66,0.802380952,1
2176,White,F,36,3.4,MS,0.41,0.773809524,1
2178,White,F,43,3.5,MS,1.36,0.870833333,1
2179,White,M,47,4,MS,1.83,0.968452381,1
2180,Black,M,28,2.8,MS,-1.31,0.616666667,1
2181,Black,M,26,3,MS,-1.02,0.610714286,0
2182,White,M,41,3.6,MS,0.75,0.855357143,1
2183,White,M,34,3.4,MS,-0.43,0.748809524,0
2184,White,M,36,3.1,MS,-0.28,0.745238095,1
2185,White,F,33,3.9,MS,-0.13,0.783928571,1
2186,White,F,39,3.3,MS,-0.91,0.801785714,0
2187,Black,F,26,3.1,MS,-1.53,0.620238095,0
2189,White,M,36,3.6,MS,-0.73,0.792857143,1
2190,White,F,42,3.3,MS,-1.06,0.839285714,1
2193,White,F,39,3.1,Mt,0.48,0.782738095,1
2194,White,F,40,2.9,MS,-0.26,0.776190476,1
2196,White,M,44,3.7,MS,0.65,0.902380952,1
2197,White,F,39,3.6,MS,-0.2,0.830357143,1
2198,White,F,40,3.1,MS,0.62,0.795238095,1
2199,White,F,38,3,MS,-0.56,0.760714286,1
2200,White,M,38,3.5,GL,-0.41,0.808333333,1
2201,White,F,42,2.7,MS,-0.91,0.782142857,1
2202,White,F,37,3.4,MS,1.03,0.786309524,1
2203,White,M,38,2.9,GL,0.41,0.751190476,1
2204,White,F,37,3.3,MS,0.56,0.776785714,1
2206,Black,F,29,2.6,MS,-1.34,0.610119048,1
2207,White,M,39,3.7,MS,1.11,0.839880952,1
2208,White,F,35.5,3.3,MS,-0.68,0.758035714,1
2209,White,F,37,2.8,MS,-0.54,0.729166667,1
2210,White,F,37,3.6,MS,0.5,0.805357143,0
2211,White,F,37,3.3,GL,1.22,0.776785714,1
2213,White,M,39,3.5,MS,0.23,0.820833333,1
2214,White,F,36,3.5,MS,-1.13,0.783333333,1
2215,White,F,40,3,MS,-0.41,0.785714286,1
2216,White,M,36,3.2,MS,-0.47,0.754761905,1
2217,White,M,38,3.7,MS,-0.28,0.827380952,1
2218,White,M,38,3.3,GL,-0.28,0.789285714,1
2219,White,F,35,3.8,MS,1.24,0.799404762,1
2220,White,M,35,3.4,Mt,-0.09,0.761309524,1
2221,White,M,40,2.7,MS,-0.96,0.757142857,1
2222,White,M,37,3.2,MS,0.77,0.767261905,1
2223,White,F,43,3.2,MS,-0.13,0.842261905,1
2224,White,F,41,3.8,SC,1.32,0.874404762,1
2227,White,M,38,3.5,MS,0.63,0.808333333,1
2228,White,M,32,3.6,SE,-1.36,0.742857143,1
2229,White,F,40,3.4,GL,-0.32,0.823809524,1
2230,White,F,41,3.1,GL,1.08,0.807738095,1
2234,White,F,37,3.5,GL,1.43,0.795833333,1
2236,White,M,38,3.8,GL,1.19,0.836904762,1
2237,Hispanic,F,34,2.8,GL,-1.26,0.691666667,1
2239,White,F,35,3.1,NG,0.62,0.732738095,1
2240,White,M,39,3.6,GL,-0.06,0.830357143,1
2241,White,M,37,3.4,GL,0.12,0.786309524,1
2242,White,M,38,3.1,GL,0.16,0.770238095,1
2243,White,M,39,3.1,GL,-1.09,0.782738095,1
2244,White,M,48,2.9,GL,1.79,0.876190476,1
2245,White,M,40,3.4,GL,1.01,0.823809524,1
2246,White,F,33,3.5,GL,0.86,0.745833333,1
2247,White,F,35,3.4,GL,-0.42,0.761309524,1
2249,White,F,33.5,3.5,GL,-0.35,0.752083333,1
2250,White,F,35,3.4,GL,-0.2,0.761309524,1
2251,White,F,42,3.2,GL,2.18,0.829761905,1
2253,White,M,35,3.5,GL,0.76,0.770833333,1
2254,White,F,36,3.5,GL,-0.1,0.783333333,1
2256,Black,M,33,2.5,GL,-0.67,0.650595238,1
2257,White,M,36,3.7,GL,-0.52,0.802380952,1
2258,White,F,35,3.3,GL,-0.26,0.751785714,1
2259,White,M,39,3.2,GL,0.58,0.792261905,1
2260,White,M,42,3,GL,0.4,0.810714286,1
2261,White,M,36,3.2,GL,0.72,0.754761905,1
2262,White,F,37,3.3,GL,0.44,0.776785714,1
2263,White,M,36,3.2,GL,-1.34,0.754761905,1
2264,White,M,37,3.3,GL,-0.6,0.776785714,1
2265,White,F,35,3.3,GL,-0.85,0.751785714,1
2266,White,F,39,3.4,GL,0.01,0.811309524,1
2267,White,M,38,3,GL,0.83,0.760714286,1
2268,White,M,34,3.4,GL,-0.78,0.748809524,1
2269,White,M,35,3.2,FW,-0.74,0.742261905,1
2270,White,F,37,3.5,GL,0.15,0.795833333,1
2272,White,F,40,3,GL,1.75,0.785714286,1
2273,White,F,39,3.1,FW,-0.1,0.782738095,1
2274,White,M,37.5,3.1,GL,0.03,0.763988095,1
2275,White,F,42,3.4,NE,2.04,0.848809524,1
2278,White,F,39,3.2,GL,0.03,0.792261905,1
2279,White,M,37,3.3,GL,-0.1,0.776785714,1
2280,Asian,F,32,3.4,GL,-0.71,0.723809524,1
2281,White,F,38,3.4,GL,1.72,0.798809524,1
2282,White,M,34,3.7,GL,-0.8,0.777380952,1
2284,Black,F,32,2.5,FW,-1.59,0.638095238,0
2286,White,F,35,2.8,GL,-1.1,0.704166667,0
2289,White,M,34,3.3,GL,1.08,0.739285714,1
2290,White,F,40,2.4,GL,1.35,0.728571429,1
2291,White,M,38,3.2,GL,-0.3,0.779761905,1
2292,Hispanic,M,32,2.7,GL,-0.44,0.657142857,1
2293,White,F,35.5,3.1,GL,-0.61,0.738988095,1
2294,White,F,41,3.3,GL,-0.65,0.826785714,1
2296,White,M,34,3.1,GL,1.35,0.720238095,1
2297,White,M,41,3.6,GL,-0.28,0.855357143,1
2298,White,F,42,2.7,GL,-0.28,0.782142857,1
2299,White,F,36,2.9,GL,0.56,0.726190476,1
2302,White,F,36,2.9,GL,-0.28,0.726190476,1
2304,White,M,33,3.4,GL,-0.33,0.736309524,1
2306,White,M,35,3.3,GL,-0.43,0.751785714,1
2307,White,M,37,3.5,GL,0.88,0.795833333,1
2308,White,F,36,2.8,GL,-0.75,0.716666667,1
2311,White,M,38,3.4,GL,0.35,0.798809524,1
2312,White,M,38,3.6,SC,0.19,0.817857143,1
2314,White,M,34,3.5,GL,0.19,0.758333333,1
2315,White,M,35,3.5,GL,0.46,0.770833333,1
2316,White,M,34,3.1,GL,-0.01,0.720238095,1
2317,White,M,35,3.4,GL,0.83,0.761309524,1
2318,White,F,37,3.8,GL,0.88,0.824404762,1
2319,White,F,38,3.7,GL,0.35,0.827380952,1
2320,White,M,40,3,GL,-0.38,0.785714286,1
2321,Black,F,33,2.8,GL,-0.06,0.679166667,0
2322,White,M,38,2.9,GL,0.19,0.751190476,1
2323,White,M,37,3.5,GL,1.66,0.795833333,1
2324,White,F,37,3.2,GL,-0.67,0.767261905,1
2325,Other,F,39.5,3.7,GL,-0.22,0.846130952,1
2326,White,M,37,3.2,GL,1.04,0.767261905,1
2327,Black,F,29,2.9,GL,-0.98,0.638690476,1
2328,Black,M,30.5,3,GL,-1.33,0.666964286,0
2330,White,M,37,2.9,GL,0.3,0.738690476,1
2331,White,F,34,3,GL,-0.86,0.710714286,1
2332,White,M,35,3,GL,-0.49,0.723214286,1
2333,White,M,39,3,GL,0.62,0.773214286,1
2334,Black,M,27,2.9,GL,-0.71,0.613690476,0
2336,White,M,31,3.1,Mt,-0.58,0.682738095,1
2337,White,F,39,2.8,Mt,-0.01,0.754166667,1
2338,White,M,40,2.5,Mt,0.87,0.738095238,1
2340,White,F,37.5,2.6,Mt,1.59,0.716369048,1
2342,White,F,28,3.2,Mt,0.36,0.654761905,1
2345,Hispanic,M,31,3.4,Mt,-0.7,0.711309524,0
2347,White,F,36,2.1,Mt,1.57,0.65,1
2349,White,M,30,3.4,Mt,0.89,0.698809524,1
2350,White,M,37,3.7,Mt,-0.91,0.814880952,1
2353,White,F,32,3.8,Mt,1.43,0.761904762,1
2354,White,F,44,2.7,Mt,1.34,0.807142857,1
2355,White,F,36,3.4,Mt,-0.11,0.773809524,1
2356,White,F,34,2.7,Mt,0.01,0.682142857,1
2357,White,M,40,3.3,Mt,1.16,0.814285714,1
2358,White,F,44,3,GL,0.3,0.835714286,1
2360,White,F,39,3.2,Mt,0.36,0.792261905,1
2363,White,M,34,3,FW,-0.83,0.710714286,0
2364,White,M,37,3.2,Mt,0.03,0.767261905,1
2365,White,F,26,3.5,NG,-0.58,0.658333333,1
2366,White,F,39,3.1,Mt,-0.21,0.782738095,1
2368,White,F,36,3.4,Mt,1.59,0.773809524,1
2370,White,F,33.5,3.2,GL,1.41,0.723511905,1
2371,White,M,39,2.9,FW,0.51,0.763690476,1
2372,Hispanic,M,40,3.7,Mt,-0.46,0.852380952,1
2373,White,M,37.5,3,Mt,0.81,0.754464286,1
2374,White,M,40,2.9,Mt,-0.99,0.776190476,1
2375,White,M,44,3.6,Mt,-0.56,0.892857143,1
2376,White,F,36,3.3,Mt,-0.38,0.764285714,1
2378,White,F,34,2.8,Mt,-1.79,0.691666667,0
2379,White,M,33,3.8,Mt,1.06,0.774404762,1
2380,White,F,41,3,Mt,0.34,0.798214286,1
2381,White,M,48,3.3,Mt,-0.19,0.914285714,1
2382,White,M,29,2.8,NE,-1.13,0.629166667,0
2383,White,M,29,3.1,Mt,-0.25,0.657738095,1
2385,White,F,29,2.9,Mt,-1.03,0.638690476,0
2386,White,F,38.5,3,Mt,-0.31,0.766964286,1
2387,White,M,41,2.7,Mt,-0.19,0.769642857,1
2388,White,F,35,3.4,Mt,0.51,0.761309524,1
2389,White,M,32.5,3.6,Mt,-0.58,0.749107143,1
2391,White,F,37,3.2,Mt,1.14,0.767261905,1
2392,White,M,36,3.2,Mt,0.51,0.754761905,1
2393,White,M,37,3.5,Mt,1.34,0.795833333,1
2394,White,M,38,3.8,SE,1.65,0.836904762,1
2395,White,M,30.5,3.8,Mt,1.02,0.743154762,1
2397,White,F,37,3.7,Mt,-0.87,0.814880952,0
2398,White,F,39,3,Mt,-0.56,0.773214286,0
2399,White,F,33,3.7,Mt,0.67,0.764880952,1
2401,White,F,36,3.7,Mt,1.14,0.802380952,1
2402,Asian,M,47,3.3,Mt,1.18,0.901785714,1
2403,Black,F,30,2.8,FW,-0.89,0.641666667,0
2404,White,M,38,2.8,Mt,-0.66,0.741666667,0
2405,White,M,40,2.8,Mt,-0.41,0.766666667,1
2406,White,M,41,3.4,Mt,-0.38,0.836309524,1
2407,White,F,33,3.4,Mt,-0.46,0.736309524,1
2410,White,F,41,2.4,Mt,-1.09,0.741071429,0
2411,White,F,38,3.1,Mt,0.38,0.770238095,1
2412,White,M,39,2.8,SC,-0.19,0.754166667,1
2413,White,F,40.5,2.5,FW,-0.15,0.744345238,1
2414,White,F,35,2.8,Mt,-1.15,0.704166667,0
2415,White,F,32.5,2.7,NG,-0.23,0.663392857,0
2418,White,F,34,2.8,GL,-0.36,0.691666667,0
2419,White,F,33,3,GL,-0.41,0.698214286,1
2420,White,F,31,2.6,MS,-0.52,0.635119048,0
2421,White,F,39,2.1,GL,1.65,0.6875,1
2422,White,F,33,2.8,GL,0.32,0.679166667,1
2423,White,M,35,2.2,NE,-0.58,0.64702381,0
2424,White,F,36,2.9,SE,-0.43,0.726190476,1
2425,White,F,37,2.1,Mt,-0.01,0.6625,1
2426,White,F,33,2.7,NG,0.57,0.669642857,1
2427,White,F,39,2.2,SC,0.43,0.69702381,1
2428,White,F,34,2.7,NE,1.19,0.682142857,1
2429,Black,M,24.7,2.6,NE,-1.54,0.556369048,0
2430,White,F,34,2.9,GL,1.61,0.701190476,1
2431,White,M,38,3.6,GL,0.68,0.817857143,1
2432,White,F,40,2.1,GL,1.32,0.7,1
2433,Black,F,21,3.1,NE,0.59,0.557738095,1
2434,White,F,35,2.7,NE,0.52,0.694642857,1
2436,White,F,37,2.3,NE,-0.76,0.681547619,1
2437,White,F,37,3.3,GL,1.25,0.776785714,1
2438,Puertorican,F,37,2.2,GL,0.39,0.67202381,1
2439,White,F,30,2.7,GL,-0.12,0.632142857,1
2440,Hispanic,M,35,2.7,Mt,-0.16,0.694642857,1
2441,White,M,33,2.7,GL,-0.19,0.669642857,1
2442,White,F,33,3,GL,0.06,0.698214286,1
2444,White,F,30.5,2.6,NE,-1.03,0.628869048,1
2445,White,M,33,2.9,NE,1.21,0.688690476,1
2446,White,M,29,3.1,GL,-1.09,0.657738095,1
2448,White,M,33,3.1,GL,0.66,0.707738095,1
2449,White,F,32.5,2.7,GL,0.61,0.663392857,1
2450,White,F,34,2.9,NE,-0.83,0.701190476,1
2451,Other,M,32.5,2.4,SE,0.61,0.634821429,1
2452,White,M,26,2.9,NE,-1.03,0.601190476,1
2455,White,F,32.5,2.8,NE,0.94,0.672916667,1
2457,White,M,37,2.7,NE,0.77,0.719642857,1
2458,White,F,37,2,MS,-1.63,0.65297619,0
2459,White,F,36,2.9,GL,-0.16,0.726190476,1
2460,White,F,34,2.2,GL,-0.14,0.63452381,1
2461,White,F,30.5,2.8,GL,1.32,0.647916667,1
2462,White,F,26.5,2.9,NE,-0.23,0.607440476,1
2463,White,M,34,2.8,NE,-0.89,0.691666667,1
2464,White,F,35,2.8,SE,-0.27,0.704166667,1
2465,White,M,35,2.7,GL,0.12,0.694642857,1
2466,Black,M,25,2.7,FW,-1.49,0.569642857,0
2467,White,F,37,2.1,GL,0.57,0.6625,1
2468,White,F,35,2.8,MS,1.14,0.704166667,1
2469,White,F,31,3,NE,0.04,0.673214286,0
2470,White,F,36,2.8,NE,0.68,0.716666667,1
2471,White,F,32,2.6,GL,-0.7,0.647619048,1
2472,White,F,34.5,2.8,MS,0.17,0.697916667,1
2473,White,M,32.5,3.1,GL,0.15,0.701488095,1
2474,White,F,39,3.8,GL,1.21,0.849404762,1
2475,White,F,44,2.3,NE,2.65,0.769047619,1
2476,White,F,36,2.8,MS,-0.36,0.716666667,1
2477,White,F,36,2.4,GL,-0.5,0.678571429,1
2478,White,F,37,2.3,GL,0.86,0.681547619,1
2479,White,F,37,2.9,MS,-1.03,0.738690476,1
2480,Puertorican,F,25,2.8,GL,-0.12,0.579166667,1
2481,White,M,30.3,2.7,NE,0.3,0.635892857,1
2482,White,M,34.5,2.7,SE,-0.76,0.688392857,1
2485,White,M,33,2.3,MS,0.04,0.631547619,0
2486,Mexican,F,31,2.4,MS,-0.45,0.616071429,1
2487,White,F,33,2.6,NG,-0.43,0.660119048,1
2488,White,F,33,2.7,NE,1.41,0.669642857,1
2489,White,M,34,2.6,MS,-0.36,0.672619048,1
2490,White,F,33,2.9,GL,0.97,0.688690476,1
2491,White,F,37,2.8,GL,1.32,0.729166667,0
2492,White,F,38,2.5,NE,0.74,0.713095238,1
2493,White,F,35,3.8,FW,1.55,0.799404762,1
2494,White,F,36,3.9,FW,-0.45,0.821428571,1
2495,White,F,40,3.7,FW,0.02,0.852380952,1
2496,White,M,46,3.4,FW,-0.64,0.898809524,1
2498,White,F,38,3.7,FW,0.33,0.827380952,1
2499,White,F,30.7,3.5,FW,-1.45,0.717083333,1
2500,White,F,40,2.9,FW,0.6,0.776190476,0
2501,Asian,M,37,3.2,SE,-0.47,0.767261905,1
2502,Other,F,34,3.1,FW,-0.81,0.720238095,1
2503,White,F,39,3.1,FW,0,0.782738095,1
2504,White,M,38,2.9,FW,0.03,0.751190476,1
2505,White,F,36,3.4,FW,0.82,0.773809524,1
2507,Asian,F,41,2.9,FW,-1.26,0.788690476,0
2508,White,F,41,2.6,SC,0.09,0.760119048,1
2509,White,M,36,3.4,FW,1.34,0.773809524,1
2510,White,F,46,3.1,Mt,2.03,0.870238095,1
2511,Other,M,40,2.9,FW,-0.99,0.776190476,1
2512,White,F,42,2.6,FW,-2.01,0.772619048,1
2513,White,F,36,3.6,FW,0.59,0.792857143,1
2514,Puertorican,F,44,2.8,FW,-0.21,0.816666667,1
2515,White,M,40,2.9,FW,-0.25,0.776190476,1
2516,White,M,34,3.6,FW,-0.18,0.767857143,1
2517,White,M,42,3.8,Mt,0.05,0.886904762,1
2518,Hispanic,M,33,2.7,FW,0.54,0.669642857,1
2519,White,M,39,3.6,FW,0.4,0.830357143,1
2520,White,F,39,2.6,FW,-0.59,0.735119048,1
2521,White,F,38,3.1,FW,-0.98,0.770238095,1
2524,White,M,42,3,FW,-0.42,0.810714286,1
2525,Hispanic,M,39,3.4,FW,-0.37,0.811309524,1
2526,Black,M,31.5,2.6,SC,-1.19,0.641369048,1
2528,Hispanic,M,40,3.6,Mt,0.17,0.842857143,1
2529,White,F,37,3.5,FW,1.86,0.795833333,1
2530,White,F,40,2.7,SE,0.13,0.757142857,1
2531,White,M,39,3,FW,-0.56,0.773214286,1
2534,White,M,42,3.5,FW,0.53,0.858333333,1
2535,White,F,38,3.4,FW,1.71,0.798809524,1
2536,White,M,33,3.3,FW,1.27,0.726785714,1
2537,White,F,39,3.2,FW,0.39,0.792261905,1
2538,White,M,39,3.6,FW,-0.33,0.830357143,1
2539,White,F,38,3.1,FW,0.72,0.770238095,1
2541,White,M,42,3.1,FW,0.82,0.820238095,1
2543,White,M,39,3.6,FW,-0.08,0.830357143,1
2544,White,M,38,3.5,GL,0.97,0.808333333,1
2545,Mexican,M,36,2.7,FW,0.71,0.707142857,1
2546,White,F,38,3.6,FW,-0.19,0.817857143,1
2547,White,F,38,3.4,FW,1.3,0.798809524,1
2548,White,F,40,3.1,FW,1.26,0.795238095,1
2549,Other,F,43,3,FW,1.51,0.823214286,1
2550,White,F,36.5,3.4,Mt,0.87,0.780059524,1
2551,White,F,38,2.9,SE,-0.95,0.751190476,1
2552,White,M,36,3.2,FW,1,0.754761905,1
2553,Black,M,32,2.8,FW,0.19,0.666666667,1
2555,White,F,40,3.3,SE,-1.11,0.814285714,1
2556,White,F,36.5,2.9,FW,0.04,0.732440476,1
2557,White,M,42,3.8,FW,1.56,0.886904762,1
2558,White,F,43,2.7,MS,-0.39,0.794642857,0
2559,White,M,36,3.7,MS,0.71,0.802380952,1
2560,White,M,35,3.2,MS,1.05,0.742261905,1
2561,White,M,38,3.1,MS,-0.81,0.770238095,1
2562,White,M,36,3.5,MS,0.16,0.783333333,1
2563,White,M,38,3.3,MS,1.77,0.789285714,1
2564,White,F,38,3,MS,-0.09,0.760714286,1
2565,White,F,34,3.3,MS,0.62,0.739285714,1
2566,White,F,39,3.6,MS,1.66,0.830357143,1
2567,White,F,39,3,MS,0.22,0.773214286,1
2568,White,F,43,3.1,GL,1.15,0.832738095,1
2569,White,F,41,2.9,MS,-0.39,0.788690476,0
2570,White,F,45,3.9,MS,0.62,0.933928571,1
2571,White,M,37,3.1,MS,0.54,0.757738095,1
2572,White,F,43,3.5,MS,-1.06,0.870833333,1
2573,White,F,33.5,3.1,MS,-1,0.713988095,1
2574,White,F,38,3,MS,1.19,0.760714286,1
2575,White,F,37,3.3,MS,-0.24,0.776785714,1
2576,White,M,36,3.2,MS,0.39,0.754761905,1
2577,White,M,37,3.2,MS,-1.21,0.767261905,1
2578,Black,M,24,3.6,MS,0.01,0.642857143,1
2579,White,M,37,3.4,MS,-0.07,0.786309524,1
2580,White,M,34,3.8,MS,-0.51,0.786904762,1
2581,White,M,37,3.2,FW,0.39,0.767261905,1
2582,White,F,43,3.3,MS,1.81,0.851785714,1
2583,White,F,41,3,MS,-0.98,0.798214286,0
2584,White,M,37,3.3,GL,-0.09,0.776785714,1
2585,White,F,43,2.9,NE,1.89,0.813690476,1
2586,White,F,33,3.5,MS,1.34,0.745833333,1
2587,White,F,43,3.7,MS,1.68,0.889880952,1
2588,White,F,38,2.9,SE,-0.73,0.751190476,1
2589,White,M,35,3.5,MS,0.9,0.770833333,1
2590,White,M,36,2.9,MS,-0.09,0.726190476,1
2591,White,M,39,3.4,MS,1,0.811309524,0
2592,White,F,38.5,3.3,MS,0.18,0.795535714,1
2594,White,F,35,3.6,NG,0.54,0.780357143,1
2595,White,M,38,3.1,MS,0.23,0.770238095,1
2596,White,F,37,3.1,MS,-0.26,0.757738095,1
2598,White,M,31,3.9,MS,0.88,0.758928571,1
2599,White,F,42,4,MS,2.04,0.905952381,1
2600,White,M,34,3.8,MS,-0.01,0.786904762,1
2601,White,M,38,3.5,SE,1.45,0.808333333,1
2602,White,M,37,3.2,MS,-0.73,0.767261905,1
2603,White,F,38,3.6,MS,-0.77,0.817857143,1
2604,White,F,35.5,3,SE,0.1,0.729464286,1
2605,White,M,29,3,MS,-0.37,0.648214286,1
2606,White,M,40,3.9,MS,1.03,0.871428571,1
2607,White,F,42,2.9,NE,0.27,0.801190476,1
2608,White,M,44,3.3,MS,0.71,0.864285714,1
2609,White,M,41,3.7,GL,1.17,0.864880952,1
2610,White,F,36,3.1,MS,0.94,0.745238095,1
2611,White,M,37,3.5,MS,0.82,0.795833333,1
2613,White,F,44,3.7,SE,0.81,0.902380952,1
2614,White,F,39,3.3,MS,1.34,0.801785714,1
2615,White,F,36,3,MS,0.58,0.735714286,1
2616,White,F,36,3.3,MS,0.29,0.764285714,1
2618,White,M,39,3,MS,-0.01,0.773214286,1
2619,Black,M,31,3.4,SE,-0.58,0.711309524,1
2620,White,F,39,3.3,MS,1.03,0.801785714,1
2622,White,M,38,3.6,MS,-0.51,0.817857143,1
2623,White,M,37,3.2,MS,-1.15,0.767261905,1
2624,White,F,37,3.6,MS,0.81,0.805357143,1
2625,White,F,38,3,MS,-0.79,0.760714286,1
2626,White,M,37,3.2,MS,-0.51,0.767261905,0
2627,White,F,43,2.5,Mt,-0.81,0.775595238,1
2628,White,M,40,2.4,Mt,-0.31,0.728571429,1
2629,White,M,38,3.2,Mt,1.92,0.779761905,1
2630,White,M,32,2.6,Mt,-0.66,0.647619048,1
2631,White,F,33,3.1,Mt,-0.52,0.707738095,1
2636,White,M,30,3.2,Mt,-0.46,0.679761905,0
2637,White,M,29.5,3.1,Mt,-1.46,0.663988095,0
2638,Other,F,38,3.1,Mt,0.96,0.770238095,1
2639,White,F,40,2.9,Mt,0.36,0.776190476,1
2640,White,M,37,2.8,Mt,-0.76,0.729166667,1
2641,White,F,36.5,2.4,Mt,-0.33,0.684821429,1
2642,Black,M,25,3.7,Mt,-0.23,0.664880952,0
2643,White,F,33.5,2.6,Mt,-1.07,0.666369048,0
2645,White,F,34,2.4,Mt,-0.76,0.653571429,0
2646,White,F,36,3.3,Mt,0.83,0.764285714,1
2647,White,M,31,3.6,Mt,0.51,0.730357143,0
2648,White,F,38,2.7,Mt,-0.52,0.732142857,1
2649,Mexican,M,37,3.8,Mt,0.22,0.824404762,1
2650,White,M,32,3.2,Mt,-0.52,0.704761905,1
2651,Hispanic,M,31,3.1,Mt,-1.01,0.682738095,1
2652,White,F,31,3.1,Mt,-0.13,0.682738095,0
2654,White,F,32,3,Mt,-0.07,0.685714286,0
2656,White,M,26,3.3,MS,0.07,0.639285714,1
2657,White,M,40,3.6,Mt,0.89,0.842857143,1
2658,White,M,36,3.2,Mt,0.65,0.754761905,1
2659,Puertorican,M,29.5,2,Mt,-1.13,0.55922619,0
2661,White,M,38,2.4,NE,-0.42,0.703571429,0
2662,White,M,39,3.4,Mt,1.94,0.811309524,1
2664,White,M,34.5,2.6,Mt,0.3,0.678869048,1
2666,White,F,39,2.8,Mt,0.3,0.754166667,1
2668,White,F,39,2.7,FW,-0.17,0.744642857,1
2670,White,F,40,2.9,Mt,-0.05,0.776190476,1
2671,White,M,35.5,3.2,Mt,0.32,0.748511905,1
2672,White,F,38,2.9,GL,-0.36,0.751190476,1
2673,White,F,39,3.4,Mt,0.26,0.811309524,1
2675,White,M,38,3,Mt,1.24,0.760714286,1
2678,White,F,40,2.9,Mt,0.4,0.776190476,0
2679,White,M,45,3.9,Mt,2.08,0.933928571,1
2680,White,F,39,2.7,Mt,2,0.744642857,1
2681,White,F,35,2.7,Mt,1.08,0.694642857,1
2682,Asian,F,35,2.6,MW,0.57,0.685119048,1
2683,White,F,38,3,Mt,0.34,0.760714286,1
2684,White,F,32.5,3.5,Mt,-0.31,0.739583333,1
2685,White,F,38,2.8,Mt,-0.79,0.741666667,0
2686,White,F,41.5,2.3,Mt,0.44,0.737797619,1
2687,Asian,M,26,3.4,Mt,0.34,0.648809524,1
2688,Mexican,M,22.5,2.9,FW,-2.06,0.557440476,0
2689,White,M,32,2.4,NE,-0.79,0.628571429,1
2690,White,M,33,3.6,Mt,0.96,0.755357143,1
2691,White,F,35,2.6,Mt,-0.76,0.685119048,1
2692,White,F,40,3.6,Mt,0.28,0.842857143,1
2693,White,M,38,3.1,Mt,1.67,0.770238095,1
2694,White,M,37,2.8,Mt,1.02,0.729166667,1
2696,White,F,19,2.2,MS,-1.03,0.44702381,0
2698,White,F,38,2.5,MS,-1.12,0.713095238,0
2699,White,M,37,2.5,SE,1.36,0.700595238,1
2700,White,F,33,2.8,NE,-0.16,0.679166667,1
2701,White,F,33.5,2.7,GL,2.32,0.675892857,1
2702,White,F,34,2.5,SE,-0.07,0.663095238,1
2703,White,M,32,2.4,SE,-0.47,0.628571429,1
2704,White,F,31,2.7,SE,-0.56,0.644642857,0
2705,White,F,30,2.3,NE,1.3,0.594047619,1
2706,White,F,29.5,2.2,NE,0.1,0.57827381,1
2708,White,F,33.5,2.4,NE,-0.43,0.647321429,1
2709,White,M,33,3,NE,0.04,0.698214286,1
2710,White,M,31.5,2.6,SC,-0.96,0.641369048,0
2711,White,F,34.5,2.4,GL,-0.61,0.659821429,1
2712,White,M,33,3.3,GL,-0.94,0.726785714,1
2714,White,F,30,3.3,GL,0.48,0.689285714,1
2715,White,F,38,2.6,NE,0.72,0.722619048,1
2716,White,F,40,2.3,NE,0.59,0.719047619,1
2717,White,F,39,2.5,MS,0.24,0.725595238,1
2718,White,M,36,2.4,GL,-1.12,0.678571429,0
2719,Black,F,23,3.1,SC,-1.74,0.582738095,0
2720,White,M,34,3.8,GL,1.36,0.786904762,1
2721,White,M,30.5,3.3,MS,-0.83,0.695535714,0
2722,White,F,35,3.1,NE,1.67,0.732738095,1
2723,White,F,36,3,NE,0.48,0.735714286,1
2724,White,F,45,2.3,NE,2.76,0.781547619,1
2725,White,F,39,2.7,GL,0.59,0.744642857,1
2726,White,F,39,2,GL,-1.16,0.67797619,1
2727,White,F,33,2.7,NG,-0.56,0.669642857,1
2728,White,M,34,2.6,MS,-0.7,0.672619048,1
2729,White,F,34,2.6,NE,0.9,0.672619048,1
2730,Black,F,28,2.1,GL,-1.32,0.55,1
2731,White,F,34,3,NE,0.01,0.710714286,1
2732,White,M,34,3.1,MS,0.19,0.720238095,1
2733,White,M,31,2.8,NE,-0.63,0.654166667,1
2734,White,F,35,2.8,MS,0.48,0.704166667,1
2735,White,F,34,2.9,MS,-0.41,0.701190476,1
2736,White,M,31,3.4,MS,-1.09,0.711309524,1
2737,White,F,41,2.4,GL,1.05,0.741071429,1
2738,White,M,35,2.6,MS,2.43,0.685119048,1
2739,White,F,25.7,3.1,NE,0.15,0.616488095,1
2740,White,F,27.3,2.8,GL,-0.16,0.607916667,1
2741,White,F,35,2.8,NE,-0.03,0.704166667,1
2742,White,F,42,2.1,NE,0.59,0.725,1
2745,White,F,35.5,2.1,NE,-0.32,0.64375,1
2746,White,F,34.5,2.8,NE,1.03,0.697916667,1
2747,White,F,33,2.8,NE,0.83,0.679166667,1
2748,White,F,34,2.8,MS,1.32,0.691666667,1
2749,White,F,34.5,2.8,NE,0.46,0.697916667,1
2750,White,F,36,3,SE,1.67,0.735714286,1
2751,White,F,36,2.3,NG,0.77,0.669047619,0
2752,White,F,35,2.6,NE,0.63,0.685119048,1
2753,White,F,34,2.4,GL,-0.1,0.653571429,1
2754,White,M,34,3.6,GL,0.37,0.767857143,1
2755,White,M,32,2.5,GL,-0.52,0.638095238,1
2756,Black,M,22,2.7,GL,-0.76,0.532142857,1
2757,Black,M,23,2.7,MS,-0.81,0.544642857,0
2758,White,M,39,3.1,GL,-1.14,0.782738095,1
2759,White,F,35,2.9,NE,-1.23,0.713690476,1
2761,White,F,35,2.7,SE,-0.58,0.694642857,1
2762,White,F,37,3.2,GL,-0.87,0.767261905,1
2763,White,M,26,3.1,NW,-0.58,0.620238095,0
2765,White,F,28,3.2,NE,-1.25,0.654761905,1
2768,White,M,31,3.8,NE,0.88,0.749404762,1
2769,White,M,40,3.2,SE,0.55,0.804761905,0
2770,White,F,37,3,NE,0.1,0.748214286,1
2771,White,F,33,2.7,GL,-0.23,0.669642857,1
2772,White,F,37,2.9,GL,1.65,0.738690476,1
2773,White,M,33.5,2.5,GL,-0.01,0.656845238,1
2774,White,M,30.5,2.7,GL,0.39,0.638392857,1
2775,White,M,35,3.4,NG,0.98,0.761309524,1
2776,White,M,33,3.6,NG,0.88,0.755357143,1
2777,White,F,41,3,NG,-0.33,0.798214286,1
2778,White,M,37,3.2,NG,-0.65,0.767261905,1
2779,White,F,38,3.4,NG,0.81,0.798809524,1
2780,White,M,43,3.6,NG,2.03,0.880357143,1
2781,White,M,32,3.5,NG,1.05,0.733333333,1
2782,White,M,45,3.3,NG,1.13,0.876785714,1
2783,White,F,45,3.1,NG,-0.09,0.857738095,1
2784,White,M,37,2.6,NG,-0.72,0.710119048,1
2785,White,M,34,3.4,NG,-0.72,0.748809524,1
2786,White,M,41,3.7,NG,0.74,0.864880952,1
2788,White,F,39,2.7,NG,-0.82,0.744642857,1
2789,White,M,40,3.6,NG,1.13,0.842857143,1
2790,White,M,40,3.1,NG,1.86,0.795238095,1
2791,White,M,33,3.3,NG,-0.48,0.726785714,1
2792,White,M,30.5,3.6,NG,0.15,0.724107143,1
2794,White,M,37,3.4,NE,-0.09,0.786309524,1
2795,White,F,22,3.5,NG,-0.97,0.608333333,0
2796,White,F,39,3.7,NG,0.88,0.839880952,1
2797,Amerindian,M,26,2.1,NG,-1.62,0.525,0
2798,White,F,41,3.5,MS,0.25,0.845833333,1
2799,White,F,35,3,NG,-1.14,0.723214286,1
2800,White,F,40,3.4,NG,-1.7,0.823809524,1
2801,Hispanic,F,38,2.6,NG,-0.41,0.722619048,1
2803,White,F,34,3.7,NG,0.08,0.777380952,1
2804,White,F,41,3.5,NG,0.08,0.845833333,1
2805,White,F,37,3.1,NG,-0.48,0.757738095,1
2806,White,F,35,3.3,NG,-1.06,0.751785714,1
2807,White,M,37.5,2.8,NG,-0.82,0.735416667,1
2808,White,F,37,3.5,NG,1.3,0.795833333,1
2809,Amerindian,M,31,3.6,NG,-0.58,0.730357143,1
2810,White,F,42,3.7,NG,0.74,0.877380952,1
2812,White,F,44,2.6,NG,0.66,0.797619048,1
2813,White,M,35,3.2,NG,-1.14,0.742261905,0
2814,White,F,30,3.1,NG,-0.58,0.670238095,1
2815,White,M,39,3.3,FW,0.4,0.801785714,1
2816,White,F,34,3.4,NG,-0.89,0.748809524,1
2817,White,M,42,3.8,NG,0.57,0.886904762,1
2818,White,F,33,3.1,NG,-0.24,0.707738095,1
2819,White,M,34.5,3.6,NG,0.25,0.774107143,1
2820,White,F,40,3.3,NG,0.49,0.814285714,1
2821,White,F,37,3,FW,0.4,0.748214286,1
2822,White,M,34,3.2,NG,0.08,0.729761905,1
2823,White,F,35,3.4,NG,0.81,0.761309524,1
2824,White,M,31,3.9,NG,-0.48,0.758928571,1
2825,White,M,37,3.2,NG,0.64,0.767261905,1
2828,White,M,39,3.7,NG,0.74,0.839880952,1
2829,White,M,37,3.3,NG,0.32,0.776785714,1
2830,White,M,40,3.2,NG,0.25,0.804761905,1
2831,White,M,38,3.3,NG,-0.09,0.789285714,1
2833,White,F,39,3.2,NE,-0.09,0.792261905,1
2834,White,F,28,3.6,NG,0.49,0.692857143,1
2835,White,F,27,3.7,NG,-1.87,0.689880952,1
2836,White,M,31,3.4,NG,0.01,0.711309524,1
2837,White,F,42,2.8,NG,0.81,0.791666667,1
2838,White,M,34,3.1,NG,0.01,0.720238095,1
2839,White,M,37,3.2,NG,-0.82,0.767261905,0
2840,White,M,34,3.7,NG,-0.58,0.777380952,1
2841,White,F,39,3.2,NG,0.01,0.792261905,1
2842,White,M,31,3.4,NG,0.49,0.711309524,1
2843,Black,F,36,2.8,NG,-0.97,0.716666667,0
2844,White,F,29,3.6,NG,-0.82,0.705357143,0
2845,White,M,40,3.2,NG,1.71,0.804761905,1
2846,White,M,34,3.5,NG,-0.16,0.758333333,1
2847,White,F,38,3.6,NE,1.47,0.817857143,1
2848,White,F,36,3.1,NG,-0.33,0.745238095,1
2849,White,M,42,3.1,NG,1.54,0.820238095,1
2850,White,F,38,3.6,NG,0.15,0.817857143,1
2851,White,M,39,3.9,NG,1.3,0.858928571,1
2853,White,M,37,2.7,NW,-0.91,0.719642857,1
2854,Hispanic,F,37,3.1,NW,1.27,0.757738095,1
2855,White,F,37,2.9,NW,0.93,0.738690476,1
2856,White,F,38,2.8,NW,-0.74,0.741666667,0
2857,White,M,37,3.6,NW,-0.23,0.805357143,1
2858,White,M,33,2.4,NW,-0.17,0.641071429,1
2859,White,M,33,3.6,FW,-0.56,0.755357143,1
2860,White,F,36,2.6,NW,-0.91,0.697619048,1
2861,White,F,37,3.5,FW,0.49,0.795833333,1
2862,White,F,37,3.5,FW,1.89,0.795833333,1
2863,White,F,40,3.4,NG,0.72,0.823809524,1
2864,White,F,38,3,NW,0.92,0.760714286,1
2865,White,F,34.5,2.9,FW,-0.17,0.707440476,0
2866,White,F,43,3.6,FW,0.18,0.880357143,1
2867,White,F,36,3.3,FW,-0.08,0.764285714,1
2868,White,F,39,3.9,FW,2.43,0.858928571,1
2869,White,F,36,2.4,FW,0.06,0.678571429,1
2870,White,F,44,2.5,NW,1.52,0.788095238,1
2871,White,M,39,3.6,NW,0.62,0.830357143,1
2872,White,F,35,3,NW,-0.39,0.723214286,1
2873,White,F,33,3.4,NW,-0.13,0.736309524,1
2874,White,F,41,3.1,NW,0.74,0.807738095,1
2875,White,M,35.5,3.4,NW,-0.19,0.767559524,0
2876,White,M,37,3.1,Mt,0,0.757738095,1
2877,White,M,37,3.2,NW,1.11,0.767261905,1
2878,White,F,38,3.1,NW,-0.95,0.770238095,1
2879,White,F,36,3.3,FW,0.7,0.764285714,1
2881,White,F,28.5,2.5,SE,-0.76,0.594345238,1
2882,White,F,33,3.5,FW,0.29,0.745833333,1
2883,White,F,37,2.9,NW,-1.2,0.738690476,1
2884,White,M,34,3.7,NW,-0.23,0.777380952,1
2885,White,F,39,3.4,FW,1.27,0.811309524,1
2886,White,F,42,3.2,FW,-0.02,0.829761905,1
2887,White,M,39,3.3,NW,-0.11,0.801785714,1
2888,White,M,35,3.1,FW,0.31,0.732738095,1
2889,White,M,35,3.1,NW,0.99,0.732738095,1
2890,White,M,37.5,3.1,NW,-0.27,0.763988095,1
2891,White,F,32.3,3,FW,-0.43,0.689464286,1
2892,White,F,36.3,2.5,FW,-1.22,0.691845238,0
2893,Asian,F,33,2.7,FW,-0.39,0.669642857,1
2894,White,F,35,3.1,NW,-0.7,0.732738095,1
2895,White,M,37,3.6,NW,0.58,0.805357143,1
2896,White,M,38,3.7,FW,1.21,0.827380952,1
2897,White,F,36.5,3.2,NW,-0.41,0.761011905,1
2899,White,F,40,2.5,NW,-1.3,0.738095238,0
2901,White,F,36,3.5,NW,-0.74,0.783333333,1
2903,Other,F,36,3.3,NW,-0.54,0.764285714,0
2905,White,F,36,3.8,NW,1.61,0.811904762,1
2906,White,M,35,3.5,NW,-0.41,0.770833333,1
2907,White,F,39,2.8,NW,0.43,0.754166667,1
2909,White,F,38,3.2,SE,-0.72,0.779761905,1
2911,White,F,38,3,NW,0.51,0.760714286,1
2912,White,M,24,3.5,NW,-0.08,0.633333333,1
2913,White,M,29.5,3.4,NW,-1.44,0.692559524,0
2914,White,F,36,2.5,Mt,-0.91,0.688095238,1
2915,White,M,33,3.2,NW,0.68,0.717261905,1
2916,White,F,36,3.6,NW,-0.6,0.792857143,1
2917,White,M,35,3.4,NW,-0.6,0.761309524,1
2918,White,F,38,2.6,FW,-0.1,0.722619048,0
2919,White,M,43,4,NW,2,0.918452381,1
2920,White,F,37,2.8,Mt,-0.33,0.729166667,1
2921,White,F,35,3.4,NW,-0.23,0.761309524,1
2922,Mexican,M,34,2.7,NW,0.27,0.682142857,0
2923,White,F,39,3,FW,-1.05,0.773214286,1
2924,White,F,33,2.8,Mt,-0.72,0.679166667,1
2926,White,M,36,3,FW,1.21,0.735714286,1
2927,White,M,30.5,3.7,NW,0.64,0.733630952,1
2932,White,F,34.5,2.7,NW,-1.34,0.688392857,1
2933,White,M,42,3,FW,-0.46,0.810714286,0
2934,White,M,34,2.4,NW,-1.11,0.653571429,0
2936,White,F,34,3.1,FW,-0.7,0.720238095,1
2937,White,M,35,3.3,FW,0,0.751785714,0
2938,White,F,36,2.7,NW,-1.38,0.707142857,1
2940,White,F,47,3.5,SE,0.52,0.920833333,1
2941,White,F,40,3.6,MS,1.76,0.842857143,1
2942,White,F,44,3.9,SE,-0.24,0.921428571,1
2943,Black,M,29,3.3,MS,-1.34,0.676785714,0
2944,White,M,45,3.9,MS,0.46,0.933928571,1
2945,White,F,42,3.6,MS,-0.88,0.867857143,1
2946,White,F,38,3.7,NE,0.14,0.827380952,1
2947,Black,M,42,3.7,NG,-0.73,0.877380952,1
2948,Black,F,27,3.6,SE,-3.05,0.680357143,0
2949,Black,M,28.5,3.4,NE,-2.87,0.680059524,0
2950,Puertorican,F,33,3.9,MS,0.19,0.783928571,1
2951,White,F,44,3.7,SE,1.15,0.902380952,1
2952,White,F,47,3.3,GL,0.83,0.901785714,1
2953,White,F,42,3.9,GL,-1.08,0.896428571,1
2954,White,M,48,3.4,MS,0.21,0.923809524,1
2955,White,F,48,3.4,NE,0.88,0.923809524,1
2956,Black,M,31,3,NE,-1.16,0.673214286,1
2957,White,F,46,4,GL,0.56,0.955952381,1
2959,Black,M,37,3.3,MS,-0.3,0.776785714,1
2960,White,F,45,3.7,FW,-0.69,0.914880952,1
2961,White,F,44,3.7,MS,0.35,0.902380952,1
2962,Asian,F,48,3.8,MS,1.5,0.961904762,1
2963,White,F,43,3.6,NG,-0.43,0.880357143,1
2964,White,M,42,3.4,FW,0.99,0.848809524,1
2965,White,F,40,3.5,MS,-1.27,0.833333333,1
2966,Asian,M,41,3.7,NE,-0.35,0.864880952,1
2967,White,M,45,3.5,MS,1.1,0.895833333,1
2968,White,F,38,3.8,SE,-1.06,0.836904762,1
2969,White,F,40,3.5,NE,0.93,0.833333333,1
2970,White,F,43,3.7,SC,1.07,0.889880952,1
2971,White,M,41,3.8,MW,-0.69,0.874404762,1
2972,Asian,M,41,3.7,FW,0.49,0.864880952,1
2973,White,F,45,3.5,NG,0.56,0.895833333,1
2974,White,F,42,3.4,MS,0.77,0.848809524,0
2975,Black,F,40,2.4,NE,-0.81,0.728571429,1
2976,White,F,48,3.6,MS,2.76,0.942857143,1
2977,White,F,43,3.5,MS,0.24,0.870833333,1
2978,White,F,47,3.4,MS,-0.48,0.911309524,1
2979,White,F,42,3.8,Mt,0.19,0.886904762,1
2980,White,F,46,3,MS,-1.66,0.860714286,0
2981,White,F,44,3.5,MS,0.82,0.883333333,1
2982,White,F,48,3.5,MS,1.02,0.933333333,1
2983,White,F,41,3.7,MS,-0.29,0.864880952,1
2984,White,M,48,3.8,NE,-0.26,0.961904762,1
2985,White,F,45,3.7,MS,1.28,0.914880952,1
2986,White,F,44,3.6,FW,0.43,0.892857143,1
2987,Black,F,32,3.2,NE,-0.53,0.704761905,1
2988,White,F,47,3.5,GL,0.62,0.920833333,1
2989,White,F,44,3.2,NE,-0.69,0.854761905,1
2990,White,F,46,3.6,MS,0.72,0.917857143,1
2991,White,M,48,3.7,MS,1.94,0.952380952,1
2992,Asian,F,43,3.6,MS,0.45,0.880357143,1
2993,White,M,40,3.6,MS,1.81,0.842857143,1
2994,White,M,41,3.6,MS,0.72,0.855357143,1
2995,White,F,48,3.6,NE,0.29,0.942857143,1
2996,Asian,F,38,4,SC,1.14,0.855952381,1
2997,White,M,42,3.9,MS,-1.12,0.896428571,1
2998,White,F,40,3.5,NE,-0.39,0.833333333,1
2999,White,F,41,3.7,MS,-0.29,0.864880952,1
3001,White,F,45,3.5,NG,-0.11,0.895833333,1
3002,White,F,42,3.7,MS,-1.36,0.877380952,1
3003,White,F,43,3.6,NE,1.15,0.880357143,1
3004,White,M,45,3.5,MS,0.82,0.895833333,1
3005,White,F,44,3.7,SE,-0.56,0.902380952,1
3006,White,M,46,3.9,SE,-1.15,0.946428571,1
3007,White,F,45,3.5,NE,0.49,0.895833333,1
3008,White,F,48,3.8,NE,1.76,0.961904762,1
3009,White,F,46,3.4,FW,0,0.898809524,1
3010,White,F,41,3.4,MS,-0.3,0.836309524,1
3011,Other,M,47,3.3,FW,0.23,0.901785714,1
3012,Other,F,44,3.5,NG,-0.13,0.883333333,1
3013,White,M,41,3.7,NE,-0.35,0.864880952,1
3014,White,F,42,4,Mt,0.95,0.905952381,1
3016,White,F,47,3.5,SE,0.72,0.920833333,1
3017,White,M,42,3.5,MS,0.65,0.858333333,1
3018,White,F,40,3.3,MS,0.17,0.814285714,1
3019,White,M,38.5,3.8,MS,-0.95,0.843154762,1
3020,White,M,42,3.7,MS,-0.91,0.877380952,1
3021,White,M,42,3.5,MS,-1.01,0.858333333,1
3022,White,F,42,3.7,FW,-2.56,0.877380952,1
3023,White,F,45,3.9,SC,-0.35,0.933928571,1
3024,White,M,40,3.4,GL,-0.26,0.823809524,1
3025,White,F,41,3.5,MS,0.4,0.845833333,1
3027,White,F,40,3.8,NG,0.57,0.861904762,1
3028,Asian,F,45,3.9,NE,-0.44,0.933928571,1
3029,White,F,47,3.7,FW,0.19,0.939880952,1
3030,White,F,45,3.6,Mt,1.54,0.905357143,1
3031,White,F,41,3.6,FW,0.3,0.855357143,1
3032,White,F,44,3.7,GL,0.42,0.902380952,1
3033,White,F,45,3.7,NE,0.09,0.914880952,1
3034,Black,F,32.5,3.7,MS,-1.26,0.758630952,0
3035,White,F,48,3.2,MS,0.93,0.904761905,1
3036,White,F,38,3.9,SC,0.14,0.846428571,1
3037,White,F,46,3.4,NG,-0.06,0.898809524,1
3038,White,F,41,3.4,MS,-1.21,0.836309524,1
3039,White,F,46,3.7,NE,-0.63,0.927380952,1
3040,White,F,44,3.9,NE,0.25,0.921428571,1
3042,White,M,46,3.5,MS,0.59,0.908333333,1
3043,White,M,44,4,SC,0.98,0.930952381,1
3044,Other,M,45,3.9,GL,-0.43,0.933928571,1
3045,White,F,42,3.4,MS,1.94,0.848809524,1
3046,White,F,48,3.9,MS,0.89,0.971428571,1
3047,White,F,38,3.7,SE,0.4,0.827380952,1
3048,Black,F,40,2.9,MS,-1.44,0.776190476,0
3049,Black,F,34,2.9,MS,-1.44,0.701190476,0
3050,White,F,36.7,3.6,MS,0.75,0.801607143,1
3051,White,M,46,3.4,NE,-0.56,0.898809524,1
3052,White,M,42,3.6,FW,0.06,0.867857143,1
3053,White,F,42.5,3,MS,0.19,0.816964286,1
3054,White,M,44,3.5,NG,-0.48,0.883333333,1
3055,White,F,40,3.4,MS,-0.91,0.823809524,1
3056,White,F,43,3.5,MS,0.46,0.870833333,1
3057,White,F,42,3.7,Mt,0.67,0.877380952,1
3058,White,F,40,3.6,NE,0.35,0.842857143,1
3059,White,F,48,3.5,NE,1.27,0.933333333,1
3060,White,M,45,3.9,MS,1.02,0.933928571,1
3061,White,M,39,3.7,SE,-0.75,0.839880952,1
3062,White,F,47,3.7,MS,-0.03,0.939880952,1
3063,White,M,43,3.8,Mt,0.85,0.899404762,1
3064,White,F,45,3.6,NE,0.26,0.905357143,1
3065,White,F,45,3.6,MS,1.58,0.905357143,1
3066,Black,M,39,2.9,MS,-0.87,0.763690476,0
3067,White,F,41,3.5,MS,0.59,0.845833333,1
3068,White,M,41,3.6,MS,-0.42,0.855357143,1
3069,White,F,45,3.1,MS,1.58,0.857738095,1
3071,Black,F,32,2.9,NE,-0.56,0.676190476,1
3072,White,F,38,3.5,MS,-0.2,0.808333333,1
3073,White,M,34,3.6,MS,-0.53,0.767857143,1
3074,White,M,39,3.6,NE,-1.27,0.830357143,1
3076,White,F,39.5,3.1,GL,0.98,0.788988095,1
3077,White,F,38,2.9,MW,0.12,0.751190476,0
3078,White,M,40,2.6,Mt,1.82,0.747619048,1
3079,White,F,40,2.9,Mt,0.96,0.776190476,1
3080,White,F,38,2.5,Mt,2.1,0.713095238,1
3081,White,F,31,3.7,Mt,0.57,0.739880952,1
3082,Amerindian,F,28,2.5,FW,-1.54,0.588095238,0
3083,White,F,36,3,Mt,-0.54,0.735714286,1
3084,White,M,37,3.6,Mt,0.26,0.805357143,1
3085,White,M,32.3,3.1,Mt,-0.4,0.698988095,0
3086,White,M,34.5,3.1,SC,0.87,0.726488095,1
3087,White,F,37.5,3.4,Mt,1.1,0.792559524,1
3089,Hispanic,M,25,3.1,Mt,-0.66,0.607738095,0
3090,White,F,39,2.3,Mt,-0.03,0.706547619,1
3091,White,F,35,2.5,NE,-0.56,0.675595238,1
3092,White,F,40,2.5,Mt,-0.5,0.738095238,1
3093,White,M,35,2.5,SE,-0.85,0.675595238,1
3094,White,F,39,2.9,Mt,2.06,0.763690476,1
3095,Other,M,36,3.5,Mt,0.24,0.783333333,1
3096,White,M,30.5,3.1,Mt,-1.52,0.676488095,0
3098,White,F,33.5,3.2,Mt,0.65,0.723511905,1
3099,White,F,38,3.2,Mt,1.34,0.779761905,1
3100,White,F,37,3.4,Mt,1.28,0.786309524,1
3101,White,F,33,3.6,NE,2.23,0.755357143,1
3103,White,M,42,3.4,Mt,-0.58,0.848809524,1
3104,White,M,35,3.8,Mt,0.05,0.799404762,1
3105,White,M,39,3.1,Mt,0.07,0.782738095,1
3106,Asian,M,28,2.5,Mt,-1.26,0.588095238,0
3108,White,M,36.5,3,Mt,0.67,0.741964286,1
3109,White,F,39,2.7,Mt,0.44,0.744642857,1
3111,White,F,39,2.4,Mt,-0.64,0.716071429,1
3113,White,F,41,3.4,Mt,-0.11,0.836309524,1
3114,White,F,40,2.8,Mt,0.2,0.766666667,1
3115,White,F,31,3.3,GL,0.22,0.701785714,1
3116,Black,M,31,3.2,Mt,-1.07,0.692261905,0
3117,White,F,38,3.4,Mt,1.9,0.798809524,1
3118,White,F,41,3.9,MW,0.75,0.883928571,1
3120,White,M,41,3.1,Mt,0.94,0.807738095,1
3121,Hispanic,M,35,3.6,Mt,0.03,0.780357143,1
3122,White,M,40,3.6,Mt,-0.01,0.842857143,1
3123,White,F,35,3.1,Mt,-0.72,0.732738095,1
3124,Hispanic,M,31,3.1,FW,-1.75,0.682738095,0
3125,White,F,37,3.2,Mt,-0.05,0.767261905,1
3126,White,F,37,2.9,Mt,-0.17,0.738690476,1
3127,White,M,42,3,Mt,0.71,0.810714286,1
3128,White,F,38,2.9,Mt,0.48,0.751190476,1
3129,Hispanic,M,37,3.3,Mt,-0.25,0.776785714,0
3130,White,M,38,2.9,Mt,-0.38,0.751190476,1
3131,White,F,39,2.9,Mt,1.67,0.763690476,1
3132,Black,M,30,2.9,Mt,-0.56,0.651190476,0
3133,Hispanic,M,33.5,3.1,Mt,0.44,0.713988095,1
3134,White,F,37,3.1,Mt,0.85,0.757738095,1
3135,White,F,37,3.2,Mt,-0.54,0.767261905,1
3137,White,M,36,2.9,Mt,0.89,0.726190476,1
3139,White,F,41,3.8,Mt,-0.87,0.874404762,1
3140,White,M,30.7,2.7,Mt,-0.87,0.640892857,1
3141,White,M,35,3.4,Mt,-0.13,0.761309524,1
3142,Amerindian,F,22.5,2.2,Mt,-0.91,0.49077381,0
3143,White,M,42,3.7,Mt,0.87,0.877380952,1
3145,White,F,45,3.5,Mt,0.53,0.895833333,1
3146,White,F,39,2.4,Mt,0.51,0.716071429,1
3147,White,F,34.5,2.9,SE,0.26,0.707440476,1
3148,White,M,35,3.2,Mt,-1.26,0.742261905,1
3149,White,M,38,3.3,Mt,-0.48,0.789285714,1
3150,White,F,40,2.9,Mt,-0.79,0.776190476,1
3151,White,F,37,3,Mt,0.34,0.748214286,1
3152,White,F,36,3.8,Mt,-0.64,0.811904762,1
3153,White,M,37,3.3,Mt,-0.62,0.776785714,0
3154,White,F,45,2.9,Mt,0.42,0.838690476,1
3155,White,F,41,3.1,Mt,1.65,0.807738095,1
3158,White,F,41,3.1,Mt,-0.29,0.807738095,1
3159,White,M,29.5,3.4,FW,0.53,0.692559524,1
3161,White,M,38,3.7,Mt,-0.31,0.827380952,1
3162,White,M,34,2.7,Mt,0.73,0.682142857,1
3164,White,F,39,3.5,Mt,2.06,0.820833333,1
3165,Asian,M,35.5,3.2,NE,-0.62,0.748511905,1
3166,White,M,30.7,3.6,Mt,-0.97,0.726607143,1
3167,Mexican,M,35,3.2,Mt,0.26,0.742261905,1
3168,White,M,35,3.8,Mt,0.24,0.799404762,1
3169,Other,M,40,3.1,Mt,-1.36,0.795238095,1
3170,White,F,32,2.8,FW,-1.36,0.666666667,0
3171,Hispanic,F,40,2.9,Mt,1.14,0.776190476,1
3172,White,M,35,3.4,Mt,0.2,0.761309524,1
3173,White,M,37,3.6,Mt,1.47,0.805357143,1
3174,White,F,41,3.2,Mt,1.12,0.817261905,1
3175,White,M,27,3.5,Mt,-1.4,0.670833333,0
3176,White,F,42,2.4,NE,1.61,0.753571429,1
3177,White,M,37,2.8,Mt,-0.48,0.729166667,1
3178,White,M,37,3.8,Mt,0.85,0.824404762,1
3180,White,M,36.5,3.3,SE,0.26,0.770535714,1
3181,White,F,37,3.5,Mt,0.24,0.795833333,1
3182,White,F,38,2.7,Mt,-0.03,0.732142857,1
3184,White,F,38.5,3,Mt,0.2,0.766964286,1
3185,White,M,37.5,2.7,Mt,1.3,0.725892857,1
3186,White,M,40,2.6,Mt,-0.44,0.747619048,0
3187,White,M,33,3.6,Mt,-0.81,0.755357143,1
3190,Amerindian,M,32,3.9,Mt,0.77,0.771428571,1
3191,White,M,32.3,3.3,Mt,1.49,0.718035714,1
3192,Hispanic,F,38,2.8,Mt,-0.64,0.741666667,0
3193,White,M,37.5,3.7,Mt,0.71,0.821130952,1
3194,White,F,39,3.6,Mt,1.34,0.830357143,1
3196,White,F,39,3,Mt,-0.17,0.773214286,1
3198,White,M,37,3.4,Mt,1.06,0.786309524,1
3199,White,F,42,3.1,Mt,1.57,0.820238095,1
3200,White,F,38,2.9,GL,-0.74,0.751190476,1
3202,Amerindian,F,25,3.4,FW,-1.77,0.636309524,0
3204,Asian,F,38,2.8,FW,-1.26,0.741666667,1
3205,Asian,F,32,3.2,FW,-0.91,0.704761905,1
3206,White,F,40,2.6,Mt,-0.93,0.747619048,1
3207,Mexican,F,28,3.8,Mt,-0.93,0.711904762,1
3208,Hispanic,F,33.5,2.7,Mt,-0.48,0.675892857,1
3209,White,M,39,2.5,Mt,0.16,0.725595238,1
3212,White,F,38,3.6,Mt,-1.26,0.817857143,1
3213,White,F,37,3.4,Mt,-0.86,0.786309524,1
3215,White,F,41,3.5,Mt,1.45,0.845833333,1
3216,White,M,34.5,3.6,Mt,0.06,0.774107143,1
3219,White,F,38,3.3,Mt,0.04,0.789285714,1
3221,Mexican,F,34,2.5,FW,-0.97,0.663095238,0
3223,Amerindian,M,26,3.1,Mt,-1.5,0.620238095,1
3224,White,F,37,3.7,Mt,1.08,0.814880952,1
3225,Amerindian,F,22.7,2.5,FW,-1.34,0.521845238,0
3226,Asian,M,40,3.2,GL,-0.4,0.804761905,1
3227,White,M,41,3.2,Mt,-0.74,0.817261905,0
3228,White,F,41,3.4,Mt,1.43,0.836309524,1
3229,White,F,37,2.9,Mt,-0.84,0.738690476,1
3232,White,F,40,2.9,Mt,0.45,0.776190476,1
3233,Black,M,23.5,2.6,FW,-1.79,0.541369048,0
3234,Amerindian,M,29,2.8,Mt,-1.65,0.629166667,0
3235,Black,F,27.5,2.8,Mt,-0.22,0.610416667,1
3236,White,M,36,4,Mt,0.64,0.830952381,1
3237,White,F,40,3.6,Mt,0.68,0.842857143,1
3238,White,M,35,3.6,Mt,-0.67,0.780357143,1
3239,Mexican,F,32,3.3,Mt,-0.87,0.714285714,1
3240,White,F,42,3.1,Mt,0.44,0.820238095,1
3241,Mexican,F,26,3.6,Mt,-1.23,0.667857143,0
3242,White,M,44,3.5,Mt,1.43,0.883333333,1
3243,Asian,F,39,3.7,Mt,0.49,0.839880952,1
3245,White,F,41,3.8,Mt,0.83,0.874404762,1
3248,White,M,40,3.2,Mt,1.31,0.804761905,1
3249,White,F,46,3.4,Mt,1.93,0.898809524,1
3250,White,M,41,3.4,Mt,-0.55,0.836309524,1
3251,White,M,42,3.8,Mt,0.57,0.886904762,1
3254,White,M,47,3.5,Mt,1.73,0.920833333,1
3256,White,F,40,3.4,Mt,-0.22,0.823809524,1
3257,Asian,F,25.5,3.3,FW,-0.91,0.633035714,0
3258,Black,F,30,2.3,NE,-0.93,0.594047619,0
3260,White,M,39,3.5,Mt,1.97,0.820833333,1
3261,Mexican,F,30,3.2,Mt,-0.43,0.679761905,1
3262,White,F,35,4,Mt,1.2,0.818452381,1
3263,White,F,34,3.8,Mt,-0.18,0.786904762,1
3264,Asian,M,35,3.6,Mt,-0.22,0.780357143,1
3265,Amerindian,F,33,2.6,FW,-0.47,0.660119048,0
3266,White,F,41,2.6,Mt,0.1,0.760119048,1
3269,White,F,41,3.7,Mt,1.5,0.864880952,1
3271,White,F,43,3.1,Mt,0.64,0.832738095,1
3272,White,F,46,3,Mt,0.49,0.860714286,1
3273,White,M,35,3.8,Mt,0.09,0.799404762,1
3274,White,F,42,3.3,Mt,0.44,0.839285714,1
3275,White,M,43,3.3,Mt,2.7,0.851785714,1
3276,White,F,37,3.7,Mt,-0.54,0.814880952,1
3279,White,M,41,3.6,SE,0.17,0.855357143,1
3280,White,M,41,3.5,SE,0.81,0.845833333,1
3281,White,M,40,3,SE,-1.11,0.785714286,1
3282,White,F,39,3.6,SE,-0.97,0.830357143,1
3283,White,F,44,3.1,SE,1.97,0.845238095,1
3284,White,F,40,3.6,SE,0.46,0.842857143,1
3285,White,M,43,3.7,SE,0.42,0.889880952,1
3286,White,F,34,3.9,SE,1.12,0.796428571,1
3288,White,M,40,3.3,SE,0.77,0.814285714,1
3289,White,F,39,3.5,SE,-1.22,0.820833333,1
3290,White,F,42,3,SE,0.16,0.810714286,1
3292,White,F,44,3.2,SE,0.58,0.854761905,1
3293,White,F,47,3.2,SE,-1.15,0.892261905,1
3294,White,M,45,3.5,SE,-0.13,0.895833333,1
3295,White,M,46,3.8,SE,1.83,0.936904762,1
3297,White,F,43,2.5,SE,0.95,0.775595238,1
3298,White,M,38,3.5,SE,1.49,0.808333333,1
3299,White,F,41,3.2,SE,0.74,0.817261905,1
3300,White,M,41,2.7,SE,0.47,0.769642857,1
3301,White,F,42,2.9,SE,-2.02,0.801190476,0
3302,White,M,39,3.6,SE,-0.67,0.830357143,1
3304,White,F,37,3.7,SE,-0.39,0.814880952,1
3305,White,F,41,2.6,SE,-0.6,0.760119048,1
3306,White,F,42,3.4,SE,-0.06,0.848809524,1
3308,White,M,37,3.2,SE,-0.64,0.767261905,1
3309,White,F,39.5,3.1,SE,-0.53,0.788988095,1
3310,White,M,45,2.8,SE,-0.27,0.829166667,1
3311,White,F,39,3.2,SE,-0.67,0.792261905,1
3312,White,F,43,3.3,SE,0.84,0.851785714,1
3313,White,M,41,3.4,SE,0.33,0.836309524,1
3314,White,M,37,3.8,SE,0.93,0.824404762,1
3315,White,F,40,3.6,SE,-1.22,0.842857143,1
3317,White,F,43,3.1,SE,-0.57,0.832738095,1
3318,White,M,45,3.2,SE,0.97,0.867261905,1
3319,White,F,39,3.7,SE,2.04,0.839880952,1
3320,White,F,38.5,3.1,SE,-1.34,0.776488095,1
3321,White,M,40,3.7,SE,0.88,0.852380952,1
3322,White,F,37.5,3.1,SE,-0.2,0.763988095,1
3323,White,F,42,3.2,SE,0.37,0.829761905,1
3324,White,F,45,3.4,SE,1.05,0.886309524,1
3326,White,M,44,3.7,SE,1.62,0.902380952,1
3328,White,F,44,3.1,SE,1.74,0.845238095,1
3329,White,M,43,3.2,SE,0.16,0.842261905,1
3331,White,M,35,3.8,SE,1.9,0.799404762,1
3332,Black,M,29,3.4,SE,-0.6,0.686309524,1
3333,White,F,45,3.1,NE,0.79,0.857738095,1
3334,White,M,40,3.3,SE,-0.99,0.814285714,1
3335,White,F,36,3.8,SE,-1.04,0.811904762,1
3336,White,M,37,3.6,SE,-1.18,0.805357143,1
3337,White,F,41,3.2,SE,1.99,0.817261905,1
3338,White,M,35,3.3,SE,-1.29,0.751785714,1
3339,White,F,40,2.6,SE,-0.9,0.747619048,1
3340,White,F,45,3.6,SE,0.24,0.905357143,1
3341,White,F,42,3.4,SE,-0.88,0.848809524,1
3342,White,F,41,2.8,SE,0.84,0.779166667,1
3343,White,M,42,3,SE,-1.22,0.810714286,1
3344,White,M,35,3.7,SE,-0.53,0.789880952,1
3345,White,F,42,3.2,SE,-1.57,0.829761905,1
3346,Black,M,26,3,SE,-1.57,0.610714286,0
3348,White,M,34,3.7,SE,-1.23,0.777380952,0
3349,White,F,39,3.8,SE,1.4,0.849404762,1
3350,White,F,34,3.9,SE,0.12,0.796428571,1
3351,Black,M,30,3.3,SE,-1.34,0.689285714,1
3352,White,M,39,3.9,SE,-0.11,0.858928571,1
3353,White,F,40,3.2,SE,-0.14,0.804761905,1
3354,White,F,42,3.8,SE,-0.25,0.886904762,1
3355,White,F,37,3.6,SE,1.21,0.805357143,1
3357,White,F,38,3.8,SE,0.6,0.836904762,1
3358,White,F,42,3,SE,-1.02,0.810714286,1
3359,White,M,45,3.6,SE,0.49,0.905357143,1
3360,White,F,39,3.3,SE,0.42,0.801785714,1
3361,White,M,41,3.2,SE,-0.9,0.817261905,1
3363,Black,F,28.3,2.4,SE,-2.18,0.582321429,0
3364,White,F,44,2.9,SE,-1.13,0.826190476,1
3365,White,F,37,3.6,SE,1.16,0.805357143,1
3366,White,M,37,3.6,SE,0.98,0.805357143,1
3367,White,F,38,3.5,SE,-0.2,0.808333333,1
3368,White,M,40,3.5,SE,-0.27,0.833333333,1
3369,White,M,40,3.8,SE,0.09,0.861904762,1
3370,White,F,39.5,3.1,SE,0.33,0.788988095,1
3371,White,F,42,3.7,SE,0.38,0.877380952,1
3372,White,F,38,3.8,SE,0.82,0.836904762,1
3373,White,F,45,2.9,SE,0.09,0.838690476,1
3374,White,M,41,3.1,SE,0.31,0.807738095,1
3375,White,F,42,3.4,SE,0.17,0.848809524,1
3376,White,F,43,3.2,SE,1.4,0.842261905,1
3378,White,F,43,3,SE,1.4,0.823214286,1
3379,White,M,39,3.3,SE,-1.25,0.801785714,1
3380,White,F,44,3.4,SE,0.12,0.873809524,1
3381,White,M,41,3.1,SE,0.02,0.807738095,1
3383,White,F,42,2.9,SE,-0.69,0.801190476,1
3384,White,M,27,3.1,SE,-0.65,0.632738095,1
3385,White,F,39,3.1,SE,0.17,0.782738095,1
3386,White,F,44,3.4,SE,0.4,0.873809524,1
3387,White,F,42,3.3,SE,0.53,0.839285714,1
3389,White,M,44,3,SE,0.86,0.835714286,1
3390,White,M,41,3.9,SE,1.02,0.883928571,1
3392,Black,F,30,2.6,SE,-1,0.622619048,1
3393,White,F,40,3.2,SE,1.16,0.804761905,1
3394,White,F,41,3,SE,0.05,0.798214286,1
3395,White,F,46,4,SE,1.53,0.955952381,1
3396,White,F,43,2.6,SE,1.3,0.785119048,1
3397,White,M,43,2.9,SE,-0.65,0.813690476,1
3399,White,F,39,3.8,SE,-0.39,0.849404762,1
3400,White,F,41,2.9,SE,-0.37,0.788690476,1
3401,White,F,42,3.7,SE,0.3,0.877380952,1
3402,White,M,44,3.8,SE,-0.21,0.911904762,1
3403,White,F,41,3.4,SE,1.9,0.836309524,1
3404,White,F,45,3.3,SE,-0.57,0.876785714,1
3405,White,F,36,3.6,SE,0.12,0.792857143,1
3406,White,M,43,3.4,SE,0.51,0.861309524,1
3407,White,F,41,3.5,SE,-1.22,0.845833333,1
3408,White,F,36,3.7,SE,-0.32,0.802380952,1
3409,White,F,42,3.9,SE,1.48,0.896428571,1
3410,White,F,42,3.1,SE,-0.48,0.820238095,1
3411,White,F,48,2.8,SE,-0.25,0.866666667,1
3412,White,M,39,3.2,SE,-0.18,0.792261905,1
3413,Hispanic,M,36,3.4,SE,0.51,0.773809524,1
3414,White,M,43,3.4,MS,1.11,0.861309524,1
3415,Black,F,31,2.6,SE,-1.48,0.635119048,1
3416,White,M,42,3.4,SE,-0.76,0.848809524,1
3417,White,M,40.5,2.6,SE,-0.74,0.753869048,1
3418,Black,M,30,2.9,SE,-1.71,0.651190476,0
3419,White,M,38,4,SE,-0.48,0.855952381,1
3420,White,M,41,2.9,SE,-0.72,0.788690476,1
3421,White,F,42,3.1,SE,-0.48,0.820238095,1
3422,White,F,44,3.1,SE,-0.39,0.845238095,1
3423,White,M,42,3.3,SE,1.86,0.839285714,1
3424,White,F,39,3.8,SE,0.77,0.849404762,1
3425,White,F,41,3,SE,-0.11,0.798214286,1
3427,White,F,45,3,SE,-0.55,0.848214286,1
3428,White,F,42,3.5,SE,-1.23,0.858333333,1
3429,White,F,41,3.7,SE,-1,0.864880952,1
3430,White,F,46,2.9,SC,-0.97,0.851190476,1
3432,White,F,43,3.6,SE,1.07,0.880357143,1
3433,White,M,39,3.3,SE,-0.62,0.801785714,1
3435,White,F,44,4,SE,1.44,0.930952381,1
3436,White,M,41,3.8,SE,1.32,0.874404762,1
3437,White,M,45,3.2,SE,-0.04,0.867261905,1
3438,White,F,42,2.9,SE,-0.13,0.801190476,1
3439,White,F,44,2.9,SE,-0.09,0.826190476,1
3440,White,F,43,3.6,SE,1.23,0.880357143,1
3441,White,F,46,3.4,SE,1.84,0.898809524,1
3442,White,F,37.5,3.5,SE,-0.28,0.802083333,1
3443,White,F,48,2.8,SE,0.14,0.866666667,1
3444,White,M,36,3.4,SE,0.3,0.773809524,1
3445,White,M,46,3.6,SE,1.83,0.917857143,1
3446,White,F,41,3.6,MS,0.42,0.855357143,1
3447,White,F,45,3.5,MS,-0.53,0.895833333,1
3448,White,F,40,3.8,SE,-0.28,0.861904762,1
3449,Other,F,45,3.6,FW,1.77,0.905357143,1
3450,White,M,47,3.7,NG,-0.43,0.939880952,1
3451,White,M,47,3.3,MS,1.42,0.901785714,1
3452,Black,M,35,3,MS,-1.28,0.723214286,1
3454,White,M,42,3.5,MS,1.85,0.858333333,1
3455,White,M,39,3.7,MS,-0.53,0.839880952,1
3456,White,M,48,3.9,NE,2.11,0.971428571,1
3457,White,F,42,3.4,MS,0.04,0.848809524,0
3458,White,F,43.5,3.5,MS,1.19,0.877083333,1
3459,White,F,46,3.5,MS,0.47,0.908333333,1
3460,Other,F,44,3.7,SE,0.03,0.902380952,1
3461,White,F,43,3.8,MS,0.14,0.899404762,1
3462,White,M,46,3.6,MS,-0.13,0.917857143,1
3463,White,F,46,3.4,SC,0.73,0.898809524,1
3466,White,M,43,3.4,MS,0.3,0.861309524,1
3467,White,F,45,3.4,NE,-0.48,0.886309524,1
3468,White,F,44,4,Mt,0.59,0.930952381,1
3469,Asian,M,42,3.8,MS,-0.89,0.886904762,1
3470,White,F,43,3.6,SC,0.49,0.880357143,1
3471,White,M,41,3.5,MS,0.89,0.845833333,1
3472,White,M,44,3.6,MS,0.17,0.892857143,1
3473,White,F,42,3.9,SC,0.78,0.896428571,1
3474,White,F,47,3.7,MS,0.1,0.939880952,1
3475,White,F,45,3.5,MS,-1.7,0.895833333,1
3476,White,F,47,3.5,MS,0.39,0.920833333,1
3477,White,M,48,3.8,MS,1.43,0.961904762,1
3478,White,F,43,3.6,SC,-0.66,0.880357143,1
3479,Asian,F,38,3.8,SE,-0.38,0.836904762,1
3480,White,F,42,3.8,SE,0.66,0.886904762,1
3481,White,F,44,3.8,MS,0.64,0.911904762,1
3482,White,M,43,3.7,GL,0.7,0.889880952,1
3483,White,F,39,3.6,SE,0.75,0.830357143,1
3484,White,M,45,3.7,Mt,-0.75,0.914880952,1
3486,White,M,44,3.5,NE,-0.56,0.883333333,1
3487,Other,M,42,3.7,NG,-0.87,0.877380952,1
3489,Black,F,33,3,NE,-1.3,0.698214286,1
3490,White,F,37,3.7,NE,0.17,0.814880952,1
3491,White,F,40,3.3,MS,-1.28,0.814285714,0
3492,White,M,45,3.6,SC,0.23,0.905357143,1
3493,White,M,43,3,MS,-1.38,0.823214286,1
3494,White,M,45,3.4,MS,-0.18,0.886309524,1
3495,Asian,M,40,3.7,NE,-1.26,0.852380952,1
3496,White,M,42,3.8,MS,0.49,0.886904762,1
3497,White,M,43,3.4,NE,-0.58,0.861309524,0
3498,White,M,41,3.7,FW,0.8,0.864880952,1
3499,White,F,40,3.5,MS,-0.35,0.833333333,1
3500,White,F,35,3.6,MS,-0.71,0.780357143,1
3501,White,F,48,3.6,MW,0.23,0.942857143,1
3502,White,F,43,3.7,FW,0.95,0.889880952,1
3503,White,M,43,3.2,MS,-0.27,0.842261905,1
3504,White,M,46,3.9,SE,1.07,0.946428571,1
3505,White,F,46,3.7,MS,1.12,0.927380952,1
3506,Amerindian,F,36,2.8,NG,-3.08,0.716666667,0
3507,White,F,44,3.5,NE,0.13,0.883333333,1
3508,White,F,43,3.4,GL,-0.77,0.861309524,1
3509,White,F,42,3.5,MS,1.25,0.858333333,1
3510,White,F,48,3.8,FW,1.37,0.961904762,1
3511,White,F,43,3.4,FW,0.89,0.861309524,1
3512,White,F,43,3.9,MS,1.15,0.908928571,1
3513,White,F,43,3.7,MS,2.43,0.889880952,1
3514,White,M,43,3.5,NE,1.22,0.870833333,1
3515,White,F,43,3.7,Mt,0.19,0.889880952,1
3516,White,M,48,3.5,MS,0.4,0.933333333,1
3517,White,F,42,3.5,MS,0.72,0.858333333,1
3518,White,F,44,3.8,Mt,-0.96,0.911904762,0
3519,White,F,44,3.7,NE,1.15,0.902380952,1
3521,White,F,47,3.6,GL,-0.56,0.930357143,1
3522,White,F,44,3.7,MS,-0.66,0.902380952,1
3523,White,F,43,3.8,NE,0.89,0.899404762,1
3524,White,M,42,3.8,MS,-0.05,0.886904762,1
3525,White,F,47,3.4,NE,1.34,0.911309524,1
3526,White,F,42,3.1,NE,-0.82,0.820238095,1
3527,White,M,45,3.9,MS,0.14,0.933928571,1
3528,White,F,47,3.6,MS,0.6,0.930357143,1
3530,Black,M,34,3.2,NE,-0.81,0.729761905,1
3531,White,M,35,4,SE,-0.74,0.818452381,1
3532,Asian,M,37.5,3.4,NE,-0.88,0.792559524,1
3533,White,F,48,3.5,FW,-0.61,0.933333333,0
3534,White,F,41,3.6,NG,0.51,0.855357143,1
3535,White,F,41,3.4,MS,-2.4,0.836309524,1
3536,White,M,44,3.5,MW,-1.31,0.883333333,1
3537,White,M,44,3.7,MS,0.82,0.902380952,1
3538,White,M,41,3.7,GL,-0.61,0.864880952,1
3539,White,M,43,3.5,MS,0.19,0.870833333,1
3540,White,M,48,3.2,SC,-0.33,0.904761905,1
3541,White,F,47,3.5,MS,0.99,0.920833333,1
3542,White,M,44,3.3,MS,-1.48,0.864285714,0
3543,White,M,42,3.7,MS,0.04,0.877380952,1
3544,White,M,47,3.6,NE,-0.33,0.930357143,1
3545,White,M,45,3.4,NE,0.99,0.886309524,1
3546,White,F,43,3.4,MS,-0.48,0.861309524,1
3547,Asian,M,40,3.6,MS,-1.37,0.842857143,0
3548,White,M,45,3.9,GL,-0.69,0.933928571,1
3549,White,F,41,3.7,NE,0.72,0.864880952,1
3550,White,F,42,3.8,MS,-0.52,0.886904762,1
3552,White,M,43,3.6,NE,0.32,0.880357143,1
3553,White,M,44,3.5,MS,-0.52,0.883333333,1
3554,White,M,43,3.7,FW,1,0.889880952,1
3555,White,M,46,4,SC,0.55,0.955952381,1
3556,Other,M,45,3.8,NE,0.98,0.924404762,1
3558,White,F,45,4,MS,0.62,0.943452381,1
3559,White,F,44,4,MS,-0.72,0.930952381,1
3560,White,M,46,3.6,MS,0.13,0.917857143,1
3561,White,F,48,3.9,NG,1.18,0.971428571,1
3562,White,F,48,3.2,FW,0.81,0.904761905,1
3563,White,F,44,3.5,MS,1.25,0.883333333,1
3564,White,M,42,3.9,FW,0.06,0.896428571,1
3565,White,M,41,3.8,NG,-0.22,0.874404762,1
3566,White,M,46,3.8,MS,0.06,0.936904762,1
3567,White,F,38,3.9,MS,0.85,0.846428571,1
3568,White,F,43,3.5,NE,0.24,0.870833333,1
3569,White,F,39,4,MS,-0.51,0.868452381,1
3570,Black,M,34,3.5,MS,-0.95,0.758333333,0
3572,White,F,42,4,MW,1.39,0.905952381,1
3573,Other,M,35,2.9,MW,0.05,0.713690476,1
3574,White,M,32,3.1,SC,0.76,0.695238095,1
3575,White,F,41,2.5,NE,-0.5,0.750595238,0
3576,White,F,35,2.8,MW,0.27,0.704166667,1
3577,White,M,39,3.6,MW,0.2,0.830357143,1
3578,White,F,35.5,2.6,NG,-0.35,0.691369048,1
3579,White,F,39,3,MW,0.76,0.773214286,1
3580,White,F,33,3.5,MW,0.89,0.745833333,1
3581,White,F,32,3.3,Mt,0.54,0.714285714,1
3582,White,F,36,3.3,MW,1.28,0.764285714,1
3583,White,F,37,2.8,MW,0.15,0.729166667,1
3584,White,F,37,3.9,MW,1.32,0.833928571,1
3585,White,F,40,3.1,MW,1.34,0.795238095,1
3586,White,M,35,2.8,MW,-0.84,0.704166667,1
3587,White,M,36,3.6,MW,-0.17,0.792857143,1
3588,White,M,29.5,3,MW,-1.19,0.654464286,1
3590,White,F,33,3.3,FW,0.05,0.726785714,1
3591,White,F,36,2.6,GL,0.88,0.697619048,1
3592,White,F,34.5,2.7,NE,0.53,0.688392857,1
3593,White,F,38,3,MW,-1.81,0.760714286,0
3594,Mexican,F,36,2.7,FW,-1.22,0.707142857,1
3595,White,F,42,3.2,MW,1.61,0.829761905,1
3596,Other,M,33,3.2,FW,-1.61,0.717261905,1
3598,White,F,33,3,SC,-1.06,0.698214286,1
3599,White,F,34,3.1,MW,0.97,0.720238095,1
3600,White,F,40,3.7,MW,1.41,0.852380952,1
3601,White,F,41,3.3,MW,1.52,0.826785714,1
3603,White,F,38,3.6,MW,0.15,0.817857143,1
3604,White,F,34,3.1,MW,-0.57,0.720238095,1
3605,White,M,35,2.9,GL,-0.52,0.713690476,1
3606,White,M,39,3.5,MW,0.12,0.820833333,1
3607,White,F,31,3.3,FW,-0.04,0.701785714,1
3608,White,F,37,2.9,MW,0.15,0.738690476,0
3609,White,M,39,3.2,GL,0.4,0.792261905,1
3610,White,M,32,3.3,GL,0.17,0.714285714,1
3611,White,F,31,3,MW,1.2,0.673214286,1
3613,White,M,34,2.8,MW,-0.11,0.691666667,1
3614,White,F,33,3.8,MW,1.81,0.774404762,1
3616,White,M,28,3.5,MW,-1.21,0.683333333,1
3617,White,F,40,3.2,MW,-0.26,0.804761905,1
3618,White,F,31,3.1,MW,0.01,0.682738095,1
3619,White,F,33,3,MW,-1.05,0.698214286,0
3620,White,M,32,3.7,MW,0.17,0.752380952,1
3621,White,M,31.5,3.6,Mt,0.71,0.736607143,1
3622,White,F,34,3.1,GL,0.22,0.720238095,1
3623,White,F,28,3.6,MW,-1.38,0.692857143,1
3624,White,F,42,3.9,MW,0.45,0.896428571,1
3625,White,F,33,3,MW,0.08,0.698214286,1
3626,White,M,32,3.1,Mt,0.04,0.695238095,1
3627,White,M,31,3.4,FW,0.23,0.711309524,1
3628,White,F,27,3.2,MW,-0.7,0.642261905,1
3629,White,F,35,3.2,FW,-0.46,0.742261905,0
3631,White,F,29,3.4,GL,0.39,0.686309524,1
3632,White,M,33,3,MW,-0.79,0.698214286,1
3633,White,M,39,3.9,GL,0.59,0.858928571,1
3634,White,F,36,3.1,MW,0.36,0.745238095,1
3635,White,F,33,3.1,MW,0.05,0.707738095,1
3637,White,M,36,2.8,SE,0.26,0.716666667,1
3638,White,M,35,3,MW,-0.09,0.723214286,1
3639,White,M,39,3.1,MW,0.57,0.782738095,1
3640,White,F,34,3,MW,0.28,0.710714286,1
3641,White,M,31,3.6,MW,-0.79,0.730357143,1
3644,White,M,30.5,3.7,MW,-0.39,0.733630952,1
3645,White,F,30,2.5,GL,-0.99,0.613095238,1
3646,White,F,35,2.8,SE,-1.34,0.704166667,1
3647,White,F,29,3.5,MW,0.94,0.695833333,1
3648,White,F,38,3.3,MW,-0.36,0.789285714,1
3649,White,F,32,2.5,MW,-0.67,0.638095238,1
3650,White,F,29,3.5,Mt,0.58,0.695833333,1
3651,White,F,34,3,Mt,-0.6,0.710714286,0
3652,White,F,28,3.1,MW,-0.97,0.645238095,0
3653,White,F,24,3.8,MW,-0.13,0.661904762,1
3654,White,M,27,3.9,NE,-0.23,0.708928571,0
3658,White,F,30,3,NE,-0.09,0.660714286,0
3659,White,M,34,3.1,Mt,-0.41,0.720238095,1
3660,White,M,37,3.4,MW,2.71,0.786309524,1
3661,White,F,33,2.9,MW,0.65,0.688690476,1
3663,White,F,32,3,MW,-0.45,0.685714286,1
3664,White,M,28,3.6,Mt,-1.59,0.692857143,1
3665,White,F,36,2.5,MW,-1.65,0.688095238,0
3666,White,F,32,3.2,MW,0.54,0.704761905,1
3667,White,M,32,3.1,Mt,-0.15,0.695238095,0
3668,Black,F,32,2.8,MW,-1.11,0.666666667,1
3669,Black,M,36,2.7,MW,-0.68,0.707142857,1
3670,Black,M,25.5,3.4,MW,-0.91,0.642559524,1
3671,White,M,30.5,3,MW,-1.62,0.666964286,1
3672,White,F,36,2.7,GL,0.39,0.707142857,1
3673,White,M,36,3.5,MW,1.02,0.783333333,1
3674,White,M,36,3,MW,-1.33,0.735714286,1
3675,White,F,32,3.7,FW,-0.22,0.752380952,1
3676,White,F,34,2.9,Mt,1.25,0.701190476,1
3677,White,F,45,4,MW,1.04,0.943452381,1
3678,Black,M,30,3.4,GL,-0.26,0.698809524,1
3679,White,F,30.5,3.4,Mt,-1.27,0.705059524,1
3680,White,F,30,2.9,MW,-1.04,0.651190476,1
3681,White,M,31,3.1,Mt,-0.31,0.682738095,1
3682,White,M,39,4,MW,0.88,0.868452381,1
3683,White,M,32,3.8,MW,-0.4,0.761904762,1
3684,White,F,33,3.1,GL,0.92,0.707738095,1
3685,White,F,30.3,2.9,MW,1.05,0.654940476,1
3686,White,F,29,3.5,NE,-0.61,0.695833333,1
3687,White,M,34,3.1,MW,-0.69,0.720238095,1
3688,White,F,27,3.3,MW,1.81,0.651785714,1
3689,White,F,34.5,3,MW,-0.03,0.716964286,1
3690,White,F,30,3.4,MW,0.03,0.698809524,1
3691,White,M,32,3.2,SC,-0.49,0.704761905,0
3692,White,F,32,3.7,GL,0.55,0.752380952,1
3693,White,F,32,3.1,MW,-0.76,0.695238095,1
3694,White,F,37,3.2,MW,0.98,0.767261905,1
3695,White,F,29.3,3,GL,-1.62,0.651964286,1
3696,White,F,32,2.9,Mt,-0.63,0.676190476,1
3697,White,F,35,3.4,MW,0.33,0.761309524,1
3698,White,F,38,3.7,MW,1.68,0.827380952,1
3699,Hispanic,F,36,2.8,MW,-1.03,0.716666667,1
3700,White,F,38,3.3,Mt,0.58,0.789285714,1
3701,White,F,29.5,3.6,GL,-0.26,0.711607143,1
3702,White,M,32,3.2,MW,-0.76,0.704761905,1
3703,White,F,33,3.1,Mt,-0.45,0.707738095,1
3704,White,M,42,3.1,MW,1.13,0.820238095,1
3705,White,F,34,3.1,MW,-0.1,0.720238095,1
3706,White,F,36,2.6,MW,-0.13,0.697619048,1
3707,White,M,34,2.8,Mt,-0.58,0.691666667,1
3708,White,M,39,4,MW,1.73,0.868452381,1
3709,White,F,29,3.3,Mt,0.27,0.676785714,1
3710,White,F,33.5,2.6,Mt,-1.45,0.666369048,0
3711,White,M,38,3.8,MW,-0.08,0.836904762,1
3713,White,F,37,2.9,MW,1.14,0.738690476,1
3714,White,M,34,3.5,MW,-0.26,0.758333333,1
3715,White,F,33.7,2.3,NE,-0.5,0.640297619,0
3716,White,M,28,3.8,MW,-1.14,0.711904762,1
3717,White,M,29.5,3.3,MW,0.76,0.683035714,1
3718,White,F,35,2.6,MW,0.37,0.685119048,1
3719,White,F,38,3.4,MW,0.88,0.798809524,1
3720,White,M,28,3.5,MW,0.81,0.683333333,1
3721,White,F,39,3,MW,0.7,0.773214286,1
3723,White,M,36,3.8,MW,0.88,0.811904762,1
3725,White,M,28,2.4,MW,-0.59,0.578571429,1
3726,White,M,35,3.3,MW,-0.47,0.751785714,1
3727,White,M,37,3.1,FW,0.12,0.757738095,1
3728,White,M,33,3.7,MW,-0.68,0.764880952,1
3729,White,F,32,3.3,GL,-0.8,0.714285714,1
3730,White,M,33,3.1,MW,1.33,0.707738095,0
3732,White,M,30,3.4,FW,-1.33,0.698809524,0
3733,White,F,31,3.3,Mt,0.85,0.701785714,1
3734,White,F,36,2.9,MW,1.41,0.726190476,1
3735,White,F,33,3.5,MW,0.3,0.745833333,1
3736,White,M,32,3.5,Mt,-0.07,0.733333333,1
3737,White,M,32,3.5,GL,-0.86,0.733333333,1
3738,White,F,28,3.9,MW,2.37,0.721428571,1
3740,White,M,44,3.8,MW,1.86,0.911904762,1
3741,White,M,33,3.1,GL,-0.9,0.707738095,1
3743,White,M,36,4.1,MW,2.21,0.84047619,1
3744,White,F,38,3.4,MW,1.74,0.798809524,1
3745,Mexican,F,31,3,SC,-1.53,0.673214286,0
3746,White,F,32,3.3,Mt,0.26,0.714285714,1
3747,White,M,31,3.3,SE,-0.89,0.701785714,1
3748,White,M,31,3.1,MW,-0.53,0.682738095,1
3749,White,M,34,3.3,Mt,0.02,0.739285714,1
3751,White,F,38,3.8,MW,1.98,0.836904762,1
3752,White,F,38,3.8,MW,-0.51,0.836904762,1
3753,White,F,32,3.1,MW,0.37,0.695238095,1
3754,White,F,26.5,3.2,GL,-0.58,0.636011905,1
3755,White,M,33,3.5,GL,0.98,0.745833333,1
3757,White,M,37,2.6,MW,0.84,0.710119048,1
3758,White,M,37,3.3,MW,-0.29,0.776785714,1
3759,White,F,35,3,FW,-0.34,0.723214286,1
3760,White,M,36,3.7,FW,-0.32,0.802380952,1
3761,Asian,M,30.5,2.7,FW,-0.32,0.638392857,0
3763,White,F,39,3,FW,-1.07,0.773214286,0
3764,White,F,31,4,FW,0.08,0.768452381,1
3765,White,F,36,3.1,FW,0.17,0.745238095,1
3766,White,M,38,3.7,FW,2.24,0.827380952,1
3768,Asian,M,36,3.3,FW,-0.07,0.764285714,1
3769,White,F,34,3,FW,-0.56,0.710714286,1
3770,White,M,41,3.9,FW,2.39,0.883928571,1
3771,White,F,33.5,3.3,FW,-0.07,0.733035714,1
3772,Hispanic,M,41,2.8,FW,0.42,0.779166667,1
3773,White,F,38,3.9,FW,1.73,0.846428571,1
3774,White,M,39,3.7,FW,2.55,0.839880952,1
3775,White,M,43,2.9,FW,0.17,0.813690476,1
3776,White,M,30,3.3,FW,-0.07,0.689285714,1
3777,Asian,F,23,3.8,FW,-1.07,0.649404762,0
3779,White,M,32.5,3.5,FW,-0.58,0.739583333,0
3781,White,F,40,3.4,FW,-0.8,0.823809524,0
3784,White,F,39,3.2,FW,0.17,0.792261905,1
3785,White,M,45,3.1,FW,0.66,0.857738095,1
3786,White,F,35,3.2,FW,1.15,0.742261905,1
3787,White,F,35,3.6,FW,-0.98,0.780357143,0
3789,White,M,35,3.4,FW,1.15,0.761309524,1
3790,White,F,40,3.4,FW,0.02,0.823809524,1
3791,White,M,36,0,FW,0.42,0.45,1
3792,White,M,35,3.7,FW,-0.74,0.789880952,1
3793,Asian,F,36,3.5,FW,0.17,0.783333333,1
3794,White,M,40,3.6,FW,1.39,0.842857143,1
3795,White,M,39,3.4,FW,-0.56,0.811309524,1
3796,White,F,38,3,FW,-1.23,0.760714286,1
3797,White,M,39,3.4,FW,0.17,0.811309524,1
3798,White,M,40,3.1,FW,0.51,0.795238095,1
3799,White,M,38,3.5,FW,-0.65,0.808333333,1
3800,White,F,42,3.3,FW,1.08,0.839285714,1
3802,White,F,41,3.5,FW,-0.16,0.845833333,1
3804,White,F,36,2.9,FW,0.42,0.726190476,1
3805,Asian,M,30,3.3,FW,-0.98,0.689285714,0
3806,Mexican,M,35,2.9,FW,-1.07,0.713690476,1
3807,White,M,35.5,3.2,FW,-0.65,0.748511905,1
3808,Black,M,41,2.8,FW,-0.83,0.779166667,1
3809,Hispanic,F,29,3.2,FW,-0.89,0.667261905,1
3810,White,F,43,2.9,FW,1.08,0.813690476,1
3812,Hispanic,M,33,3,FW,0.51,0.698214286,1
3813,White,F,38,3.6,FW,0.02,0.817857143,1
3814,Black,M,33,3.1,FW,-0.89,0.707738095,1
3816,Hispanic,F,31,3.1,FW,-1.31,0.682738095,0
3817,Hispanic,F,33,3.3,FW,0.51,0.726785714,1
3818,White,F,39,2.8,FW,0.02,0.754166667,1
3819,White,M,35,3.4,FW,-1.07,0.761309524,1
3821,Asian,F,33,3.6,FW,-0.07,0.755357143,1
3822,White,M,40,2.9,FW,0.08,0.776190476,1
3823,White,M,33.5,3.7,FW,0.17,0.771130952,0
3824,White,M,36,3.3,FW,2.06,0.764285714,1
3825,White,M,37,3.3,FW,1.17,0.776785714,1
3826,White,M,40,3.2,FW,1.97,0.804761905,1
3827,White,F,42,3.5,FW,-0.07,0.858333333,1
3829,White,F,33,3.3,FW,-0.32,0.726785714,1
3830,White,F,30,3.3,FW,1.39,0.689285714,1
3831,Asian,M,35,3.1,FW,-0.8,0.732738095,1
3832,White,F,34,3.3,FW,-1.56,0.739285714,1
3833,White,F,41,3.5,FW,-0.16,0.845833333,1
3834,White,M,34.5,3.8,FW,-0.65,0.793154762,1
3835,White,F,35,3.8,FW,0.17,0.799404762,1
3836,Asian,F,40,3.5,FW,0.91,0.833333333,1
3837,White,M,37,3.6,FW,-0.56,0.805357143,1
3838,White,M,44,3.4,FW,2.24,0.873809524,1
3840,White,F,35.5,3.6,FW,-1.23,0.786607143,0
3842,White,M,29.5,3.6,FW,0.17,0.711607143,1
3843,White,F,42,3.6,FW,1.48,0.867857143,1
3844,White,M,38,3.5,FW,-0.07,0.808333333,1
3846,White,F,35,2.4,FW,1.57,0.666071429,1
3847,Other,M,33,3.5,FW,0.06,0.745833333,0
3848,White,F,41,3.4,FW,-0.56,0.836309524,0
3849,Other,M,35,3.4,FW,-0.74,0.761309524,1
3850,White,M,41,3.2,FW,-0.65,0.817261905,1
3851,White,F,39,3.4,FW,2.39,0.811309524,1
3852,Asian,M,41,3.1,FW,0.08,0.807738095,0
3854,Asian,M,42,3.1,FW,1.08,0.820238095,1
3855,White,M,37,3.3,FW,0.84,0.776785714,1
3856,White,M,31,3.5,FW,0.66,0.720833333,0
3857,White,M,37,3.5,FW,1.15,0.795833333,1
3858,Black,F,31,2.6,FW,-0.16,0.635119048,1
3859,White,F,33,3.1,FW,0.17,0.707738095,1
3860,Mexican,F,26,3.5,FW,-0.07,0.658333333,1
3861,White,F,37.5,3.4,FW,0.35,0.792559524,1
3862,White,M,42,3.2,FW,0.66,0.829761905,1
3863,White,F,36,3.2,FW,-0.56,0.754761905,0
3864,White,F,39,3.6,FW,-0.4,0.830357143,1
3865,White,M,38,3.8,NG,0.26,0.836904762,1
3867,Mexican,F,41,2.6,FW,-0.07,0.760119048,1
3869,White,F,37,3.4,FW,-0.89,0.786309524,1
3870,Asian,M,41,3,FW,0.26,0.798214286,1
3871,Asian,M,35,3.2,FW,-0.07,0.742261905,1
3872,Hispanic,M,32,3.8,FW,0.42,0.761904762,1
3873,White,F,37,3.4,FW,0.26,0.786309524,1
3874,White,F,40,3.7,FW,0.75,0.852380952,1
3875,White,F,38,3.5,FW,-0.56,0.808333333,1
3876,White,M,33.5,3.3,FW,-0.23,0.733035714,1
3877,Hispanic,M,40,2.7,FW,0.75,0.757142857,1
3878,White,M,36,2.9,FW,0.17,0.726190476,1
3879,White,M,38,3.3,FW,0.66,0.789285714,1
3880,White,F,39,3.5,FW,-0.49,0.820833333,1
3881,White,M,32,3.1,FW,-1.07,0.695238095,0
3882,Black,M,28,2.7,FW,-0.07,0.607142857,1
3883,White,M,39,3.6,FW,-0.32,0.830357143,0
3884,White,M,30.5,2.7,FW,-0.32,0.638392857,0
3885,White,F,31,3.3,FW,-1.31,0.701785714,1
3886,White,M,33,3.7,FW,-0.32,0.764880952,0
3887,Other,F,39,3.3,FW,-0.07,0.801785714,1
3889,Asian,F,34,3.3,FW,0.33,0.739285714,0
3890,White,M,39,0,FW,-0.16,0.4875,1
3891,White,M,37,3.3,FW,-0.4,0.776785714,1
3893,White,M,39,4,FW,2.88,0.868452381,1
3894,White,M,35,3.5,FW,0.66,0.770833333,1
3895,White,F,40,3.3,FW,2.06,0.814285714,1
3896,White,F,40,3.3,FW,2.24,0.814285714,1
3897,Black,M,26,2.8,FW,-1.07,0.591666667,0
3898,Mexican,F,36,2.6,FW,-0.4,0.697619048,1
3900,Black,M,39,2.5,FW,-0.89,0.725595238,0
3901,Mexican,F,33,3.1,FW,-0.74,0.707738095,1
3902,Asian,M,36,3.3,FW,0.82,0.764285714,1
3903,Mexican,F,32,2.7,FW,-1.31,0.657142857,1
3904,Hispanic,M,31,3.5,FW,-0.8,0.720833333,0
3905,White,F,42,3.3,FW,-0.16,0.839285714,1
3906,Asian,M,34,3.6,FW,1.08,0.767857143,1
3907,White,F,36.5,3.6,FW,0.66,0.799107143,1
3908,White,M,40,3.2,FW,-0.07,0.804761905,0
3909,White,M,32,3.1,FW,-0.32,0.695238095,1
3910,White,F,41,3.3,FW,0.42,0.826785714,1
3911,White,F,37,3.5,FW,2.48,0.795833333,1
3912,Mexican,F,35,2.5,FW,-0.98,0.675595238,0
3913,White,F,35.5,3.7,FW,-0.4,0.796130952,1
3914,White,F,37,3.4,FW,-0.56,0.786309524,0
3915,White,F,38,3.4,FW,-0.56,0.798809524,1
3916,White,F,33,3.4,FW,-1.23,0.736309524,1
3917,Black,M,32,2.4,FW,-0.65,0.628571429,1
3918,White,F,39,3.2,FW,1.15,0.792261905,1
3919,White,M,35,4,FW,-0.16,0.818452381,1
3922,Asian,M,29,3.5,FW,0.51,0.695833333,1
3923,Asian,F,41,2.7,FW,-0.56,0.769642857,1
3924,Mexican,M,26,3.4,FW,-0.4,0.648809524,0
3925,White,F,39.5,3.1,FW,0.33,0.788988095,1
3927,White,M,34,3.9,GL,0.89,0.796428571,1
3928,White,F,37,2.9,GL,-1.78,0.738690476,1
3929,White,M,28,3,NE,-0.76,0.635714286,1
3930,White,M,27,3.8,GL,-0.05,0.699404762,1
3931,White,M,33,3.3,GL,1.31,0.726785714,1
3932,White,F,30,3.6,NE,0.51,0.717857143,1
3935,White,F,34,3.4,GL,-0.59,0.748809524,1
3936,Asian,F,29,3,SE,-1.56,0.648214286,0
3937,Asian,M,27.5,3.1,SE,-0.18,0.638988095,1
3938,White,F,35,2.7,GL,-0.56,0.694642857,1
3939,White,M,34,3.3,GL,1.65,0.739285714,1
3940,White,F,39,3.1,GL,0.38,0.782738095,1
3941,White,F,30,3.1,MS,-0.42,0.670238095,1
3942,White,F,30,2.9,GL,-0.2,0.651190476,1
3943,Mexican,M,30.5,2.8,GL,0.11,0.647916667,1
3944,Black,M,26,2.3,GL,-1.31,0.544047619,0
3945,White,F,33,3.7,GL,1.2,0.764880952,1
3946,White,M,32,3.8,GL,0.05,0.761904762,1
3947,White,F,37,2.4,NE,0.89,0.691071429,1
3949,White,M,24,3.2,GL,-0.69,0.604761905,1
3950,White,F,41,3,Mt,1.28,0.798214286,1
3951,Black,M,28,2.9,SE,-2.24,0.626190476,0
3952,Asian,M,36,2.8,GL,-0.81,0.716666667,1
3953,White,F,40,3,Mt,-0.51,0.785714286,1
3954,White,F,31,2.9,GL,0.8,0.663690476,1
3955,White,M,33,3.5,GL,-1.07,0.745833333,1
3956,White,F,32,3.9,GL,-0.88,0.771428571,1
3957,White,M,33,3,GL,-0.76,0.698214286,1
3958,White,F,25,3,Mt,-1.48,0.598214286,0
3961,Asian,M,31,3,GL,-0.29,0.673214286,0
3962,White,M,31,3.1,NE,-0.1,0.682738095,1
3963,White,F,38,2.7,GL,0.68,0.732142857,1
3964,Other,M,35,2.9,NE,0.14,0.713690476,1
3965,White,F,34,3,SE,1.54,0.710714286,1
3966,White,F,39,3.1,NE,1.06,0.782738095,1
3967,Asian,M,27,3,GL,-0.64,0.623214286,0
3968,White,F,34,2.7,NE,0.58,0.682142857,1
3969,White,F,34,3.7,GL,0.09,0.777380952,1
3970,Puertorican,F,20,3.1,NE,-1.44,0.545238095,0
3971,Asian,M,28,2.5,MS,-1.2,0.588095238,0
3972,White,F,36,2.9,GL,1.59,0.726190476,1
3974,Black,F,30,3,GL,0.04,0.660714286,1
3975,White,M,43,2.2,NE,0.63,0.74702381,1
3976,White,M,31,3.6,GL,-0.9,0.730357143,1
3977,White,F,33,3.5,GL,-0.05,0.745833333,1
3978,White,M,30,3.4,GL,0.68,0.698809524,1
3979,White,F,34,3,GL,0.65,0.710714286,1
3981,White,F,32.5,3.3,GL,-0.9,0.720535714,0
3982,White,M,31,3.3,GL,1.16,0.701785714,1
3985,Asian,M,31,3,GL,-0.93,0.673214286,0
3986,White,M,26,3.7,GL,0.8,0.677380952,1
3987,Asian,M,37,2.1,GL,0.36,0.6625,1
3988,White,M,31,3.5,GL,-0.18,0.720833333,1
3989,White,F,33,3,GL,-0.37,0.698214286,1
3990,White,F,29,3.5,GL,0.85,0.695833333,1
3991,Mexican,M,30,3.3,GL,-0.17,0.689285714,0
3992,White,F,32,3.5,GL,1.06,0.733333333,1
3993,White,F,37,2.4,SC,-0.12,0.691071429,1
3994,White,F,37,3.4,GL,1.09,0.786309524,1
3996,White,F,27.7,2.9,GL,0.16,0.622440476,1
3997,White,F,38,3.8,GL,1.01,0.836904762,1
3998,White,M,37,3.3,GL,1.14,0.776785714,1
3999,Black,F,25,3.1,GL,-0.68,0.607738095,0
4004,White,F,39,3.6,GL,1.09,0.830357143,1
4005,White,M,38,3.7,GL,-0.64,0.827380952,1
4006,White,M,22,2.6,NE,1.31,0.522619048,1
4007,White,M,31,3.4,GL,0.97,0.711309524,1
4008,White,F,30.5,3,GL,1.65,0.666964286,1
4009,White,F,29,3.4,GL,0.09,0.686309524,1
4010,White,F,31,3.5,GL,-0.66,0.720833333,1
4011,White,F,42,2.7,GL,1.45,0.782142857,1
4012,White,M,35,2.9,GL,0.72,0.713690476,1
4013,Black,F,18,2.7,GL,-1.97,0.482142857,0
4014,White,F,36,3.2,GL,0.29,0.754761905,1
4015,White,F,41,2.9,NE,1.48,0.788690476,1
4016,White,F,44,3.2,NE,-0.11,0.854761905,1
4017,White,F,37,3.5,NE,0.92,0.795833333,1
4018,White,F,40,3.2,NE,0.08,0.804761905,1
4019,White,M,35,3.4,NE,-0.48,0.761309524,1
4020,White,M,42,3,NE,0.55,0.810714286,1
4021,White,F,37,3.3,NE,-1.83,0.776785714,1
4022,White,M,34,3.3,FW,2.45,0.739285714,1
4023,White,M,38,3.5,NE,-0.39,0.808333333,1
4024,White,F,39,3.4,NE,0.36,0.811309524,1
4025,White,F,35,3.5,NE,0.17,0.770833333,1
4026,White,M,39,3,NE,-0.3,0.773214286,1
4027,White,F,39,3,NE,-1.52,0.773214286,1
4028,White,M,47,2.2,NE,-0.86,0.79702381,0
4029,White,F,44,2.9,NE,0.92,0.826190476,1
4030,White,M,37,3,MS,-0.3,0.748214286,1
4031,White,F,44,3,NE,0.92,0.835714286,1
4032,White,F,36,3.8,NE,-1.23,0.811904762,0
4033,White,M,35,3.6,NE,-0.95,0.780357143,1
4034,White,M,37,3.1,NE,0.64,0.757738095,1
4035,White,F,44,2.6,NE,0.26,0.797619048,1
4037,White,F,39,2.9,NE,-0.11,0.763690476,1
4038,White,M,35.5,3.9,NE,1.01,0.815178571,1
4040,White,F,35.5,3.7,NE,0.45,0.796130952,1
4041,White,F,38,3,NE,-0.77,0.760714286,1
4042,White,M,38,3.3,NE,-0.48,0.789285714,1
4043,White,F,40,2.9,NE,1.51,0.776190476,1
4044,White,M,38,3,NE,0.45,0.760714286,1
4045,White,F,42,3.6,NE,0.08,0.867857143,1
4046,White,M,34,2.8,NE,0.36,0.691666667,1
4047,White,M,40,2.9,NE,0.36,0.776190476,1
4048,White,F,42,2.7,NE,-0.67,0.782142857,1
4049,White,F,41,2.9,NG,0.73,0.788690476,1
4050,White,F,39,3.4,NE,-0.77,0.811309524,1
4051,Black,M,26,3.3,NE,-0.48,0.639285714,1
4052,White,F,37,3.4,NE,-0.39,0.786309524,1
4053,White,F,40,3.1,NE,2.54,0.795238095,1
4054,White,M,39,3.2,NE,-0.11,0.792261905,1
4055,White,M,41,3.3,NE,2.45,0.826785714,1
4057,White,F,41.5,3.2,NE,-0.58,0.823511905,1
4058,White,F,41,3.2,NE,-1.52,0.817261905,1
4059,White,M,41,2.4,NE,-0.02,0.741071429,1
4060,White,F,36,3,NE,0.36,0.735714286,1
4061,White,M,38,3.3,NE,-0.02,0.789285714,1
4062,White,M,36.5,3.2,NE,-0.77,0.761011905,1
4063,White,F,41,3.1,NE,-0.58,0.807738095,0
4064,White,F,38,2.8,FW,-1.73,0.741666667,0
4065,Asian,M,34.5,3.8,NE,-0.67,0.793154762,1
4066,White,F,40,3.2,NE,0.17,0.804761905,1
4067,White,F,42,2.9,GL,-0.58,0.801190476,1
4068,White,F,38,3.9,NE,-0.48,0.846428571,1
4069,White,M,35,3.6,FW,0.92,0.780357143,0
4070,White,F,41,2.7,NE,-1.14,0.769642857,1
4071,White,M,39,3.6,FW,1.3,0.830357143,1
4072,White,M,39,3.2,NE,0.55,0.792261905,1
4073,Other,F,38,3,NE,-1.64,0.760714286,1
4075,White,M,39,3.9,NE,0.73,0.858928571,1
4076,Mexican,M,42,3,NE,-0.67,0.810714286,1
4077,White,M,40,3.1,NE,-1.23,0.795238095,1
4078,White,F,34.5,3.1,NE,-0.95,0.726488095,0
4079,White,F,39,3.6,NE,-0.3,0.830357143,1
4080,White,F,40,3.3,NE,1.7,0.814285714,1
4081,White,M,38.5,3.3,NE,-0.02,0.795535714,1
4082,White,F,31,3.6,NE,-1.64,0.730357143,0
4083,White,M,42,2.8,NE,1.42,0.791666667,1
4084,White,F,40,3.3,NE,0.83,0.814285714,1
4086,Asian,M,31,3,NE,-1.05,0.673214286,1
4087,White,F,36.5,2.6,NE,-0.58,0.703869048,0
4088,White,F,36,2.9,NE,1.98,0.726190476,1
4089,White,F,39,3.5,NE,0.17,0.820833333,1
4090,White,F,43,3,Mt,-0.2,0.823214286,1
4091,White,F,39,3,GL,0.73,0.773214286,1
4092,White,M,40,2.9,NE,1.61,0.776190476,1
4093,Other,F,32,3.4,NE,-0.11,0.723809524,1
4094,White,F,39,3,NE,1.97,0.773214286,1
4095,White,F,40,3.3,NE,1.48,0.814285714,1
4096,White,M,40,3.2,NE,-0.58,0.804761905,1
4097,White,F,39,3.5,NE,2.36,0.820833333,1
4098,White,M,39,3.4,NE,1.61,0.811309524,1
4099,White,M,39,2.9,NE,-1.14,0.763690476,1
4100,White,M,40,3.2,FW,-0.2,0.804761905,1
4101,White,F,28.5,3.2,NE,-1.64,0.661011905,0
4102,White,M,37,3.3,NG,1.89,0.776785714,1
4103,White,F,38,3.3,NE,0.36,0.789285714,1
4104,White,M,38,3.4,NE,-0.67,0.798809524,1
4105,White,F,37.5,3.3,GL,1.2,0.783035714,1
4106,White,M,40,3.4,NE,0.26,0.823809524,1
4107,White,F,39,3,FW,-1.64,0.773214286,0
4108,White,F,39,3.4,NE,0.55,0.811309524,1
4109,White,F,41,3.2,NE,-0.02,0.817261905,1
4110,White,M,36,2.9,NE,0.08,0.726190476,1
4111,Other,M,38.5,3.4,NE,-1.92,0.805059524,1
4112,White,F,36,3.4,NE,-0.58,0.773809524,0
4113,White,F,40,2.8,NE,-0.48,0.766666667,1
4114,White,F,40,2.6,NE,-0.39,0.747619048,1
4115,White,F,41,3.4,NE,0.83,0.836309524,1
4116,Other,M,39,2.8,NE,-0.97,0.754166667,0
4117,White,M,38,3,NE,-0.95,0.760714286,1
4118,White,F,38,2.7,NE,-1.33,0.732142857,0
4119,White,M,39,3,NE,0.36,0.773214286,1
4120,White,F,38,2.8,NG,-1.14,0.741666667,1
4121,White,M,39,3.2,NE,-0.2,0.792261905,1
4122,White,F,38,3.1,NE,0.45,0.770238095,1
4123,White,F,39,3,NE,0.73,0.773214286,1
4124,White,M,40,3.3,NE,-0.95,0.814285714,1
4125,White,M,38,3,NE,-1.23,0.760714286,1
4126,White,M,38,3.6,NE,0.36,0.817857143,1
4128,White,F,36,2.9,NG,0.45,0.726190476,1
4129,White,F,43,2.7,NE,1.2,0.794642857,1
4130,White,F,37.5,3.8,NE,0.92,0.830654762,1
4131,White,M,37,3.9,NE,-1.42,0.833928571,0
4132,White,F,39,3.2,NG,-0.39,0.792261905,1
4133,Asian,M,33.5,2.9,NE,-0.58,0.694940476,1
4134,White,M,38,3,NE,-1.23,0.760714286,1
4135,White,F,35,3.3,NE,-1.23,0.751785714,0
4136,White,M,39,3.7,NG,1.42,0.839880952,1
4137,White,M,40,3,NE,-0.11,0.785714286,1
4138,Hispanic,F,36,2.9,NE,0.08,0.726190476,0
4139,White,M,36.5,2.7,NE,-0.58,0.713392857,1
4140,White,F,43,2.9,NG,1.01,0.813690476,1
4141,White,F,39,2.9,FW,-0.95,0.763690476,0
4142,White,M,38,2.7,NG,-0.67,0.732142857,1
4143,White,M,37.5,3.1,MW,-0.39,0.763988095,1
4144,White,M,45,2.9,NE,0.92,0.838690476,1
4145,White,F,41,2.6,NE,-0.3,0.760119048,1
4146,White,M,37,3.1,NE,-0.58,0.757738095,1
4147,White,F,38,3.2,NE,-0.77,0.779761905,1
4148,White,M,38,3,SE,0.73,0.760714286,1
4149,White,F,37,3.3,NE,0.45,0.776785714,1
4150,White,F,34.5,3.1,NE,-1.83,0.726488095,0
4151,White,F,37,3.1,NE,-0.86,0.757738095,1
4152,White,M,47,3,NE,1.89,0.873214286,1
4153,White,M,41,2.8,NE,-0.2,0.779166667,1
4154,White,F,35,3.7,NE,-0.48,0.789880952,1
4155,White,F,42,3.8,NE,-0.86,0.886904762,1
4156,White,F,38,2.9,NE,-1.73,0.751190476,0
4157,White,F,33,3.4,NE,-0.02,0.736309524,1
4158,White,F,37,3.3,NE,0.73,0.776785714,1
4159,White,M,44,3,NE,1.61,0.835714286,1
4160,White,M,38,3.8,NE,-0.11,0.836904762,1
4161,White,F,41,3.1,NE,1.11,0.807738095,1
4162,White,F,38,3.5,NE,-1.05,0.808333333,1
4163,White,F,35,3,NE,-0.95,0.723214286,0
4164,White,M,36,3.5,NE,0.26,0.783333333,1
4165,White,F,47,2.8,NG,0.92,0.854166667,1
4166,White,F,36,3.8,NE,-0.77,0.811904762,1
4167,White,F,37,3.4,NE,-0.39,0.786309524,1
4169,White,M,36,4.1,NE,1.01,0.84047619,1
4170,White,M,43,2.8,NE,1.42,0.804166667,1
4171,White,F,43,2.8,NE,1.2,0.804166667,1
4172,White,M,37,3.2,NE,-0.02,0.767261905,1
4173,White,M,39,2.9,NE,0.17,0.763690476,1
4174,White,M,38,3.2,NE,-0.2,0.779761905,1
4175,White,M,37,3.2,NE,0.17,0.767261905,1
4176,White,F,37,3.2,NE,-0.11,0.767261905,1
4177,White,M,38,2.9,NE,0.17,0.751190476,1
4178,White,M,38,3.1,NG,-0.48,0.770238095,1
4179,White,M,38,3.4,NE,-1.83,0.798809524,1
4180,White,F,35.5,3.2,NE,-0.67,0.748511905,1
4181,White,F,36,3.3,NE,-0.48,0.764285714,1
4182,White,F,40,3.1,NE,-0.11,0.795238095,1
4183,White,M,43,3.8,NE,1.11,0.899404762,1
4184,White,M,34,3.5,NE,-0.2,0.758333333,1
4185,White,F,38,3,NE,0.92,0.760714286,1
4189,Black,F,31,2.2,MS,0.18,0.59702381,0
4190,Black,F,27,2.3,MS,-0.25,0.556547619,0
4195,Black,F,26.5,1.8,MS,-0.58,0.502678571,0
4196,Puertorican,M,36,2.7,NE,0.11,0.707142857,1
4197,Black,F,21,2.9,MS,-0.05,0.538690476,0
4198,White,F,23,2.4,MS,-0.98,0.516071429,0
4199,Black,F,31,1.8,MS,0.95,0.558928571,0
4200,Black,F,25,2.4,SE,-0.25,0.541071429,0
4201,White,F,27,3.3,SE,0.24,0.651785714,1
4202,White,F,26.3,2.3,MS,-0.84,0.547797619,0
4203,Black,F,27,2.9,MS,-0.58,0.613690476,0
4204,White,M,27,3.2,MS,-0.37,0.642261905,0
4205,Black,F,17.5,2.5,MS,-0.6,0.456845238,0
4208,White,F,26.7,2.2,MS,1.24,0.54327381,1
4209,White,F,30,2.8,NE,-0.52,0.641666667,0
4210,Black,M,24,3,MS,-1.22,0.585714286,0
4211,White,F,29,3.4,SE,0.78,0.686309524,1
4212,White,F,29,2.5,MS,-0.73,0.600595238,1
4213,White,F,36,2.2,MS,0.26,0.65952381,1
4214,White,M,30,2.2,SE,-0.43,0.58452381,1
4215,Black,M,31,2.6,NE,1.95,0.635119048,1
4217,White,F,31,2.7,SE,0.31,0.644642857,1
4219,Black,M,24,2.1,MS,-0.2,0.5,0
4220,Black,M,22,2.5,NE,-0.6,0.513095238,0
4221,Other,F,21.5,2.2,MS,-0.61,0.47827381,0
4223,White,F,33,2.3,MS,0.67,0.631547619,1
4224,White,F,21.5,2.6,MS,-0.07,0.516369048,1
4225,White,F,30,2.7,SE,0.92,0.632142857,1
4226,Asian,F,28,2.5,SE,0.29,0.588095238,1
4227,Black,F,17,3,Mt,-0.68,0.498214286,0
4230,White,M,31,3,NE,0.93,0.673214286,1
4231,White,F,27,2.9,NE,0.32,0.613690476,1
4232,Black,M,28,2.3,SE,-0.12,0.569047619,1
4233,White,M,23,3.8,NE,-0.48,0.649404762,0
4234,White,F,33.5,2.3,NE,1.66,0.637797619,1
4235,White,M,37,3.3,Mt,1.72,0.776785714,1
4236,White,M,31,2.6,MS,0.62,0.635119048,1
4238,White,F,30,2.4,MS,0.24,0.603571429,0
4239,Black,M,15,2.1,NE,-1.22,0.3875,0
4240,Black,F,18,2.9,MS,-0.7,0.501190476,0
4241,White,M,28,3.5,NE,1.36,0.683333333,1
4242,White,M,25,2.6,MS,-0.65,0.560119048,1
4243,Black,M,25,2.8,NE,0.16,0.579166667,1
4244,White,M,34,2.3,MS,1.62,0.644047619,1
4245,White,F,33,2.8,NE,0.41,0.679166667,0
4246,Black,M,20,2.4,MS,-1.14,0.478571429,0
4248,Other,F,31,2.4,MS,-1.17,0.616071429,0
4249,White,F,20,3.2,NE,0.27,0.554761905,1
4250,Black,M,22.3,2.4,SE,-0.1,0.507321429,0
4252,White,F,33,3.1,MS,1.36,0.707738095,1
4253,Mexican,F,32,3.2,NE,0.21,0.704761905,1
4254,White,F,33,2.7,NE,0.32,0.669642857,1
4255,Black,M,21,2.9,MS,-0.84,0.538690476,0
4256,White,M,33,2.7,MS,1.16,0.669642857,1
4257,White,M,31,2.8,MS,2.05,0.654166667,0
4258,Hispanic,F,20,3.2,SE,-0.27,0.554761905,0
4259,Black,F,22,2.8,SE,0.64,0.541666667,0
4264,White,F,28,2.8,NE,-0.14,0.616666667,1
4267,White,F,31,2.5,NE,0.08,0.625595238,0
4268,White,F,21,3.4,NE,1.16,0.586309524,1
4269,White,M,31.5,3.2,NE,1.13,0.698511905,1
4270,White,F,31,3.2,MS,0.73,0.692261905,1
4272,White,M,34,3.1,MS,0.49,0.720238095,1
4273,Black,M,14,2.9,NE,0.04,0.451190476,1
4276,White,M,24,3.2,NE,0.41,0.604761905,1
4277,White,M,35.5,2.9,MS,-1.37,0.719940476,1
4278,Hispanic,F,30,3.3,NE,-1.81,0.689285714,0
4279,White,M,41,2.7,MS,0.6,0.769642857,1
4280,White,F,32,3.2,MS,-1.55,0.704761905,0
4281,White,F,43,2.2,MS,-0.08,0.74702381,1
4282,White,F,38,3.1,NE,1.33,0.770238095,1
4283,Hispanic,F,30,2.9,MS,0.86,0.651190476,1
4285,Black,F,26,2.3,MS,-2.05,0.544047619,0
4286,Puertorican,F,31,3,MS,-1.46,0.673214286,0
4287,White,F,35,3.1,MS,1.22,0.732738095,1
4288,Black,M,27.7,2.3,MS,-1.5,0.565297619,0
4289,White,F,29.5,3.1,NE,-0.81,0.663988095,0
4291,White,F,35,3.5,MS,-0.22,0.770833333,0
4292,White,M,45,3.2,NE,0.56,0.867261905,1
4293,White,F,37,3.3,MS,0.84,0.776785714,1
4294,White,F,33,3.1,MS,-0.06,0.707738095,1
4295,White,M,35,3.1,FW,0.2,0.732738095,1
4296,White,F,35.5,3.3,MS,-1.29,0.758035714,0
4297,White,M,37,3.2,MS,0.15,0.767261905,1
4298,White,M,37,3.6,NE,1.13,0.805357143,1
4299,White,F,29.5,3.5,SE,0.49,0.702083333,1
4300,White,M,38,3.4,MS,1.23,0.798809524,1
4301,White,F,40.5,3.2,NE,2.09,0.811011905,1
4302,Asian,M,37,2.9,MS,-0.01,0.738690476,1
4303,White,F,36,3.5,NE,0.84,0.783333333,1
4304,White,M,36,3.9,NG,1.13,0.821428571,1
4305,White,M,35,3.4,MS,1.19,0.761309524,1
4306,White,F,40,3,NE,0.8,0.785714286,1
4307,White,F,31,2.4,MS,-1.53,0.616071429,1
4308,White,F,44,2.7,FW,-1.05,0.807142857,0
4309,White,F,38,3.3,MS,0.44,0.789285714,1
4310,White,F,34,3.3,NE,-1.34,0.739285714,1
4311,White,M,35,3.2,MS,-0.1,0.742261905,1
4312,White,F,35,3.3,NG,-1.06,0.751785714,0
4313,White,F,35,3.5,NE,0.11,0.770833333,1
4314,White,F,43,2.7,MS,0.37,0.794642857,1
4315,White,M,34.5,2.6,NE,-0.58,0.678869048,1
4317,White,F,36,3.1,MS,-0.76,0.745238095,0
4318,Hispanic,M,29.5,2.6,SE,-2.02,0.616369048,0
4319,White,F,38,3.3,MS,0.49,0.789285714,1
4320,White,F,38,3.2,MS,1.04,0.779761905,1
4321,Puertorican,M,31,3,NG,-1.8,0.673214286,1
4322,White,F,36,3.5,MS,-0.64,0.783333333,1
4324,White,M,37,3.4,MS,1.21,0.786309524,1
4325,White,F,37,3.1,MS,-0.16,0.757738095,1
4326,White,M,35,3.4,GL,0.09,0.761309524,1
4327,White,M,36.5,3.1,GL,0.09,0.751488095,1
4328,White,F,24.7,3,MS,-0.82,0.594464286,0
4329,White,M,37,3.2,MS,0.23,0.767261905,1
4330,White,M,37,3.1,MS,0.62,0.757738095,1
4331,White,F,37,3.3,MS,-0.09,0.776785714,1
4333,Asian,M,35,3.7,NE,0.49,0.789880952,1
4334,White,M,36,3.5,NE,-0.16,0.783333333,1
4335,White,F,37,3.3,NG,-0.4,0.776785714,1
4336,White,M,40,3.4,NG,1.43,0.823809524,1
4337,White,F,35,3,MS,1.22,0.723214286,1
4338,White,M,39,3.2,MS,0.94,0.792261905,1
4339,White,F,36,3,NE,0.63,0.735714286,1
4340,White,M,41,3.6,MS,1.41,0.855357143,1
4341,White,F,34,3.1,NG,0.27,0.720238095,1
4342,White,F,35,3.2,MS,1.1,0.742261905,1
4343,White,M,37,2.9,MS,0.52,0.738690476,1
4344,White,F,37,3.4,NE,-0.5,0.786309524,1
4345,White,M,37,3.4,MS,-0.16,0.786309524,0
4346,White,M,36,3.6,MS,0.3,0.792857143,1
4347,White,F,34.5,3.2,GL,1.82,0.736011905,1
4348,White,F,34,3.5,MS,-0.41,0.758333333,1
4349,White,F,36,2.9,NG,-0.42,0.726190476,1
4350,White,M,38,3,GL,0.39,0.760714286,1
4351,White,F,43,2.4,NG,0.71,0.766071429,1
4352,Other,M,31,2.6,MS,-1.49,0.635119048,0
4353,White,M,36,3.5,MS,0.2,0.783333333,1
4354,White,F,35,3.4,GL,-0.08,0.761309524,1
4355,White,F,35,3.1,NE,0.83,0.732738095,1
4356,White,F,38,3.6,NE,0.11,0.817857143,1
4357,Asian,M,37,3.4,MS,-0.68,0.786309524,1
4358,White,M,37,3.1,MS,0.57,0.757738095,0
4359,Hispanic,F,26.5,3.1,NE,-0.07,0.626488095,1
4360,White,M,39,3.1,NG,-0.07,0.782738095,1
4361,White,M,36,3.3,MS,1.39,0.764285714,1
4363,White,F,39,2.8,MS,1.32,0.754166667,1
4364,White,M,34.7,2.7,MS,-0.53,0.690892857,1
4365,White,F,36,2.9,NE,-1.35,0.726190476,1
4366,White,F,36.5,2.3,MS,-0.24,0.675297619,0
4367,White,M,34,3.1,MS,0.48,0.720238095,1
4368,White,M,36,3.3,MS,0.06,0.764285714,1
4369,Black,M,25,2.3,MS,-1.26,0.531547619,0
4370,White,F,38,2.9,MS,-0.1,0.751190476,1
4371,White,F,41,3.4,MS,0.3,0.836309524,1
4372,White,M,35,3.2,MS,0.19,0.742261905,0
4373,White,M,35,3.3,MS,0.4,0.751785714,1
4375,White,M,37.5,2.7,MS,-0.28,0.725892857,0
4376,Black,F,27,2.5,GL,-2,0.575595238,1
4378,White,F,41.5,2.5,FW,0.37,0.756845238,1
4379,White,F,40.5,2.1,MW,1.26,0.70625,1
4380,White,F,36,3.2,GL,0.62,0.754761905,1
4381,White,M,37,3.2,MS,-0.12,0.767261905,1
4382,White,M,44,3.1,MS,-0.69,0.845238095,1
4383,White,F,40,3.1,NE,1.06,0.795238095,1
4384,White,F,37,3.3,NG,-1.78,0.776785714,1
4385,White,M,37,3.6,MS,2.05,0.805357143,1
4387,White,F,35,3.1,NE,1.02,0.732738095,1
4388,White,M,39,2.9,MS,-0.54,0.763690476,1
4389,White,M,39,3,SC,0,0.773214286,1
4390,White,F,37.5,3.2,MS,0.92,0.773511905,1
4391,White,M,46,2.9,MS,1.74,0.851190476,1
4392,White,M,34,3.9,MS,1.04,0.796428571,1
4393,White,M,35,3.2,MS,-1.13,0.742261905,1
4394,White,M,38,2.8,MS,-0.61,0.741666667,1
4395,White,M,37,3.4,MS,1.05,0.786309524,1
4396,White,M,33.5,3.2,MS,0.29,0.723511905,1
4397,White,F,36,3.2,NE,0.2,0.754761905,1
4398,White,F,36,2.7,NG,0.05,0.707142857,0
4399,White,F,36,3.1,NE,-0.41,0.745238095,1
4400,White,M,43,3.4,NG,0.77,0.861309524,1
4401,White,M,37,3.1,NE,-0.81,0.757738095,1
4402,White,F,37,3.3,MS,2.04,0.776785714,1
4403,White,F,41,3.2,MS,0.74,0.817261905,1
4404,White,M,29.5,3.4,MS,-1.87,0.692559524,1
4405,White,F,31,3.5,NE,1.06,0.720833333,1
4406,White,F,37,3.2,MS,0.81,0.767261905,1
4408,White,F,29,2.8,NE,-0.89,0.629166667,1
4409,White,F,37,3.3,MS,0.24,0.776785714,1
4410,White,M,37.5,3,NE,-0.46,0.754464286,1
4411,White,M,34,3.4,NG,-0.88,0.748809524,1
4412,White,F,40,3.2,MS,-0.24,0.804761905,1
4413,White,M,34,3.5,MS,0.47,0.758333333,1
4414,Black,F,27,2.4,NE,-2.01,0.566071429,1
4415,White,F,39,3.1,MS,-0.63,0.782738095,1
4416,Hispanic,M,35,3.1,MS,-0.53,0.732738095,1
4417,Hispanic,M,29,3,MS,-0.24,0.648214286,1
4418,White,F,34,3.1,FW,0.2,0.720238095,1
4420,White,F,34,3.4,SE,-0.03,0.748809524,1
4421,White,F,33,3.2,SE,-0.8,0.717261905,1
4422,White,F,34,3.8,SE,0.16,0.786904762,1
4423,White,F,34.5,3.6,NE,-0.91,0.774107143,1
4426,White,M,40,3.6,SE,1.08,0.842857143,1
4428,White,F,36,3,SE,-0.76,0.735714286,1
4429,White,M,35,3.8,SE,0.56,0.799404762,1
4430,White,F,36,3.2,SE,-0.54,0.754761905,1
4431,White,F,29,3.1,SE,-1.02,0.657738095,1
4432,White,M,31.5,3.4,SE,-1.76,0.717559524,1
4433,White,F,38,3.2,SE,-1.46,0.779761905,1
4434,Black,M,26,2.9,SE,-1.31,0.601190476,0
4435,White,F,48,3,NE,2,0.885714286,1
4436,White,M,47,3.1,SE,0.86,0.882738095,1
4438,White,F,34,3.5,SE,0.78,0.758333333,1
4439,Hispanic,F,39,2.9,SE,-1.06,0.763690476,1
4440,White,F,38,3.1,SE,0.53,0.770238095,1
4441,White,F,34,3.4,SE,1.81,0.748809524,1
4442,White,F,38,3,SE,-1.09,0.760714286,1
4443,White,F,41,2.9,SE,-0.8,0.788690476,1
4444,White,M,38,3.5,SE,-1.13,0.808333333,1
4445,White,F,28,3.1,SE,-1.02,0.645238095,1
4446,White,F,30.5,2.9,SE,-1.39,0.657440476,1
4447,White,F,33.5,3.5,SE,-0.54,0.752083333,1
4449,Hispanic,F,32,3.2,SE,0.2,0.704761905,1
4450,White,F,40,3.6,SE,2.04,0.842857143,1
4451,White,F,37,3,NG,-0.61,0.748214286,1
4452,White,M,33,3.7,SE,-0.47,0.764880952,1
4453,White,F,35,3.7,SE,0.6,0.789880952,1
4454,White,F,41,3,SE,-0.61,0.798214286,1
4455,White,M,28,3.6,SE,-1.02,0.692857143,1
4456,Asian,F,36,3,SE,-1.54,0.735714286,1
4457,White,F,37,3.1,SE,1,0.757738095,1
4458,White,F,31,3.4,SE,-0.54,0.711309524,0
4459,White,F,37,3.1,SE,-0.47,0.757738095,1
4460,White,M,41,3.9,GL,2.26,0.883928571,1
4461,White,F,31.5,3.5,SE,-0.14,0.727083333,1
4463,Black,M,33,3.1,SE,-0.54,0.707738095,1
4464,White,M,43,3.4,GL,1.96,0.861309524,1
4465,White,F,38,3.5,SE,-0.06,0.808333333,1
4466,White,F,34.5,3.4,SE,-0.69,0.755059524,1
4468,White,F,31,2.7,SE,0.48,0.644642857,1
4469,White,F,37,2.1,SE,-2.04,0.6625,0
4470,White,F,36,3.2,SE,-0.21,0.754761905,1
4471,White,M,39,3.9,SE,0.67,0.858928571,1
4472,White,M,35,3.3,SE,-0.61,0.751785714,1
4473,Black,M,37,3.3,NE,-0.03,0.776785714,1
4474,Hispanic,M,35,3.8,SE,0.12,0.799404762,1
4475,White,F,38,2.9,SE,0.56,0.751190476,1
4476,Other,F,39,3,SE,1.7,0.773214286,1
4477,Puertorican,F,36,3.2,SE,-0.95,0.754761905,1
4478,White,F,31,3.4,SE,-0.14,0.711309524,1
4479,White,F,39,3.2,SE,0.71,0.792261905,1
4481,White,F,31,3.5,SE,-1.06,0.720833333,1
4482,White,M,37,3.4,SE,0.23,0.786309524,1
4483,White,M,38,3.7,SE,1.93,0.827380952,1
4484,Hispanic,F,33,3.4,SE,-0.5,0.736309524,1
4485,White,F,35.5,3,SE,0.08,0.729464286,1
4486,White,F,36,3.2,MS,0.22,0.754761905,1
4487,White,M,29,3,SE,0,0.648214286,1
4489,Hispanic,M,31,2.8,SE,-1.61,0.654166667,1
4491,White,F,33,3.3,SE,0.69,0.726785714,1
4493,White,F,38,3.3,SE,-0.1,0.789285714,1
4494,Hispanic,M,37,3.9,SE,1.7,0.833928571,1
4495,White,F,44,3.1,SE,0.71,0.845238095,1
4496,White,M,34,3.5,SE,-0.84,0.758333333,1
4497,White,M,40,3.1,SE,-0.36,0.795238095,1
4498,White,F,37,3.2,SE,-0.1,0.767261905,1
4499,White,M,42,2.4,SE,-0.25,0.753571429,1
4502,White,F,39,3.3,MS,-0.15,0.801785714,1
4503,White,F,36,3,SE,1.59,0.735714286,1
4504,White,M,33,3.8,SE,-0.32,0.774404762,1
4505,White,F,38,3,SE,0.41,0.760714286,1
4506,Hispanic,F,35,3.9,SE,0.38,0.808928571,1
4507,White,F,34,3.3,SE,-0.32,0.739285714,0
4508,White,M,37,3.5,SE,0.45,0.795833333,1
4509,Black,M,34,3.1,SE,-1.02,0.720238095,1
4510,White,M,40,2.7,NE,0.08,0.757142857,1
4511,White,M,37,3.3,SE,1,0.776785714,1
4512,White,F,36,3.6,SE,0.2,0.792857143,1
4513,White,M,35.5,3,SE,-0.14,0.729464286,1
4514,Black,M,29,2.2,SE,-1.02,0.57202381,0
4515,White,M,38,3.4,NE,-0.03,0.798809524,1
4516,White,F,40,3.5,SE,-0.28,0.833333333,1
4517,White,F,32,3.3,SE,-0.43,0.714285714,1
4518,White,M,33,3.2,SE,-0.5,0.717261905,1
4519,White,F,36.5,3.2,SE,-0.21,0.761011905,1
4520,White,F,36,3,NG,1.15,0.735714286,1
4521,White,M,30.5,3.4,SE,-1.17,0.705059524,0
4522,White,M,34,3.6,SE,1.52,0.767857143,1
4523,Hispanic,M,38,3.7,SE,0.27,0.827380952,1
4524,White,F,40,3.1,SE,1.23,0.795238095,1
4525,White,M,35,3.6,SE,0.53,0.780357143,1
4526,Black,F,19,3,NG,-0.8,0.523214286,0
4527,White,F,36,3.6,SE,-0.06,0.792857143,1
4528,White,F,34,3.1,SE,-1.17,0.720238095,1
4529,White,M,37,3.5,SE,2.29,0.795833333,1
4530,White,F,31,2.7,SE,0.12,0.644642857,1
4531,White,F,34.5,3.1,SE,-0.8,0.726488095,1
4532,White,M,35,3.4,NE,-0.47,0.761309524,1
4533,Black,F,24,3.1,SE,-0.91,0.595238095,1
4535,White,F,35,3.3,SE,-0.43,0.751785714,1
4536,White,F,32,3.7,SE,-1.24,0.752380952,1
4537,White,F,36,3.2,SE,-0.61,0.754761905,1
4538,White,M,31,3.5,SE,0.41,0.720833333,1
4539,Black,F,27,2.9,SE,-1.28,0.613690476,1
4541,Hispanic,M,34,3.4,SE,0.23,0.748809524,1
4544,White,F,39,3,SE,1.81,0.773214286,1
4545,White,M,38,3.3,SE,-0.1,0.789285714,1
4546,White,M,33.5,3.1,SE,-0.95,0.713988095,1
4547,White,F,36,3.2,SE,-0.25,0.754761905,1
4548,White,M,36,3.3,SE,-0.25,0.764285714,1
4549,White,F,32.5,3.8,GL,-1.39,0.768154762,1
4550,White,M,34,3.4,SE,0.08,0.748809524,1
4551,White,F,30,3.8,SE,-0.69,0.736904762,1
4552,White,F,35,3.4,SE,1.89,0.761309524,1
4554,Hispanic,M,42,3.1,SC,2.15,0.820238095,1
4556,White,M,39,2.7,SE,-0.21,0.744642857,1
4557,White,F,35,3.4,SE,-0.36,0.761309524,1
4558,Black,M,26,3,SE,-0.65,0.610714286,1
4559,Puertorican,M,36,3.3,SE,-1.98,0.764285714,1
4560,White,F,36,3.9,SE,-0.25,0.821428571,1
4561,White,M,38,3,FW,-0.69,0.760714286,0
4562,White,M,39,3.3,SE,-0.58,0.801785714,1
4563,White,F,34,3.1,SE,0.64,0.720238095,1
4564,White,F,38,2.7,SE,0.9,0.732142857,1
4568,White,F,34,3.1,NE,-0.25,0.720238095,1
4569,White,M,33,3.7,SE,-0.73,0.764880952,1
4570,White,F,37,3.4,SE,-1.2,0.786309524,1
4571,White,F,40,2.9,SE,0.64,0.776190476,1
4572,White,F,39,3,FW,-0.25,0.773214286,0
4574,White,M,37,3.6,SE,0.78,0.805357143,1
4575,White,F,36.5,3.2,SE,-0.98,0.761011905,1
4576,White,F,42,3.5,SE,2.22,0.858333333,1
4577,White,M,41,3.8,SE,-0.25,0.874404762,1
4578,White,M,34,3.6,SE,0.9,0.767857143,1
4579,White,F,40,3.2,SE,0.71,0.804761905,1
4580,White,F,43,2.6,NG,-1.06,0.785119048,1
4581,Asian,F,28.5,3.3,SE,-0.03,0.670535714,1
4582,White,F,33,3.1,SE,0.2,0.707738095,1
4584,White,F,36,3.1,SE,0.38,0.745238095,1
4585,White,F,36,3.8,SE,1.85,0.811904762,1
4586,White,F,32.5,3.9,SE,0.2,0.777678571,1
4587,Mexican,M,34,3.1,SE,-0.1,0.720238095,1
4588,Black,M,36,2.9,SE,1.67,0.726190476,1
4589,White,M,36,3,SE,-0.69,0.735714286,1
4590,White,M,34,3.4,SE,-1.09,0.748809524,1
4591,White,M,37,3.9,SE,1.93,0.833928571,1
4592,White,M,41,3,SE,-0.73,0.798214286,0
4593,White,F,34,3.7,SE,0.56,0.777380952,1
4594,White,F,36,3.3,SE,-1.09,0.764285714,1
4595,White,M,32,2.8,SE,1.41,0.666666667,1
4596,Black,M,29,3.4,SE,-1.81,0.686309524,0
4597,White,F,38,2,SE,-1.79,0.66547619,1
4598,White,M,41,3.7,SE,0.53,0.864880952,1
4599,Black,F,32,2.4,SE,-1.17,0.628571429,1
4600,White,M,36,3.4,SE,-0.47,0.773809524,1
4602,Black,M,27,3.2,SE,-0.39,0.642261905,1
4603,White,F,42,3.4,SE,-0.5,0.848809524,1
4604,White,M,39,3.5,SE,0.31,0.820833333,1
4606,White,F,37,2.9,MS,0.6,0.738690476,1
4607,White,M,35,3.3,SE,-0.32,0.751785714,1
4608,White,F,34,3.5,NG,1.26,0.758333333,1
4609,White,F,36,3.3,SE,0.27,0.764285714,1
4610,White,F,33,3.5,SE,1.48,0.745833333,1
4611,White,F,39,3,SE,-0.65,0.773214286,1
4612,White,M,33,3.5,SE,-0.54,0.745833333,1
4613,White,F,39,3,SE,-0.14,0.773214286,1
4614,White,M,40,2.5,SE,-0.73,0.738095238,1
4615,Hispanic,F,31,3.3,SE,0.37,0.701785714,1
4617,White,F,32.5,3.3,SE,-0.11,0.720535714,1
4618,Hispanic,F,31,3.6,SE,-0.75,0.730357143,1
4619,White,M,34,3.2,SE,-0.25,0.729761905,1
4620,Hispanic,M,36,3,SE,-0.54,0.735714286,1
4621,White,M,31,3.6,SE,0.62,0.730357143,1
4622,Other,M,29,3,MS,-0.32,0.648214286,1
4623,Hispanic,F,40,3,SE,0.75,0.785714286,1
4624,Black,F,30,2.9,SE,1.45,0.651190476,1
4625,Other,F,29,2.9,SE,-0.98,0.638690476,1
4627,White,M,37,3.4,SE,0.12,0.786309524,1
4628,White,F,36,3.2,NE,0.31,0.754761905,1
4629,White,F,40,2.8,SE,-0.98,0.766666667,1
4630,White,F,37,3,SE,-0.8,0.748214286,1
4631,White,M,35,3.3,SE,0.27,0.751785714,1
4632,White,F,34,3.1,SE,-0.1,0.720238095,1
4633,White,F,40,2.9,SE,-0.32,0.776190476,1
4635,White,F,34,3.1,SE,-0.54,0.720238095,1
4636,White,M,36.5,3.4,FW,-0.8,0.780059524,0
4637,White,F,33,3.3,SE,2.15,0.726785714,1
4638,White,F,40,3.7,SE,1.48,0.852380952,1
4639,Hispanic,F,37,3.2,SE,0.05,0.767261905,1
4640,White,F,41,3.1,SE,1.11,0.807738095,1
4641,White,F,35,3.4,SE,1.08,0.761309524,1
4642,White,M,41,3.2,SE,1.11,0.817261905,1
4643,White,F,35,3.4,FW,0.6,0.761309524,1
4644,White,M,34,3.5,SE,0.48,0.758333333,1
4645,White,M,40,3.4,NE,0.49,0.823809524,1
4647,White,M,34,3.1,FW,-0.54,0.720238095,0
4648,White,M,36,3.4,SE,-0.14,0.773809524,1
4649,Hispanic,F,38,3,SE,-0.47,0.760714286,1
4650,White,M,38,3.1,SE,0.27,0.770238095,1
4651,White,F,34,3.8,SE,-0.69,0.786904762,1
4652,Hispanic,M,32,3.4,SE,0.2,0.723809524,1
4655,White,F,48,2.8,MS,0.2,0.866666667,1
4656,White,F,41,2.9,NE,0.45,0.788690476,1
4657,White,M,33,3.5,SE,1.52,0.745833333,1
4659,White,M,34,3.6,SE,0.6,0.767857143,1
4660,Hispanic,F,37,3.2,SE,0.49,0.767261905,1
4664,White,F,42,3.3,NE,0.05,0.839285714,1
4665,Other,M,38,3.1,SC,0.6,0.770238095,1
4666,White,F,33,3.5,SE,-1.43,0.745833333,1
4667,White,F,42,2.6,NG,0.7,0.772619048,1
4669,White,F,40,3.4,SE,0.38,0.823809524,1
4670,White,F,39,3.1,SE,-0.91,0.782738095,1
4671,Hispanic,M,33,3.8,SE,0.56,0.774404762,0
4672,Hispanic,M,39,3.4,SE,-0.65,0.811309524,1
4673,White,M,35,3.3,SE,-0.69,0.751785714,1
4674,White,F,36,3.2,SE,-0.36,0.754761905,1
4676,White,F,38,3.5,SE,0.78,0.808333333,1
4677,White,F,32,3.2,SE,0.75,0.704761905,1
4678,White,F,36,3.4,NG,0.05,0.773809524,0
4679,White,M,32,3.7,SE,-0.43,0.752380952,1
4680,White,M,36.5,2.2,Mt,-0.27,0.66577381,1
4681,White,M,41,2.4,SE,-0.27,0.741071429,1
4682,Hispanic,M,36,3.5,SE,1.44,0.783333333,1
4685,White,F,37,3.4,SE,0.37,0.786309524,1
4686,White,F,37,2.8,SE,0.16,0.729166667,0
4687,Hispanic,M,30,3.2,SE,0.75,0.679761905,1
4689,White,M,32,3.3,SE,0.1,0.714285714,0
4690,White,F,38,2.7,SE,0.21,0.732142857,1
4691,Hispanic,F,35,3,SE,-0.11,0.723214286,1
4692,Hispanic,F,37,3.1,SE,-0.43,0.757738095,1
4695,Black,M,28,2.7,SE,-0.43,0.607142857,0
4696,White,M,34,3.2,SE,-0.16,0.729761905,0
4698,Hispanic,F,34,3.3,SE,-0.86,0.739285714,1
4699,Asian,M,28,3.6,SE,-0.38,0.692857143,1
4700,White,F,45,3.4,SE,1.41,0.886309524,1
4701,White,F,34,3.4,SE,-1.39,0.748809524,1
4702,White,F,42,3.2,SE,0.31,0.829761905,1
4703,White,F,39,2.8,SE,-0.1,0.754166667,1
4704,White,M,44,4,SE,2.85,0.930952381,1
4705,White,M,37,2.8,SE,0.8,0.729166667,1
4706,White,F,41,3.5,SE,0.64,0.845833333,1
4707,White,F,43,3.1,SE,0.82,0.832738095,1
4708,White,M,35,3.6,SE,0.12,0.780357143,1
4709,White,M,40,3.3,SE,1.11,0.814285714,1
4710,White,F,38,3,SE,0.45,0.760714286,1
4712,Hispanic,F,32,2.4,SE,-0.61,0.628571429,1
4714,White,M,42,3.9,SE,2.18,0.896428571,1
4717,White,F,33,3.4,SE,-0.8,0.736309524,1
4719,White,F,34,3.6,SE,1,0.767857143,1
4722,White,F,46,3.5,SE,0.9,0.908333333,1
4723,White,F,32.5,3.7,NG,0.23,0.758630952,1
4726,White,F,40,2.5,SE,0.12,0.738095238,1
4727,White,F,38,3.2,SE,0.45,0.779761905,1
4728,White,F,32,3.5,SE,1.04,0.733333333,1
4729,White,M,38.5,3.8,SE,0.86,0.843154762,1
4730,White,F,36.5,3.4,SE,0.16,0.780059524,1
4732,Black,M,37,3.2,SE,0.64,0.767261905,1
4733,White,F,42,3.2,SE,0.49,0.829761905,1
4734,White,F,47,3,SE,-0.43,0.873214286,1
4735,Hispanic,M,35,3.4,SE,0.12,0.761309524,1
4736,White,M,48,3.4,SE,2.4,0.923809524,1
4737,White,F,42,3,SE,1.74,0.810714286,1
4738,White,F,38,3.1,SE,0.01,0.770238095,1
4739,White,F,35,3,SE,-1.24,0.723214286,1
4741,White,F,38,3.1,SE,-0.47,0.770238095,1
4743,White,F,34,3.1,SE,1.15,0.720238095,1
4744,White,F,38,3,SE,-1.68,0.760714286,0
4746,White,F,42,2.9,SE,-1.17,0.801190476,1
4747,Black,F,32,2.5,SE,-1.87,0.638095238,1
4748,White,F,37,3.2,SE,0.2,0.767261905,1
4749,White,F,32,3.4,SE,-0.28,0.723809524,1
4750,White,M,39,3.9,SE,0.93,0.858928571,1
4751,White,M,37,3.2,NG,0.12,0.767261905,1
4752,White,M,45,3.2,SE,1.15,0.867261905,1
4753,White,M,35,3.3,SE,-0.5,0.751785714,1
4754,White,F,43,2.7,SE,0.75,0.794642857,1
4756,White,M,32,3.6,SE,-0.61,0.742857143,1
4757,White,M,31,3.3,SE,0.05,0.701785714,1
4758,White,F,39,4,SE,0.48,0.868452381,1
4759,White,F,29,3.5,SE,0.1,0.695833333,1
4760,White,F,37,3.1,SE,2.14,0.757738095,1
4761,Hispanic,M,32,3.6,SE,-0.21,0.742857143,1
4763,White,F,42,2.9,SE,0.23,0.801190476,1
4764,White,M,42,3,SE,1.08,0.810714286,1
4765,White,M,37,2.9,SE,-0.61,0.738690476,1
4767,White,F,37,3.5,SE,-0.17,0.795833333,1
4768,White,F,39,2.9,SE,-0.76,0.763690476,1
4769,White,M,28,3.7,SE,0.38,0.702380952,0
4770,Asian,F,35,2.7,SE,-0.32,0.694642857,1
4771,White,F,37,3.1,SE,1.37,0.757738095,1
4772,Hispanic,F,41,2.6,SE,-0.27,0.760119048,1
4773,White,F,32,3.2,SE,1.23,0.704761905,1
4775,White,F,34,3.8,SE,-0.16,0.786904762,0
4776,Black,M,26,2.3,SE,-0.33,0.544047619,1
4777,White,F,40,3.5,SE,1.18,0.833333333,1
4778,Black,M,21,3.9,SE,-1.09,0.633928571,1
4779,White,F,39,3,NE,-0.32,0.773214286,1
4780,White,F,39,3,GL,0.93,0.773214286,1
4781,White,F,44,2,SE,1.04,0.74047619,1
4782,White,F,31,3.7,NE,0.01,0.739880952,1
4783,White,M,34,3.2,SE,0.23,0.729761905,1
4784,White,F,39,2.9,SE,0.49,0.763690476,1
4785,White,F,34,3.6,SE,-0.28,0.767857143,1
4786,White,F,35,3.2,NG,1.37,0.742261905,1
4787,White,F,41,2.9,NG,-0.03,0.788690476,1
4788,White,F,34,3.1,SE,-0.32,0.720238095,1
4789,White,M,35,3.4,SE,0.9,0.761309524,1
4791,Asian,M,39,3.2,MS,-0.76,0.792261905,0
4792,White,F,41,3.6,SE,1.52,0.855357143,1
4793,White,M,39,3.2,SE,-0.17,0.792261905,1
4794,White,F,37,3.2,SE,-0.17,0.767261905,1
4795,White,F,40,3,SE,0.05,0.785714286,1
4796,White,F,36,3.6,SE,0.05,0.792857143,1
4797,White,F,33,3.3,SE,-0.54,0.726785714,1
4798,White,F,44,3.2,SE,0.71,0.854761905,1
4800,White,M,34,3.4,SE,0.41,0.748809524,1
4801,White,F,41,3.6,MS,1.81,0.855357143,1
4803,White,M,34,3.6,SE,0.67,0.767857143,1
4804,Hispanic,M,40,3.7,SE,2.26,0.852380952,1
4805,White,M,37,3,FW,-1.13,0.748214286,0
4806,White,F,38,2.8,SE,-0.1,0.741666667,1
4807,White,M,32,3.6,SE,-0.03,0.742857143,1
4808,Black,M,36,2.2,NE,-1.57,0.65952381,1
4809,White,M,39,2.9,SE,-0.76,0.763690476,1
4810,White,M,36.5,3.2,SE,0.9,0.761011905,1
4811,White,M,34,3.1,SE,-0.39,0.720238095,1
4812,White,M,38,3.7,SE,1.26,0.827380952,1
4814,White,F,27.5,2.8,SE,0.25,0.610416667,1
4815,White,F,33,3,SC,-0.37,0.698214286,1
4818,White,F,37,2.6,SE,1.16,0.710119048,1
4822,White,F,29,2.6,SE,0.05,0.610119048,1
4823,White,M,29,3.2,NE,0.74,0.667261905,1
4824,White,M,35,2.6,SE,1.47,0.685119048,1
4825,White,F,34,2.7,Mt,0.59,0.682142857,1
4826,White,F,30,2.6,SE,0.01,0.622619048,1
4827,White,F,34,3,SE,0.67,0.710714286,1
4828,Black,F,35,3.4,SE,2.05,0.761309524,1
4829,White,F,29,3.4,MS,-0.97,0.686309524,0
4830,White,M,26.5,3.3,SC,-0.75,0.645535714,1
4831,White,F,30,3.2,SC,-0.48,0.679761905,0
4832,White,F,38,2.9,SE,1.1,0.751190476,1
4836,White,F,33,2.3,SC,0.14,0.631547619,0
4837,White,M,30.5,2.9,SE,-1.1,0.657440476,1
4838,White,F,34.5,2.6,SE,-1.13,0.678869048,1
4839,White,F,33,2.7,SE,0.16,0.669642857,1
4840,White,M,29,3.5,SE,-0.28,0.695833333,0
4841,White,M,32,3,SE,0.25,0.685714286,1
4843,Black,F,20,3.1,SE,-1.1,0.545238095,0
4844,White,F,27.3,3.5,SE,-1.13,0.674583333,1
4845,White,F,35,3.2,SE,1.16,0.742261905,1
4846,White,F,30,2.9,SE,0.32,0.651190476,1
4847,White,M,25,3.1,SE,-0.95,0.607738095,0
4850,White,F,31,2.7,SE,0.25,0.644642857,1
4851,White,M,28.5,3.7,SE,-0.48,0.708630952,1
4852,White,F,29,3.1,SE,-0.64,0.657738095,1
4853,White,F,31,3.1,SE,-0.52,0.682738095,1
4855,White,F,31,3.1,SE,0.27,0.682738095,1
4856,White,M,28,3.1,GL,-0.21,0.645238095,1
4857,White,M,40,2.9,SE,-0.64,0.776190476,0
4858,White,M,45,3.1,MS,2.23,0.857738095,0
4859,White,F,35,2.6,SE,0.41,0.685119048,1
4860,White,F,30,3.1,SE,0.16,0.670238095,1
4861,Asian,M,32,3,SE,-1.37,0.685714286,0
4862,White,M,32,2.6,SC,-1.1,0.647619048,0
4863,White,M,26,3.5,SE,-0.68,0.658333333,0
4864,White,F,35,2.7,MS,0.14,0.694642857,1
4865,White,M,32,2.8,SE,-1.53,0.666666667,1
4866,White,F,30.5,2.6,SE,-0.1,0.628869048,1
4867,White,F,32,3.2,GL,-0.26,0.704761905,1
4868,White,M,29,2.7,SE,-0.1,0.619642857,1
4869,White,M,29,3.4,SE,-1.13,0.686309524,0
4870,White,M,28.5,2.9,SE,0.41,0.632440476,1
4872,White,F,39,2.5,SC,0.83,0.725595238,0
4873,White,F,35,2.4,Mt,0.59,0.666071429,1
4874,White,M,29,3.1,SC,0.01,0.657738095,1
4875,White,F,30,3,SE,-0.79,0.660714286,1
4876,White,F,29,3.5,SE,0.01,0.695833333,1
4877,White,F,29,2.5,SE,0.32,0.600595238,1
4878,White,F,32,3.6,SE,2.07,0.742857143,1
4879,White,M,42,3.5,SE,2.07,0.858333333,1
4880,White,F,37,2.6,SE,-0.48,0.710119048,1
4881,White,M,28.5,2.9,FW,-0.28,0.632440476,0
4882,White,F,38,2.3,SE,0.47,0.694047619,1
4884,White,F,27.5,2.4,SE,-0.1,0.572321429,1
4885,White,F,36,2.4,SE,0.05,0.678571429,0
4888,White,F,31,2.8,MS,-0.64,0.654166667,0
4889,White,F,31,3,MS,1.05,0.673214286,1
4890,White,M,27.5,3.2,SE,1.52,0.648511905,1
4891,Black,F,26,3.1,SE,-0.84,0.620238095,0
4892,White,F,35,3.1,SE,0.74,0.732738095,1
4893,White,F,30,3.1,SE,2.12,0.670238095,1
4895,White,F,28,3.1,SC,0.83,0.645238095,0
4896,White,F,29.5,3.6,SE,1.63,0.711607143,1
4897,White,F,34,2.6,SE,1.16,0.672619048,1
4898,White,F,29,2.9,SC,-0.28,0.638690476,1
4900,White,F,28,3.6,SE,-1.01,0.692857143,0
4901,White,F,31,3.1,MS,-0.37,0.682738095,1
4903,White,M,29.3,3.1,SE,-0.95,0.661488095,1
4904,White,F,36,2.5,GL,-1.13,0.688095238,1
4905,White,F,27.5,3.1,SE,-0.41,0.638988095,1
4906,White,F,28.5,2.5,SE,-1.44,0.594345238,0
4910,White,F,28.5,3.1,NE,-0.41,0.651488095,1
4912,White,F,20,3.1,SE,-0.95,0.545238095,0
4913,White,M,29,2.7,SE,-0.33,0.619642857,1
4915,White,M,32.5,3,MS,-0.28,0.691964286,1
4916,White,F,31,3.4,SE,-0.7,0.711309524,1
4917,White,F,35,2.6,MS,1.85,0.685119048,0
4918,White,M,32.5,2.7,SE,-0.17,0.663392857,0
4920,White,M,30,2.9,SE,-0.06,0.651190476,0
4921,Black,M,17,3.3,SE,-0.44,0.526785714,0
4922,White,F,32,3.5,SE,1.32,0.733333333,1
4924,White,F,42,3.8,SE,0.7,0.886904762,1
4925,White,M,27,3.2,SE,-0.21,0.642261905,1
4926,White,F,40,4,SE,1.05,0.880952381,1
4927,White,F,28.7,3.3,SE,0.43,0.673035714,1
4928,White,F,30,2.6,MS,-0.41,0.622619048,1
4929,White,M,26,3.6,SE,0.7,0.667857143,1
4930,White,M,30.5,3.7,SE,-0.33,0.733630952,1
4931,Amerindian,F,32.5,2.5,SE,-1.1,0.644345238,1
4932,White,F,36,2.5,MS,-0.21,0.688095238,0
4934,White,F,33,2.6,SE,-0.1,0.660119048,1
4935,White,F,28,2.7,SE,-0.79,0.607142857,1
4936,Black,F,31,3.6,GL,-0.26,0.730357143,1
4937,White,M,25,3.7,SC,0.79,0.664880952,0
4938,White,F,28,3.3,SE,0.59,0.664285714,1
4940,White,F,42,3.4,SE,1.43,0.848809524,1
4941,White,F,32,2.8,FW,0.21,0.666666667,0
4942,White,F,31,2.7,SC,-0.1,0.644642857,1
4943,Black,M,29,2.3,SC,-0.97,0.581547619,1
4944,White,F,28,3.2,GL,0.74,0.654761905,1
4945,White,F,34,2.9,SE,0.74,0.701190476,1
4946,White,M,35,2.6,SE,-0.37,0.685119048,0
4947,White,F,26,3.5,SE,0.43,0.658333333,1
4948,White,F,34.3,2.8,MS,-0.21,0.695416667,0
4949,White,F,29,2.4,SE,0.1,0.591071429,1
4950,White,M,34,3.7,SE,2.39,0.777380952,1
4951,White,M,34,2.5,SE,0.85,0.663095238,1
4952,White,F,33,3.5,SE,1.21,0.745833333,1
4953,White,F,31,3.3,SC,0.47,0.701785714,1
4954,White,F,33,3,MS,0.7,0.698214286,1
4955,White,F,34,3.1,MS,0.36,0.720238095,1
4956,White,F,29.5,3.1,SE,0.1,0.663988095,1
4957,White,M,37,3.7,SE,2.39,0.814880952,1
4959,White,F,30,2.8,SE,0.25,0.641666667,1
4960,White,M,27,4,MS,0.52,0.718452381,1
4962,White,F,28.3,3.1,SE,0.32,0.648988095,1
4964,White,F,36,2.7,MS,0.21,0.707142857,0
4966,White,F,48,3.7,NE,1.82,0.952380952,1
4968,White,M,46,3.8,MS,-0.25,0.936904762,1
4969,White,F,48,3.7,FW,-1.36,0.952380952,1
4970,Black,M,44,3.3,FW,-2.1,0.864285714,1
4971,White,M,48,3.7,FW,1.47,0.952380952,1
4972,White,M,48,3.9,SE,1.25,0.971428571,1
4973,White,M,45,4,FW,0.43,0.943452381,1
4974,White,F,47,4,NE,1.12,0.968452381,1
4975,Black,M,39,3.4,NE,-0.75,0.811309524,1
4976,White,F,47,3.9,NE,1.94,0.958928571,1
4977,White,M,48,3.8,NG,-0.5,0.961904762,0
4978,White,F,48,3.7,GL,0.89,0.952380952,1
4979,Black,M,28,3.8,SE,-2.35,0.711904762,1
4980,White,F,45,3.9,NG,-0.85,0.933928571,1
4981,Black,F,33,3.2,GL,-1.24,0.717261905,1
4982,White,F,40,3.8,SC,-0.38,0.861904762,1
4983,White,F,46,3.9,NE,0.55,0.946428571,1
4984,White,F,44,3.8,NE,1.59,0.911904762,1
4985,White,F,42,4,GL,-1.08,0.905952381,1
4986,Black,M,38,3.6,SE,-2.01,0.817857143,1
4987,White,M,44,3.9,NE,1.47,0.921428571,1
4988,White,M,43,3.7,NG,-0.25,0.889880952,1
4989,White,M,43,4,FW,-0.47,0.918452381,1
4991,White,F,45,3.8,Mt,-0.3,0.924404762,1
4992,White,F,46,3.8,MS,0.53,0.936904762,1
4993,Asian,M,47,3.7,NE,-0.47,0.939880952,1
4994,Asian,M,43,4,FW,-2.35,0.918452381,1
4996,Mexican,F,44,3.7,NE,-1.36,0.902380952,1
4997,Black,M,43,3.3,NE,-1.13,0.851785714,1
4998,White,F,47,3.8,NG,2.08,0.949404762,1
4999,White,M,48,3.7,NG,-0.15,0.952380952,1
5000,White,F,46,3.8,NE,-0.47,0.936904762,1
5001,White,F,47,3.9,MW,-0.38,0.958928571,1
5002,White,M,44,3.7,MS,0.86,0.902380952,1
5004,White,M,42,3.9,MS,-1.52,0.896428571,1
5005,Black,M,32,3.6,NG,-0.47,0.742857143,1
5006,White,M,44,3.8,GL,1.03,0.911904762,1
5007,White,M,46,3.9,FW,0.43,0.946428571,1
5009,White,F,47,3.8,MS,0.09,0.949404762,1
5010,White,M,44,3.7,NG,0.55,0.902380952,1
5011,White,F,48,3.9,SE,-0.03,0.971428571,1
5012,White,F,42,4,MS,0.14,0.905952381,1
5013,White,F,48,3.9,NE,-0.73,0.971428571,1
5014,Asian,M,44,3.7,FW,-0.19,0.902380952,1
5015,White,F,44,3.7,NE,1.01,0.902380952,1
5016,Hispanic,F,43,3.7,SC,-1.13,0.889880952,1
5017,Asian,M,48,3.7,NE,0.2,0.952380952,1
5018,Asian,F,48,3.9,FW,0.89,0.971428571,1
5019,Hispanic,F,45,3.9,NE,-1.8,0.933928571,1
5020,White,F,48,3.9,NE,0.08,0.971428571,1
5021,White,F,47,4,FW,0.66,0.968452381,1
5022,White,M,44,3.7,NG,-0.14,0.902380952,1
5023,White,F,48,3.9,NE,1.94,0.971428571,1
5024,White,F,44,3.7,NE,-0.03,0.902380952,1
5025,White,F,47,3.9,FW,0.31,0.958928571,1
5026,Black,M,40,2.9,NE,-0.91,0.776190476,1
5028,White,F,48,3.8,NG,1.36,0.961904762,1
5029,White,M,47,3.7,NE,-0.5,0.939880952,1
5030,White,M,42,3.8,NE,-0.96,0.886904762,1
5031,White,F,48,3.9,NE,-0.25,0.971428571,1
5032,Asian,F,48,3.9,NG,1.75,0.971428571,1
5033,Asian,F,46,3.8,NE,-1.24,0.936904762,1
5034,White,M,45,3.8,MS,0.2,0.924404762,1
5035,White,F,45,3.9,MS,-0.61,0.933928571,1
5037,White,F,45,3.7,NE,-0.19,0.914880952,1
5038,White,M,45,3.9,MS,-0.61,0.933928571,1
5039,Hispanic,F,46,4,NE,0.2,0.955952381,1
5040,White,F,47,3.7,NG,0.36,0.939880952,1
5041,White,M,46,3.7,FW,0.75,0.927380952,1
5042,White,F,48,3.8,NE,-0.61,0.961904762,1
5044,White,F,48,3.5,NE,0.55,0.933333333,1
5045,White,F,45,3.8,GL,0.31,0.924404762,1
5046,White,F,45.5,3.9,NE,0.55,0.940178571,1
5047,White,F,44,4,SE,-0.15,0.930952381,1
5048,White,F,45,3.9,SC,0.14,0.933928571,1
5049,White,M,45,3.8,FW,0.47,0.924404762,1
5050,White,F,48,4,NG,1.94,0.980952381,1
5051,White,F,47,3.9,SC,0.7,0.958928571,1
5052,White,M,46,3.9,NG,0.86,0.946428571,1
5053,White,M,45,3.7,NE,0.2,0.914880952,1
5054,White,M,48,3.6,NG,0.14,0.942857143,1
5055,Asian,F,44,3.6,SE,0.08,0.892857143,1
5056,White,F,44,3.8,NE,0.55,0.911904762,1
5057,Asian,M,44,3.9,GL,-0.61,0.921428571,1
5060,White,M,43,3.9,NE,-0.38,0.908928571,1
5061,White,M,48,3.8,MS,0.47,0.961904762,1
5062,White,M,48,3.9,FW,1.08,0.971428571,1
5063,White,M,45,3.8,NG,-0.15,0.924404762,1
5064,White,F,47,4,FW,-0.8,0.968452381,1
5065,White,F,48,4,FW,0.14,0.980952381,1
5066,White,F,46,4,GL,-1.08,0.955952381,1
5067,White,F,42,3.7,NE,1.7,0.877380952,1
5068,White,M,40,3.9,GL,-1.08,0.871428571,1
5069,White,M,48,4.1,NE,-0.96,0.99047619,1
5070,White,F,47,4,NE,1.24,0.968452381,1
5071,Black,M,33.5,3.3,NE,-1.89,0.733035714,0
5072,White,F,43,4,FW,2.17,0.918452381,1
5073,Asian,M,47,3.6,NG,1.25,0.930357143,1
5074,Other,M,48,3.5,NE,-0.03,0.933333333,1
5075,White,F,46,3.8,FW,-0.97,0.936904762,1
5076,White,F,47,3.6,NG,-1.08,0.930357143,1
5077,White,F,46,3.9,FW,1.31,0.946428571,1
5078,White,M,42,4,SC,0.14,0.905952381,1
5079,White,F,46,3.7,NE,-0.25,0.927380952,1
5080,White,F,43,3.9,MS,0.08,0.908928571,1
5081,White,M,47,4,NE,0.2,0.968452381,1
5082,White,F,44,3.8,NE,0.89,0.911904762,1
5083,White,M,43,3.9,NE,0.2,0.908928571,1
5084,White,F,48,3.9,NE,2.28,0.971428571,1
5085,White,M,36,2.9,NE,-0.5,0.726190476,1
5086,Black,F,29.5,3.7,MS,-1.77,0.721130952,1
5087,White,F,48,3.7,NG,0.75,0.952380952,1
5088,White,F,48,3.9,NE,-0.15,0.971428571,1
5089,Black,M,45,3.6,MS,-0.08,0.905357143,1
5091,White,M,44,4,NG,-0.73,0.930952381,1
5092,White,F,47,4,MS,1.47,0.968452381,1
5093,Asian,F,45,3.6,NE,-0.58,0.905357143,1
5094,White,M,48,4,MS,0.25,0.980952381,1
5095,White,M,44,3.5,FW,-0.27,0.883333333,1
5096,White,M,45,4,MS,0.42,0.943452381,1
5097,White,F,44,3.7,NE,0.08,0.902380952,1
5098,White,F,48,4,NE,1.64,0.980952381,1
5100,White,M,39.3,3.7,FW,-0.78,0.843630952,1
5101,White,M,40,3.5,FW,-0.63,0.833333333,1
5102,White,F,47,3.4,FW,-1.16,0.911309524,1
5103,White,M,42,3.8,FW,0.62,0.886904762,1
5104,White,M,48,3.1,FW,-0.43,0.895238095,1
5105,Asian,M,36,3.5,FW,-2.86,0.783333333,0
5106,White,M,45,3.5,FW,0.84,0.895833333,1
5107,White,M,45,3.2,FW,0.39,0.867261905,1
5108,Mexican,F,40,2.7,FW,-0.21,0.757142857,0
5109,Hispanic,F,36,3.4,FW,-2.16,0.773809524,1
5110,White,F,46,3.2,FW,0.17,0.879761905,1
5111,White,M,42,3.6,FW,1.12,0.867857143,1
5112,White,F,47,3.1,FW,2.24,0.882738095,1
5114,Asian,M,41,3.3,FW,1.39,0.826785714,1
5115,Asian,M,43,3.5,FW,-0.86,0.870833333,1
5116,Black,M,36,3.3,FW,0.04,0.764285714,1
5117,Asian,M,42,3.3,FW,-0.11,0.839285714,1
5118,White,M,38,3.7,FW,-1.03,0.827380952,1
5121,Asian,M,38,3.3,FW,-0.98,0.789285714,1
5123,White,M,40,3.6,FW,0.87,0.842857143,1
5124,White,F,44,3.4,FW,-0.51,0.873809524,1
5125,White,M,44,4,FW,-0.38,0.930952381,1
5126,White,M,44,3.6,FW,-0.36,0.892857143,1
5127,Other,F,39,3.8,FW,-0.23,0.849404762,1
5128,White,M,40,3.5,FW,0.12,0.833333333,1
5129,White,M,42,3.8,SE,-0.08,0.886904762,1
5130,White,F,45,3,FW,0.54,0.848214286,1
5131,White,F,42,3.4,FW,0.64,0.848809524,1
5132,White,F,41,3.6,FW,0.54,0.855357143,1
5134,White,M,42,3.9,FW,0.32,0.896428571,1
5135,Asian,M,37,3.7,FW,-1.21,0.814880952,1
5137,White,F,43,3.7,FW,-0.73,0.889880952,1
5138,Other,F,39,4,FW,-1.86,0.868452381,1
5139,White,M,44,3.3,NE,0.44,0.864285714,1
5140,Asian,M,44,3.1,FW,-1.66,0.845238095,1
5141,White,F,48,3.4,FW,1.04,0.923809524,1
5142,White,M,40,4,FW,0.24,0.880952381,1
5143,Asian,F,41,3.6,FW,0.17,0.855357143,1
5145,White,F,42,3.5,FW,-0.86,0.858333333,0
5146,Other,F,44,3.2,FW,0.47,0.854761905,1
5147,White,F,42,3.4,Mt,-0.58,0.848809524,1
5148,Black,F,40,2.5,FW,-0.78,0.738095238,1
5149,White,F,43,3.4,FW,-1.33,0.861309524,1
5151,White,F,43,3.2,SE,1.32,0.842261905,1
5153,White,F,42,3.6,FW,-0.41,0.867857143,1
5154,Asian,M,43,3.2,FW,-0.26,0.842261905,1
5155,White,M,41,3.5,FW,1.22,0.845833333,1
5156,White,M,36,4,FW,0.22,0.830952381,1
5157,Hispanic,M,40,3.6,FW,-0.01,0.842857143,1
5158,Amerindian,F,40,2.7,Mt,-0.46,0.757142857,1
5159,Other,F,38,3.7,FW,-0.51,0.827380952,1
5160,White,F,42,3.3,FW,1.04,0.839285714,1
5161,White,M,40,3.7,FW,0.29,0.852380952,1
5162,White,M,40,4,FW,0.59,0.880952381,1
5163,Hispanic,F,40,3.1,FW,-1.03,0.795238095,1
5164,White,M,40,3.4,FW,-0.18,0.823809524,1
5165,White,F,42,3.6,FW,1.14,0.867857143,1
5166,Other,M,42,3.1,FW,-0.33,0.820238095,1
5167,White,F,42,3.7,NW,1.14,0.877380952,1
5168,Asian,F,46,3.2,FW,0.42,0.879761905,1
5169,White,F,45,3.3,SE,-1.28,0.876785714,1
5171,Black,F,32.5,3.3,FW,-1.98,0.720535714,0
5172,Black,M,38,3.6,FW,-0.56,0.817857143,1
5174,White,F,46,3.4,FW,-0.03,0.898809524,1
5175,White,M,42,3.3,FW,-0.41,0.839285714,1
5176,White,M,43,3.5,FW,0.64,0.870833333,1
5177,White,M,45,3.7,FW,1.59,0.914880952,1
5178,White,F,43,3.6,FW,1.57,0.880357143,1
5179,Asian,M,39,3.1,FW,-0.13,0.782738095,1
5180,White,M,42,3,FW,0.17,0.810714286,1
5181,Asian,F,38,3.3,FW,-0.16,0.789285714,1
5182,White,M,36,3.5,FW,0.09,0.783333333,1
5183,Asian,M,42,3.3,FW,0.54,0.839285714,1
5184,White,F,45,3.3,FW,0.27,0.876785714,1
5185,White,M,42,3.4,FW,0.62,0.848809524,1
5186,White,F,43,3,FW,-0.71,0.823214286,0
5187,Other,M,48,3.2,FW,0.87,0.904761905,1
5188,White,M,46,3.3,FW,0.67,0.889285714,1
5189,White,M,42,3.7,FW,1.22,0.877380952,1
5190,White,M,40,3.4,FW,1.44,0.823809524,1
5191,Asian,F,42,3,FW,-2.16,0.810714286,0
5192,White,F,44,3.1,FW,-0.46,0.845238095,1
5193,White,M,48,2.9,FW,0.69,0.876190476,1
5194,White,M,44,3,FW,-0.06,0.835714286,1
5195,White,F,44,3.4,FW,0.77,0.873809524,1
5196,White,M,42,3.7,FW,0.87,0.877380952,1
5197,White,F,42,3.5,FW,2.42,0.858333333,1
5198,White,F,42,3.4,FW,-1.26,0.848809524,1
5200,Mexican,F,37,2.9,FW,-0.18,0.738690476,1
5201,White,F,41,3.8,FW,0.97,0.874404762,1
5202,White,M,35,3.6,FW,-0.43,0.780357143,1
5203,White,F,38,3.8,FW,0.74,0.836904762,1
5204,Asian,M,41,3.2,FW,0.24,0.817261905,1
5206,White,F,46,3.3,FW,1.42,0.889285714,1
5207,White,F,46,3.3,FW,0.07,0.889285714,1
5208,White,F,39,3.8,FW,-0.11,0.849404762,1
5209,White,M,42,3.3,Mt,-0.08,0.839285714,1
5210,White,F,46,3.1,FW,0.47,0.870238095,1
5212,White,F,48,3,FW,0.62,0.885714286,1
5213,White,M,42,3.4,FW,-1.13,0.848809524,1
5214,White,M,41,3.6,FW,0.79,0.855357143,1
5215,White,F,40,3.6,FW,0.72,0.842857143,1
5216,Black,M,40.5,3,FW,-0.48,0.791964286,1
5218,Asian,F,40,3.6,FW,0.29,0.842857143,1
5220,Black,M,38,2.7,FW,-1.88,0.732142857,1
5221,Mexican,F,37,3,FW,0.52,0.748214286,1
5222,Amerindian,F,35,2.9,FW,-0.41,0.713690476,1
5223,White,M,38,3.6,FW,-0.41,0.817857143,1
5224,White,M,42.5,3.1,FW,-1.48,0.826488095,1
5225,Other,F,43,3.2,FW,0.49,0.842261905,1
5226,White,M,48,3.2,FW,0.72,0.904761905,1
5228,White,M,45,3.5,FW,1.14,0.895833333,1
5229,White,F,48,2.8,FW,1.04,0.866666667,1
5230,Mexican,M,36,3.3,FW,-0.53,0.764285714,1
5231,Other,F,39.5,3.4,FW,0.59,0.817559524,1
5232,White,F,39,3.8,FW,-1.58,0.849404762,1
5233,Hispanic,F,34,3.4,FW,-1.98,0.748809524,0
5234,White,M,47,3.3,FW,0.17,0.901785714,1
5235,White,M,40,3.4,FW,0.14,0.823809524,1
5236,White,M,41,3.9,FW,0.89,0.883928571,1
5237,White,M,45,3.4,FW,0.09,0.886309524,1
5238,White,F,42,3.7,FW,1.32,0.877380952,1
5239,Puertorican,F,41,3.1,FW,-1.16,0.807738095,1
5240,White,F,47,3.7,FW,0.64,0.939880952,1
5242,Mexican,F,46,2.7,FW,1.14,0.832142857,1
5243,White,F,41,3.5,FW,0.44,0.845833333,1
5244,White,F,40,3.6,FW,-0.16,0.842857143,0
5245,Mexican,M,42,3.2,FW,1.39,0.829761905,1
5246,Asian,M,29,3.4,FW,-0.63,0.686309524,0
5247,White,F,45,3.4,FW,-0.31,0.886309524,1
5249,Asian,F,35,3,FW,0.78,0.723214286,1
5253,White,F,32.3,3.3,MS,0.27,0.718035714,1
5256,White,M,34,3.3,NG,-0.54,0.739285714,1
5258,White,F,35,2.8,GL,-0.71,0.704166667,1
5260,White,F,36,3.3,GL,0.28,0.764285714,1
5262,Hispanic,M,29,3,Mt,-0.29,0.648214286,1
5263,White,M,38,3.1,GL,0.65,0.770238095,1
5267,White,F,31.5,3.6,GL,-0.73,0.736607143,1
5271,White,M,35,3.3,GL,-1.16,0.751785714,1
5284,White,F,35,3.7,GL,0.94,0.789880952,1
5288,White,M,40,3,NE,0.69,0.785714286,1
5292,White,M,31,3.9,GL,0.12,0.758928571,1
5293,White,F,38,3.1,MS,0.69,0.770238095,1
5294,White,F,32,3.4,MS,0.2,0.723809524,0
5296,White,M,36,3,Mt,-0.91,0.735714286,1
5297,White,M,30,3.2,SC,0.24,0.679761905,1
5299,White,M,41,3,MS,2.06,0.798214286,1
5300,White,F,33,3.3,GL,-1.74,0.726785714,1
5301,White,F,34.5,3.3,Mt,0.2,0.745535714,1
5302,White,F,30.5,3.5,GL,-1.99,0.714583333,1
5308,White,F,35,3.1,GL,0.16,0.732738095,1
5310,White,M,34,3.4,GL,-1.41,0.748809524,1
5313,White,F,37,3.2,GL,0.2,0.767261905,1
5314,White,F,35,3.5,GL,-0.42,0.770833333,1
5316,White,M,42,3.5,SC,-0.42,0.858333333,1
5323,White,F,35,2.8,GL,-0.58,0.704166667,1
5325,White,F,38,3.3,GL,-0.32,0.789285714,1
5326,White,F,33,3.6,GL,0.08,0.755357143,1
5333,White,M,39,3.3,GL,0.82,0.801785714,1
5334,White,M,41,3.4,FW,1.93,0.836309524,1
5335,White,F,35,3.1,MW,-1.45,0.732738095,1
5337,White,M,37,2.8,NG,-0.5,0.729166667,1
5340,White,M,35,3.1,GL,0.45,0.732738095,1
5342,White,F,32.5,3.6,GL,-0.21,0.749107143,1
5343,White,M,36,3.1,Mt,-1.28,0.745238095,1
5347,White,M,34.5,3.2,GL,0.82,0.736011905,1
5348,White,M,36,3.4,NE,-1.41,0.773809524,1
5354,White,F,33,3.2,GL,0.08,0.717261905,1
5355,White,F,36,3.4,GL,0.32,0.773809524,1
5362,Amerindian,F,33,3.3,GL,-0.54,0.726785714,1
5376,White,M,34,3.3,GL,-0.46,0.739285714,1
5377,White,F,33.5,3.1,GL,-1.57,0.713988095,1
5379,White,F,35,3.6,SC,0.41,0.780357143,0
5381,White,F,34,3.4,Mt,-1.28,0.748809524,1
5382,White,M,36,2.9,MS,-1.94,0.726190476,0
5383,White,F,36,3.7,GL,0.36,0.802380952,1
5384,White,F,38,3,NG,-2.03,0.760714286,0
5385,White,F,26.5,2.4,MS,-2.31,0.559821429,0
5387,White,F,36,3.2,GL,0.2,0.754761905,1
5388,White,F,35.3,3.1,GL,-1.61,0.736488095,1
5396,White,M,33,3.5,MS,-0.05,0.745833333,0
5399,White,F,35,3,NG,0.45,0.723214286,1
5403,White,F,33,3.1,GL,-0.05,0.707738095,1
5405,White,M,39,3.5,MW,0.39,0.820833333,1
5407,White,F,38,2.6,MW,-0.62,0.722619048,1
5408,White,M,38,3.2,MW,-0.01,0.779761905,1
5409,White,F,36,2.9,MW,0.46,0.726190476,1
5410,White,F,37,3.4,MW,1.11,0.786309524,1
5411,White,F,40,2.4,MW,0.1,0.728571429,1
5412,White,F,35,3.6,GL,0.93,0.780357143,1
5413,White,M,35,2.8,MW,-0.55,0.704166667,1
5414,Black,M,25,2.5,MW,-1.13,0.550595238,1
5416,White,F,31,2.8,MW,0.68,0.654166667,1
5417,White,F,32,2.1,Mt,-0.55,0.6,0
5418,White,F,38,3.1,MW,-0.34,0.770238095,1
5420,White,F,38,3.3,GL,2.16,0.789285714,1
5421,White,F,46,2.9,MW,0.79,0.851190476,1
5422,White,M,42,3.9,MW,0.61,0.896428571,1
5423,White,M,36,3.4,MW,-0.08,0.773809524,1
5424,White,M,34,3.8,GL,0.68,0.786904762,1
5425,White,M,33,3.5,SE,0.32,0.745833333,1
5426,White,F,39,3.2,MW,0.35,0.792261905,1
5428,White,F,36,2.9,MW,-0.12,0.726190476,1
5429,White,F,42,3.5,MW,0.79,0.858333333,1
5430,White,M,36,3.4,MW,0.82,0.773809524,1
5431,White,M,38,3,MW,0.14,0.760714286,1
5433,Black,M,25,2.4,MW,-2.29,0.541071429,1
5436,White,F,36,3.7,MW,0.82,0.802380952,1
5437,White,F,42,3.8,MW,1.8,0.886904762,1
5438,White,F,32,3.4,GL,0.93,0.723809524,1
5439,White,F,36,2.6,SE,1.01,0.697619048,0
5441,White,F,36,3.2,MW,-0.92,0.754761905,1
5443,White,F,40,2.7,GL,0.61,0.757142857,1
5445,White,F,29,2.9,GL,0.46,0.638690476,1
5446,Asian,F,33,3.1,MW,0.28,0.707738095,1
5447,White,F,36,3,MW,0.39,0.735714286,1
5450,White,M,38,3.6,MW,0.35,0.817857143,1
5451,White,M,34,2.4,MW,-0.05,0.653571429,1
5452,White,M,39,3.4,MW,0.75,0.811309524,1
5453,White,F,40,3,MW,0.57,0.785714286,1
5454,White,M,41,2.7,MW,-0.26,0.769642857,1
5455,White,F,32.5,3.5,MW,0.28,0.739583333,1
5456,White,F,28,2.3,MW,-1.13,0.569047619,1
5457,Black,M,28,3.9,MW,-0.37,0.721428571,1
5458,Asian,F,28.5,2.4,MW,-0.84,0.584821429,0
5459,White,M,36,3,MW,-0.41,0.735714286,1
5460,Hispanic,M,35,3.7,SE,1.4,0.789880952,1
5461,White,F,38,2.5,MW,-0.84,0.713095238,1
5462,White,F,38,3.1,MW,-0.08,0.770238095,1
5463,White,F,40,2.9,MW,0.9,0.776190476,1
5464,White,F,37,2.8,MW,-0.66,0.729166667,1
5465,White,M,34,3.5,GL,0.17,0.758333333,1
5466,White,M,42,3.2,MW,0.82,0.829761905,1
5467,White,M,42,3.5,MW,1.95,0.858333333,1
5468,White,F,36,2.5,MW,-1.39,0.688095238,1
5469,White,F,42,3.2,MW,0.97,0.829761905,1
5470,White,M,38,3.6,MW,1.22,0.817857143,1
5471,White,M,44,3.1,MW,1.91,0.845238095,1
5472,White,M,29,3,GL,-1.13,0.648214286,1
5473,White,F,31,3.2,MW,-0.66,0.692261905,1
5474,Black,M,41,2.6,MW,-0.37,0.760119048,1
5475,White,M,33.5,3,NE,-0.26,0.704464286,1
5476,White,F,35,3.2,MW,0.46,0.742261905,1
5477,White,M,31,3.9,MW,1.37,0.758928571,1
5478,White,F,35,2.4,MW,-0.95,0.666071429,1
5479,White,F,40,3.6,MW,1.01,0.842857143,1
5480,White,F,39,2.9,MW,0.64,0.763690476,1
5481,White,M,32,3.4,MW,0.32,0.723809524,1
5482,White,M,43,1.9,MW,0.75,0.718452381,1
5483,White,F,37,3.2,MW,1.15,0.767261905,1
5484,Hispanic,F,24.7,2.1,MW,-1.82,0.50875,0
5486,White,M,33,3,MW,-1.02,0.698214286,1
5487,White,F,35,3.3,MW,2.16,0.751785714,1
5488,White,F,33,3.1,MW,0.14,0.707738095,1
5489,White,F,35,3.1,MS,-0.26,0.732738095,1
5490,White,M,31,3.2,MW,-0.12,0.692261905,1
5491,White,M,32,3.4,MW,-0.71,0.723809524,1
5493,White,F,40,2.6,GL,-0.3,0.747619048,1
5494,White,M,41,3.1,Mt,0.86,0.807738095,1
5495,White,M,33,3.3,MW,-0.19,0.726785714,0
5496,White,M,38,3.2,MW,0.93,0.779761905,1
5498,White,F,35,3.4,MS,0.39,0.761309524,0
5499,White,F,31,3.2,MW,1.55,0.692261905,1
5501,White,F,39,2.6,MW,0.43,0.735119048,1
5502,White,F,47,2.4,MW,1.91,0.816071429,1
5503,White,F,42,2.4,GL,-0.44,0.753571429,1
5505,White,M,38,3.6,MW,0.71,0.817857143,1
5506,White,F,40,3,MW,1.11,0.785714286,1
5507,White,F,41,2.8,MW,-0.95,0.779166667,1
5508,White,M,36,3.6,GL,-0.08,0.792857143,1
5509,White,M,30,4,MW,0.71,0.755952381,1
5510,White,F,37,3,MW,-1.21,0.748214286,1
5512,White,F,36,3.2,MW,0.68,0.754761905,1
5513,White,F,36,2.7,MW,1.01,0.707142857,1
5514,White,F,43,4,MW,0.64,0.918452381,1
5515,White,F,39,3.1,MW,1.01,0.782738095,1
5516,Black,M,37,3.9,MW,0.61,0.833928571,1
5517,White,F,28,3.5,MW,0.35,0.683333333,1
5519,White,F,33,3.1,GL,-0.66,0.707738095,1
5520,White,M,37,3.5,MW,-0.05,0.795833333,1
5521,White,F,39,2.6,MW,-1.06,0.735119048,1
5522,White,F,39,2.9,MW,-0.29,0.763690476,1
5523,White,F,38,2.8,MW,-0.81,0.741666667,1
5524,White,M,31.5,3,Mt,-0.88,0.679464286,1
5526,White,F,40,3.1,MW,-0.16,0.795238095,1
5527,White,M,33.5,3.5,GL,0.5,0.752083333,1
5528,White,M,38,3.5,GL,1.4,0.808333333,1
5529,Asian,M,28,2.5,NG,-0.59,0.588095238,1
5530,White,F,33.5,3.2,MS,-0.08,0.723511905,1
5531,White,F,36,2.9,SC,0.43,0.726190476,1
5532,White,F,38,2.3,MW,0.14,0.694047619,1
5534,White,F,36,2.3,MW,-0.47,0.669047619,1
5535,White,M,38,3.7,MW,0.68,0.827380952,1
5537,White,F,42,3.9,MW,1.28,0.896428571,1
5540,White,F,37,2.7,MW,1.89,0.719642857,1
5541,White,F,36.5,3,MW,0.62,0.741964286,1
5550,White,F,41,2.9,GL,0.14,0.788690476,1
5551,White,F,35,3.6,SE,0.14,0.780357143,1
5553,White,F,39,2.4,MW,-0.41,0.716071429,1
5556,White,F,42,2.4,MW,0.32,0.753571429,1
5558,White,F,35,3.1,MW,0.68,0.732738095,1
5560,White,M,41,2.4,MW,1.46,0.741071429,1
5562,White,M,38,3.1,MW,1.46,0.770238095,1
5563,White,M,33,3.9,MW,-0.35,0.783928571,1
5567,White,F,38,3.1,MW,0.44,0.770238095,1
5568,White,M,33,4,MW,1.46,0.793452381,1
5569,White,M,38,3,GL,-0.62,0.760714286,1
5570,White,F,38,3.8,MW,1.69,0.836904762,1
5571,White,M,33,3.2,GL,0.21,0.717261905,1
5572,White,F,33,3,MW,1.37,0.698214286,1
5573,Hispanic,F,26,2.7,SC,-0.84,0.582142857,0
5574,Mexican,M,35,2.6,FW,-0.48,0.685119048,1
5575,White,M,38,2.7,GL,0.17,0.732142857,1
5576,White,F,34.5,3.1,SE,-0.19,0.726488095,1
5577,White,F,39,2.4,SC,-1.13,0.716071429,0
5578,White,M,38,3,SE,-0.73,0.760714286,1
5579,White,F,39,3.2,MW,1.3,0.792261905,1
5581,White,F,37,3.4,MW,0.56,0.786309524,1
5582,Black,M,27,2.5,MW,-1.35,0.575595238,1
5583,White,M,31.5,3.3,MW,-1.62,0.708035714,1
5584,White,F,25.5,2.1,MW,-0.77,0.51875,1
5585,White,F,33,3.2,MW,-0.71,0.717261905,0
5587,White,F,36,3.8,GL,0.44,0.811904762,1
5588,White,M,34,2.7,MW,-1.92,0.682142857,0
5589,Asian,F,25,2.4,GL,-1.41,0.541071429,1
5590,White,M,32,3,MW,-0.53,0.685714286,1
5592,White,M,39,3.7,MW,0.26,0.839880952,1
5597,White,F,34,2.6,MW,0.26,0.672619048,1
5599,White,F,36,2.1,MW,-1.44,0.65,1
5602,Black,M,24,3,MW,-1.62,0.585714286,0
5603,White,F,34,2.9,MW,-0.37,0.701190476,1
5604,White,F,27.5,3.4,MW,0.82,0.667559524,1
5605,Black,M,26,2.5,MW,-1.24,0.563095238,0
5607,White,M,35,3,MW,0.21,0.723214286,1
5608,White,F,38,3.5,MW,0.71,0.808333333,1
5609,White,M,40,2.8,SC,-0.59,0.766666667,0
5610,Black,M,23,2.9,MW,-0.81,0.563690476,1
5611,White,M,28,2.6,MW,-1.49,0.597619048,1
5612,White,F,38,2.4,MW,1.26,0.703571429,1
5613,White,F,35,2.9,MW,-1.1,0.713690476,1
5614,White,M,34,3.5,GL,-0.26,0.758333333,1
5615,White,F,36,3.4,MW,-0.26,0.773809524,1
5616,White,M,32,3,SC,-0.41,0.685714286,0
5617,White,M,36,3.3,MW,0.06,0.764285714,1
5619,White,M,39,3.4,GL,0.61,0.811309524,1
5620,White,F,39,3.7,GL,0.74,0.839880952,1
5621,White,F,37,2.4,GL,-0.05,0.691071429,1
5623,White,F,41,3.8,MW,0.44,0.874404762,1
5625,White,M,31,2.7,MW,-3.13,0.644642857,1
5627,White,F,35,2.4,GL,0.1,0.666071429,1
5628,White,F,35,3.2,MW,0.46,0.742261905,1
5629,White,M,37,3.4,MW,0.71,0.786309524,1
5630,White,F,39,3.4,MW,-0.23,0.811309524,1
5631,White,F,47,3,GL,2.85,0.873214286,1
5632,White,M,33.5,3.2,MW,-0.03,0.723511905,1
5633,White,F,34,3.1,MW,0.53,0.720238095,1
5634,White,F,43,3.3,MW,1.8,0.851785714,1
5635,White,F,24,2.6,MW,-0.6,0.547619048,1
5637,White,F,41,2.9,MW,0.35,0.788690476,1
5639,White,F,41,3.5,MW,1.55,0.845833333,1
5640,White,F,29,3.9,MW,0.1,0.733928571,1
5641,White,F,31,2.8,MW,-1.31,0.654166667,1
5642,White,F,33,3.1,GL,-0.59,0.707738095,1
5643,White,F,33,3.2,MW,-0.05,0.717261905,1
5644,White,F,36,3.5,MW,-0.41,0.783333333,1
5645,White,F,33,2.9,MW,-0.23,0.688690476,1
5646,White,F,34,3.5,MW,1.88,0.758333333,1
5647,White,F,34,3.6,MW,0.9,0.767857143,1
5648,White,F,39,2.9,Mt,1.62,0.763690476,1
5649,White,M,37,3.6,MW,0.46,0.805357143,1
5650,White,F,34,2.8,MW,0.1,0.691666667,1
5651,White,M,45,3,MW,0.24,0.848214286,1
5654,White,M,42,3.8,MW,1.49,0.886904762,1
5655,White,F,35,3.5,FW,0.7,0.770833333,1
5656,White,F,35,2.7,MW,-1.85,0.694642857,1
5657,White,M,40,3.5,MW,1.29,0.833333333,1
5658,White,M,41,3.8,MW,-0.08,0.874404762,1
5659,White,M,31,3.5,FW,0.59,0.720833333,1
5660,White,F,40,3.2,MW,-0.78,0.804761905,1
5661,White,F,42,2.9,MW,-0.27,0.801190476,1
5662,White,M,34,3.4,MW,-0.92,0.748809524,1
5663,White,F,37,3.5,MW,-1.3,0.795833333,1
5664,White,F,42,3.4,MW,0.28,0.848809524,1
5665,Black,F,28,2.5,GL,-1.17,0.588095238,1
5666,White,F,35,3.2,MW,-0.18,0.742261905,1
5667,White,M,34,3.5,MW,-0.06,0.758333333,1
5668,White,F,36,3.3,MW,-0.51,0.764285714,1
5669,White,M,39,3.2,MW,-0.72,0.792261905,1
5670,White,F,37,3,MW,-0.62,0.748214286,1
5672,White,M,38,3.1,MW,-1.55,0.770238095,1
5673,White,F,46,3.9,MW,1.98,0.946428571,1
5675,White,M,39.5,2.9,MW,-1.22,0.769940476,1
5676,White,M,39,3.4,MW,0.56,0.811309524,1
5679,White,M,39,3.4,MW,0.02,0.811309524,1
5680,White,M,38,3.6,MW,2.34,0.817857143,1
5681,White,F,38,3.7,MW,-1.06,0.827380952,1
5682,White,F,35,3.6,MW,-0.98,0.780357143,1
5683,White,F,44,3.7,NE,1.07,0.902380952,1
5684,White,M,39,3.8,MW,1.8,0.849404762,1
5685,White,F,37,3.4,MW,0.63,0.786309524,1
5686,White,F,40,3.1,MW,1.85,0.795238095,1
5687,White,F,33.5,3.4,MW,-0.43,0.742559524,1
5688,White,F,40,3.4,MW,1.11,0.823809524,1
5689,White,M,40,3.2,MW,-0.19,0.804761905,1
5691,White,F,35,3.6,MW,0.4,0.780357143,1
5692,White,F,41,3.2,MW,-0.84,0.817261905,1
5693,White,F,36,3,MS,-0.87,0.735714286,1
5694,White,F,39,3.1,MW,-0.31,0.782738095,1
5697,White,F,34,3.7,MW,0.02,0.777380952,1
5698,White,M,36,3.5,Mt,-0.72,0.783333333,1
5699,White,F,36,3.5,MW,-0.5,0.783333333,1
5701,White,F,35,3.7,GL,-0.64,0.789880952,1
5703,White,M,37,3.7,MW,-0.39,0.814880952,1
5704,Black,M,27,2.7,MW,-0.48,0.594642857,1
5705,White,M,38,3.4,MW,1.25,0.798809524,1
5706,White,F,40,3.6,MW,0.98,0.842857143,1
5707,White,F,32,4,MW,0.64,0.780952381,1
5708,White,M,35,3.9,MW,1.07,0.808928571,1
5709,White,F,34,3.3,GL,-0.07,0.739285714,1
5710,White,F,37,3.3,MW,-0.73,0.776785714,1
5712,White,F,39,3.6,MW,0.57,0.830357143,1
5714,White,F,40,3.6,MW,1.57,0.842857143,1
5715,White,F,42,3.1,MW,1.4,0.820238095,1
5716,White,M,36,3.5,MW,-0.53,0.783333333,1
5717,White,F,35,3.9,MW,1.37,0.808928571,1
5718,White,M,40,3.6,MW,1.39,0.842857143,1
5719,White,F,47,3.1,MW,-0.04,0.882738095,1
5720,White,M,36,3.8,MW,1.23,0.811904762,1
5721,White,F,43,4,MW,2.32,0.918452381,1
5722,White,F,36,3.4,MS,0.36,0.773809524,1
5723,White,M,36.5,3.5,SE,0.45,0.789583333,1
5724,White,F,40,3,MW,-0.57,0.785714286,1
5725,White,F,42,3.3,MW,0.72,0.839285714,1
5726,White,F,35,2.9,MW,1.44,0.713690476,1
5727,White,F,42,3.5,MW,1.07,0.858333333,1
5729,White,M,39,3.2,MW,-0.04,0.792261905,1
5730,White,F,43,3.1,MW,1.11,0.832738095,1
5731,White,M,39,3.8,MW,0.65,0.849404762,1
5732,White,M,34,4,MW,0.48,0.805952381,1
5733,Black,M,27,2.5,MW,-1.7,0.575595238,1
5734,White,M,35,3.5,MW,-1.13,0.770833333,1
5736,Black,M,36,2.9,SC,-0.9,0.726190476,1
5737,White,F,40,3,MW,-0.28,0.785714286,1
5739,White,F,31.5,3.5,MW,-0.13,0.727083333,1
5740,White,M,36,3.5,MW,0.86,0.783333333,1
5742,White,F,35,3.6,MW,-0.77,0.780357143,1
5743,White,F,33,3.5,MW,-1.72,0.745833333,1
5744,White,F,37.5,3.1,NE,-0.01,0.763988095,1
5745,White,F,38,3.1,MW,-0.55,0.770238095,1
5746,White,F,43,2.7,MW,0.57,0.794642857,1
5747,White,M,37,2.3,MW,-0.14,0.681547619,1
5748,White,F,39,3.2,MW,-0.59,0.792261905,1
5749,White,F,36,3.5,MW,-0.11,0.783333333,1
5753,Black,M,32,3,MW,-1.81,0.685714286,1
5754,White,M,35,3.9,MW,1.09,0.808928571,1
5755,White,F,33,3.2,MW,-0.93,0.717261905,1
5756,White,M,38,3.9,MW,-0.24,0.846428571,1
5757,White,M,39,3.2,MW,0.27,0.792261905,1
5758,Asian,F,47,2.8,MW,0.34,0.854166667,1
5759,White,M,32,4,MW,-0.68,0.780952381,1
5760,White,M,39,3.5,MW,1.2,0.820833333,1
5762,White,F,34,3.7,MW,0.01,0.777380952,1
5763,White,F,46,2.7,MW,1.94,0.832142857,1
5765,White,F,37,3.2,MW,-0.38,0.767261905,1
5766,White,F,39,3,MW,0.24,0.773214286,1
5767,White,F,40,3.1,MW,-1.5,0.795238095,1
5768,White,F,39,3.8,MW,0.89,0.849404762,1
5769,White,F,35,3.5,MW,1.63,0.770833333,1
5770,White,F,43,3.5,MW,-0.05,0.870833333,1
5771,White,F,34.5,3.3,MW,-0.03,0.745535714,1
5772,White,F,31,3.3,MW,-0.16,0.701785714,1
5773,White,M,40,2.9,MW,-0.89,0.776190476,1
5775,White,M,41,4,Mt,2.08,0.893452381,1
5776,White,F,40,3.4,MW,-1,0.823809524,1
5779,White,M,34,3.9,MW,-0.03,0.796428571,1
5780,White,M,39,3.4,MW,-1.02,0.811309524,1
5781,White,M,34,3.5,MW,0.34,0.758333333,1
5782,White,M,45,2.6,MW,-0.17,0.810119048,1
5783,White,F,40,4,MW,1.65,0.880952381,1
5784,White,M,34,3.6,MW,0.07,0.767857143,1
5785,White,M,35,4,MW,-0.34,0.818452381,1
5786,White,M,35,3.9,MW,-0.29,0.808928571,1
5787,White,F,42,2.9,MW,-0.31,0.801190476,1
5788,White,M,35,2.4,NG,-0.92,0.666071429,1
5790,White,F,33,3,SE,0.17,0.698214286,1
5792,White,M,34,2.8,FW,0.34,0.691666667,0
5793,White,F,37,2.8,FW,1.34,0.729166667,1
5794,White,M,30,3.1,FW,-0.7,0.670238095,1
5795,White,F,36,3.4,FW,1.34,0.773809524,1
5799,Mexican,F,34,2.5,FW,-0.16,0.663095238,1
5801,White,F,37,2.4,FW,0.46,0.691071429,1
5803,White,F,35,2.8,FW,0.24,0.704166667,0
5805,Asian,F,30,2.8,FW,-0.61,0.641666667,0
5810,Asian,F,33,2.6,FW,0.9,0.660119048,1
5811,Other,F,27,3,FW,0.05,0.623214286,1
5813,Asian,F,34,2.9,FW,0.33,0.701190476,1
5814,White,M,29.5,3.1,NE,-0.3,0.663988095,1
5815,White,F,43,2,FW,0.8,0.72797619,1
5816,White,M,31.5,3,Mt,0.9,0.679464286,1
5818,White,M,36,2.9,FW,1.12,0.726190476,1
5819,White,F,35,2.9,FW,0.71,0.713690476,1
5820,White,F,33,3.9,FW,1.12,0.783928571,1
5821,White,M,30,3.2,FW,-0.33,0.679761905,0
5822,White,F,35,2.8,FW,-0.72,0.704166667,0
5823,Hispanic,F,39,2.9,FW,1.2,0.763690476,1
5824,White,M,34,2.7,FW,-0.56,0.682142857,0
5825,White,F,37,3,Mt,1.88,0.748214286,1
5827,White,F,37,2.5,FW,1.17,0.700595238,1
5828,White,F,33,2.5,NE,0.33,0.650595238,0
5829,Asian,M,33,2.6,FW,-0.21,0.660119048,1
5831,White,M,33,2.9,Mt,-0.4,0.688690476,1
5832,White,F,42,2.3,FW,-0.57,0.744047619,1
5833,White,F,33,2.9,FW,0.02,0.688690476,1
5834,White,M,35,2.7,FW,-0.02,0.694642857,1
5835,White,M,24.5,3.8,FW,0.5,0.668154762,0
5836,White,F,42,3,FW,1.19,0.810714286,1
5838,White,F,27,3.3,FW,-0.29,0.651785714,1
5839,White,F,34,2.4,FW,0.34,0.653571429,0
5840,Mexican,F,37,3.2,FW,0.04,0.767261905,1
5841,Black,M,27,2.8,FW,-0.28,0.604166667,0
5842,White,F,32.3,2.8,NG,-0.28,0.670416667,1
5843,White,M,42,2.7,FW,0.77,0.782142857,1
5844,Puertorican,F,37,2.6,FW,0.11,0.710119048,0
5845,White,F,35,2.8,FW,1.34,0.704166667,0
5848,White,M,34,2.5,FW,0.51,0.663095238,1
5849,White,F,35,2.7,FW,-0.02,0.694642857,1
5850,White,M,40,2.6,FW,0.05,0.747619048,1
5852,White,M,35,2.1,FW,0.11,0.6375,1
5853,White,F,35,2.8,FW,1.12,0.704166667,1
5854,White,M,35,2.5,FW,-0.22,0.675595238,0
5856,Asian,F,36,2.4,FW,-1.15,0.678571429,1
5857,White,M,30,2.8,FW,1.57,0.641666667,1
5858,Other,M,32,3.2,FW,1.04,0.704761905,1
5859,White,M,43,2.4,FW,0.35,0.766071429,1
5864,White,M,35,3,Mt,-0.78,0.723214286,1
5867,White,F,36,3.6,FW,0.75,0.792857143,1
5868,White,M,35,2.9,FW,0.87,0.713690476,1
5869,Black,M,37,2.3,FW,2.6,0.681547619,1
5871,White,F,38,3,FW,-0.51,0.760714286,1
5872,White,F,37,3.3,FW,0.03,0.776785714,1
5873,Mexican,F,29,2.9,FW,0.68,0.638690476,1
5874,White,M,39,3.5,FW,1.44,0.820833333,1
5875,Hispanic,M,22.5,2.9,FW,-0.45,0.557440476,1
5876,White,M,32,3.2,FW,-0.81,0.704761905,1
5877,White,M,33,3.1,MS,0.67,0.707738095,1
5880,Puertorican,F,26,2.6,FW,-0.01,0.572619048,1
5881,White,M,25.5,3.1,FW,1.49,0.613988095,1
5883,Asian,M,31,2.7,FW,0.07,0.644642857,1
5885,Mexican,M,29,2.9,FW,-0.45,0.638690476,1
5886,Hispanic,M,26.5,3.3,FW,-0.32,0.645535714,0
5888,White,F,39,3.6,FW,1.63,0.830357143,1
5890,Asian,M,35,2.5,FW,0.58,0.675595238,1
5891,White,F,39,3.1,FW,0.97,0.782738095,1
5892,White,F,34,2.9,Mt,0.37,0.701190476,1
5893,Other,F,31,3.1,FW,0.9,0.682738095,1
5894,Black,M,28.5,2.1,FW,-0.58,0.55625,1
5895,White,F,34,3.5,FW,1.75,0.758333333,1
5896,Other,F,26,3.2,FW,-0.83,0.629761905,0
5897,White,F,29,3.5,FW,-0.95,0.695833333,0
5898,White,F,33,2.9,FW,-0.5,0.688690476,0
5899,White,F,39,2.7,FW,0.61,0.744642857,1
5901,White,F,37,2.8,SE,1.51,0.729166667,1
5902,Asian,F,39,2.2,NE,1.82,0.69702381,1
5903,White,F,34,2.6,FW,-0.7,0.672619048,1
5905,White,M,32.5,2.9,FW,-0.36,0.682440476,1
5908,White,M,34,3.1,FW,-0.43,0.720238095,1
5909,White,F,33,2.8,Mt,-0.71,0.679166667,1
5910,White,M,34,3,FW,0.74,0.710714286,1
5911,White,M,33,2.7,FW,1.88,0.669642857,1
5912,White,M,34,3.1,FW,0.8,0.720238095,1
5913,Asian,F,36,3.1,FW,-0.35,0.745238095,0
5914,White,M,28,3.4,FW,0.06,0.673809524,1
5915,White,F,40,2.2,FW,1.91,0.70952381,1
5916,Mexican,F,22.7,2.9,FW,-0.74,0.559940476,0
5917,White,F,38,2.9,FW,1.68,0.751190476,1
5918,White,F,37,2.5,SE,0.1,0.700595238,1
5919,White,F,31,3.5,FW,-0.01,0.720833333,1
5920,White,F,35,2.8,FW,-0.02,0.704166667,1
5921,Asian,F,37,2.3,FW,-0.08,0.681547619,1
5922,White,F,33,2.8,MS,0.75,0.679166667,1
5925,Hispanic,M,39,2.8,FW,1.69,0.754166667,1
5926,White,M,33,2.8,FW,2.79,0.679166667,1
5927,White,M,33,3.1,FW,-0.78,0.707738095,0
5928,Other,M,26.5,3,FW,0.26,0.616964286,1
5929,White,F,35,3,FW,-0.23,0.723214286,0
5931,White,F,37,2.5,FW,0.92,0.700595238,1
5932,White,F,31,3.1,SE,0.31,0.682738095,1
5933,White,F,35,2.9,FW,-0.07,0.713690476,1
5934,White,M,41,2.3,FW,0.01,0.731547619,0
5935,Asian,F,38.3,2.5,FW,1.24,0.716845238,1
5936,White,F,32.3,2.7,FW,0.71,0.660892857,1
5937,Asian,M,33.5,2.6,FW,-0.22,0.666369048,1
5939,White,F,28,2.8,SE,-0.49,0.616666667,1
5940,White,M,35,2.7,FW,-1.03,0.694642857,1
5941,White,F,32,2.4,FW,-1.04,0.628571429,1
5943,Other,M,35,3.7,FW,0.99,0.789880952,1
5944,White,F,31,3.1,FW,-0.19,0.682738095,1
5945,Asian,M,33,2.8,FW,0.31,0.679166667,1
5946,Asian,F,38,2.6,FW,-0.1,0.722619048,1
5947,White,M,34,2.6,FW,0.71,0.672619048,1
5948,White,F,30.5,3,FW,1.31,0.666964286,1
5949,Mexican,F,35,2.8,FW,-0.37,0.704166667,1
5950,White,F,37,2.2,FW,-0.47,0.67202381,0
5956,White,F,37,2.7,FW,1.88,0.719642857,1
5957,White,M,31,2.8,FW,-0.98,0.654166667,0
5958,Asian,M,31.5,3.3,FW,1.11,0.708035714,1
5959,White,F,37,2.5,FW,-0.01,0.700595238,1
5961,White,F,32.5,2.6,FW,0.49,0.653869048,1
5966,White,F,30,3.3,FW,-1.06,0.689285714,0
5971,White,F,30,2.7,FW,0.9,0.632142857,0
5974,White,F,27,2.8,FW,0.99,0.604166667,0
5975,White,F,30,2.6,FW,-0.9,0.622619048,0
5978,White,M,34,3.1,FW,0.17,0.720238095,1
5981,White,F,26.5,2.9,FW,-0.03,0.607440476,1
5982,White,M,39,2.6,FW,0.87,0.735119048,1
5984,White,F,44,1.5,FW,1.88,0.692857143,1
5985,White,F,37,2.8,MS,0.38,0.729166667,1
5987,White,M,42,1.7,FW,0.57,0.686904762,1
5988,White,F,33,2.7,FW,1.2,0.669642857,1
5989,White,F,33.5,3.2,SE,-0.52,0.723511905,1
5990,White,F,33,3,SE,0.47,0.698214286,1
5993,White,M,32.7,2.4,SE,0.47,0.637321429,1
5994,White,F,35,3,SE,-0.8,0.723214286,1
5995,White,M,27,3.5,SE,-0.17,0.670833333,1
5997,White,F,35,2.7,SE,0.82,0.694642857,1
5998,Black,F,24,2.4,SE,-1.37,0.528571429,0
5999,White,M,27.5,3,SE,1.45,0.629464286,1
6000,White,M,29.5,2.9,SE,-0.84,0.644940476,1
6001,White,F,39,2.8,SE,-0.31,0.754166667,1
6002,White,F,34,3.1,SE,1.73,0.720238095,1
6003,White,F,32,2.8,SE,-0.38,0.666666667,1
6004,White,F,35.5,3.3,MS,1.03,0.758035714,1
6005,White,F,40,2.5,SE,-0.52,0.738095238,1
6007,White,F,34,2.6,SE,0.25,0.672619048,1
6009,White,F,34,3.2,SE,-0.03,0.729761905,1
6011,White,F,29.5,3.6,SE,0.47,0.711607143,1
6012,White,F,41,2.5,SE,0.33,0.750595238,1
6013,Hispanic,F,34,3.4,SE,0.89,0.748809524,1
6014,Black,M,28,3.2,SE,-0.52,0.654761905,0
6015,White,F,33,3.2,SE,1.1,0.717261905,1
6017,Hispanic,F,25,3.5,SE,1.03,0.645833333,1
6018,White,F,24,3.1,NG,-0.24,0.595238095,0
6019,White,F,30,3.2,SE,-0.8,0.679761905,1
6020,Hispanic,F,28,3.1,SE,-0.03,0.645238095,1
6023,White,F,37,2.7,SE,2.09,0.719642857,1
6024,White,F,31,2.4,SE,-0.31,0.616071429,1
6025,Hispanic,F,33.5,2.9,SE,0.47,0.694940476,1
6026,White,F,35,3.2,SE,-0.1,0.742261905,1
6027,White,F,37,2.3,NE,-0.1,0.681547619,0
6028,White,M,31,2.6,SE,-0.52,0.635119048,1
6029,White,M,37,3,SE,1.17,0.748214286,1
6030,Hispanic,M,26.5,3.3,SE,0.89,0.645535714,1
6031,White,F,36,3.7,SE,1.58,0.802380952,1
6032,Hispanic,M,34,3.1,SE,-0.73,0.720238095,0
6033,White,M,30,3.8,SE,-0.52,0.736904762,1
6034,White,M,35,3.1,SE,0.25,0.732738095,1
6035,White,M,39,2.5,SE,-0.1,0.725595238,1
6036,White,F,36,2.7,SE,0.75,0.707142857,1
6037,White,F,34,2.1,SE,0.47,0.625,1
6038,White,M,30.3,3.4,SE,2.09,0.702559524,1
6039,White,F,19.5,2.9,SE,0.11,0.519940476,1
6040,White,F,33,2.6,SE,-0.66,0.660119048,1
6041,White,F,34,3,SE,-0.59,0.710714286,1
6042,White,F,31.5,2.6,NE,0.47,0.641369048,1
6043,White,F,37,2.5,SE,-0.8,0.700595238,1
6044,White,F,40,3.4,SE,0.47,0.823809524,1
6045,White,M,36,2.7,SE,0.33,0.707142857,1
6046,White,F,33,2.7,SC,-0.03,0.669642857,1
6047,White,F,31.3,3.3,SE,-0.73,0.705535714,1
6048,White,F,42,2.1,SE,0.25,0.725,1
6049,White,M,34,2.9,SE,0.33,0.701190476,1
6050,White,F,32,2.6,NE,0.89,0.647619048,1
6051,White,M,28,3.5,SE,0.61,0.683333333,1
6052,White,M,33,3.8,SE,1.52,0.774404762,1
6053,Black,F,25,2.5,SE,-0.52,0.550595238,0
6054,White,F,37,3.5,SE,0.47,0.795833333,1
6055,White,F,40,2.7,SE,0.75,0.757142857,1
6056,White,F,24.5,3.1,SE,0.33,0.601488095,1
6057,White,F,40,2.1,SE,-0.41,0.7,1
6058,White,F,35,3.1,SE,-0.52,0.732738095,1
6059,Hispanic,M,30,2.9,SE,-0.38,0.651190476,1
6060,White,M,31,3,SE,-2.71,0.673214286,1
6061,White,M,31,3.3,SE,-0.87,0.701785714,1
6062,White,F,34,3,SE,-1.02,0.710714286,0
6063,Hispanic,F,33,3.3,SE,0.96,0.726785714,1
6066,Black,M,23,2.3,SE,-0.03,0.506547619,1
6067,White,F,37,1.7,SE,0.82,0.624404762,1
6068,White,F,36,2.6,SE,0.47,0.697619048,1
6069,White,F,33,3.4,SE,1.03,0.736309524,1
6070,White,M,33,3,SE,-1.02,0.698214286,0
6071,White,F,37,2.9,SE,0.39,0.738690476,1
6072,White,M,38,2.6,MS,0.11,0.722619048,1
6073,White,M,32,2.8,SE,-0.85,0.666666667,1
6074,Hispanic,M,21.3,3.2,SE,0.11,0.571011905,0
6076,White,F,30,2.9,SE,0.18,0.651190476,1
6077,White,F,36,2.5,SE,0.75,0.688095238,1
6078,White,F,38,2.8,SE,0.25,0.741666667,1
6079,White,M,32,4,SE,-0.31,0.780952381,1
6080,White,M,35,2.8,SE,-0.59,0.704166667,1
6081,White,F,37,2.9,SE,-0.24,0.738690476,1
6082,White,M,37,3.2,SE,0.68,0.767261905,1
6083,White,F,42,3.5,SE,2.37,0.858333333,1
6084,White,M,24,2.9,SE,-0.31,0.576190476,1
6087,White,F,37,2.6,SE,0.75,0.710119048,1
6088,White,F,34,2.9,SE,-0.73,0.701190476,0
6089,White,M,27,3.3,SE,0.39,0.651785714,1
6090,White,F,34,2.9,GL,-0.03,0.701190476,1
6091,White,M,33,3.1,SE,-1.16,0.707738095,1
6092,White,M,32,3,SE,1.1,0.685714286,1
6093,White,F,24.3,3.1,SE,0.47,0.598988095,1
6094,White,F,37,2.8,SE,-0.52,0.729166667,1
6095,White,F,32,3.2,MS,-0.11,0.704761905,1
6096,White,F,33,2.9,SE,-0.38,0.688690476,1
6097,White,M,31,3.5,SE,1.21,0.720833333,1
6098,White,F,27.7,3.3,SE,0.33,0.660535714,1
6099,White,F,38,2.9,SE,0.68,0.751190476,1
6100,White,F,33,3.2,SE,0.82,0.717261905,1
6101,White,M,35,3.1,SE,-0.03,0.732738095,1
6102,White,F,32,3.2,SE,-2.28,0.704761905,1
6103,White,F,38,2.7,SE,-0.45,0.732142857,1
6104,White,M,37.5,2.8,SE,-0.87,0.735416667,1
6105,White,F,27.5,2.6,SE,-0.03,0.591369048,1
6106,White,F,40,2.5,SE,1.38,0.738095238,1
6107,White,M,35,3.1,SE,-0.38,0.732738095,1
6109,White,F,42,2.8,SE,0.47,0.791666667,1
6110,Hispanic,F,28,2.1,SE,-0.66,0.55,0
6111,White,F,33,3.3,SE,0.11,0.726785714,1
6112,Black,M,21,3.2,SE,-1.09,0.567261905,0
6113,White,M,31.5,3.2,SE,0.54,0.698511905,1
6114,Black,M,21,2.8,SE,-1.65,0.529166667,1
6116,White,M,33,3.3,SE,-0.59,0.726785714,1
6117,White,F,30,3.2,SE,0.54,0.679761905,1
6118,White,M,30.5,3.2,SE,-0.52,0.686011905,1
6119,Black,M,25.5,2.4,SE,-0.8,0.547321429,0
6121,White,F,31.5,3.1,NE,-1.02,0.688988095,1
6122,White,F,35,2.8,SE,2.09,0.704166667,1
6123,Hispanic,F,34,2.9,SE,-0.24,0.701190476,1
6124,Black,M,32,3,SE,-0.45,0.685714286,0
6125,White,M,32,3,SE,0.39,0.685714286,1
6126,White,F,32,2.6,SE,-0.59,0.647619048,1
6127,White,M,27.5,3.5,SE,0.25,0.677083333,1
6128,White,F,32,2.7,SE,-0.24,0.657142857,1
6130,White,M,29,2.5,SE,0.55,0.600595238,1
6131,White,M,26.5,3.4,SE,0.25,0.655059524,1
6132,White,F,37,2.3,GL,-0.59,0.681547619,1
6133,White,M,36,2.6,SE,1.38,0.697619048,1
6134,White,M,31,3.1,SE,1.87,0.682738095,1
6135,White,F,38,2.8,SE,-0.17,0.741666667,1
6136,White,M,33,2.7,SE,1.59,0.669642857,1
6137,White,F,38,2.3,SE,0.47,0.694047619,1
6138,White,F,27,3.4,SE,-0.1,0.661309524,1
6139,Other,F,37,2.6,SE,-0.66,0.710119048,1
6140,White,F,38,2.8,SE,1.45,0.741666667,1
6141,White,F,39,2.5,SE,-0.31,0.725595238,1
6143,White,M,34,3.1,SE,0.39,0.720238095,1
6144,White,F,37,3,SE,1.59,0.748214286,1
6145,White,F,33.5,2.7,NG,0.18,0.675892857,1
6146,White,M,35.5,1.9,SE,-0.73,0.624702381,1
6147,White,F,34,3,SE,0.04,0.710714286,1
6148,White,F,32,2.5,SE,-0.56,0.638095238,1
6149,Hispanic,F,40,2.7,SE,1.03,0.757142857,1
6150,White,M,34,2.9,SE,-0.38,0.701190476,0
6151,White,F,31,2.6,SE,1.73,0.635119048,1
6152,White,M,35,3.3,SE,-0.03,0.751785714,1
6153,White,M,34,2.9,SE,0.33,0.701190476,1
6154,Other,M,30.5,3.1,SE,-0.8,0.676488095,1
6155,White,F,34,3.2,SE,1.17,0.729761905,1
6156,White,F,23,3.3,SE,-0.1,0.601785714,1
6157,White,F,38,2.1,SE,-1.3,0.675,1
6158,White,F,33,3.1,SE,0.47,0.707738095,1
6159,White,M,24.3,2.7,SE,1.57,0.560892857,1
6160,White,M,28,2.2,SE,-0.66,0.55952381,1
6162,White,M,33,3.6,SE,0.89,0.755357143,1
6163,White,M,39,2.6,SE,0.33,0.735119048,1
6164,White,F,34,3.4,SE,1.73,0.748809524,1
6165,White,M,36,3.6,SE,1.1,0.792857143,1
6166,Puertorican,F,31.5,3.3,SE,-0.38,0.708035714,1
6167,Black,M,24,2.4,SE,-1.02,0.528571429,0
6168,White,M,35,2.8,SE,2.02,0.704166667,1
6169,White,M,37,2.4,SE,1.66,0.691071429,1
6170,White,F,34,2.5,SE,0.25,0.663095238,1
6171,White,M,36,2.4,SE,0.04,0.678571429,1
6172,White,F,37,2.6,SE,0.18,0.710119048,1
6173,White,M,35,3.3,NE,1.52,0.751785714,1
6174,White,M,32.5,3.4,SE,1.81,0.730059524,1
6175,White,F,33,3.3,SE,0.33,0.726785714,1
6176,White,F,24,3.1,SE,-0.66,0.595238095,1
6177,White,F,35,3.4,SE,2.58,0.761309524,1
6178,White,F,34,3.1,SE,-0.1,0.720238095,1
6179,Hispanic,M,30,3.1,SE,-0.03,0.670238095,1
6180,White,F,35,3,SE,0.39,0.723214286,1
6181,White,M,26.5,3.4,SE,-0.52,0.655059524,0
6182,White,F,30,3.2,SE,0.75,0.679761905,1
6183,White,F,34,2.3,SE,-0.17,0.644047619,1
6185,Hispanic,M,37,2.4,SE,-0.94,0.691071429,1
6186,White,F,30,3.5,SE,0.11,0.708333333,1
6187,Asian,F,29,2.4,SE,-0.87,0.591071429,1
6188,White,M,34,2.7,SE,0.39,0.682142857,1
6190,White,M,31.5,3,SE,-0.17,0.679464286,1
6191,White,M,37,3.7,SE,0.96,0.814880952,1
6192,White,M,32,3.1,SE,1.38,0.695238095,1
6194,White,F,37,2.9,SE,-0.38,0.738690476,1
6195,Hispanic,F,30,2.8,SE,-0.66,0.641666667,1
6196,White,F,34.5,2.5,SE,0.75,0.669345238,1
6197,White,M,35,3.3,SE,0.04,0.751785714,1
6198,White,F,32,2.5,SE,0.61,0.638095238,1
6199,White,F,31,3.2,SE,0.75,0.692261905,1
6200,White,M,34,2.9,SE,-0.87,0.701190476,0
6201,Black,F,26,2.3,SE,-1.58,0.544047619,0
6202,White,M,34,3.3,SE,-0.17,0.739285714,1
6203,White,F,31,2.4,SE,0.89,0.616071429,1
6204,White,F,35,2.9,SE,0.11,0.713690476,1
6205,White,F,36,3,SE,0.33,0.735714286,1
6206,White,F,35,2.7,SE,-1.58,0.694642857,1
6207,White,F,32,2.7,SE,0.25,0.657142857,1
6208,White,F,34,2.1,SE,-0.8,0.625,1
6209,White,F,33,3,SE,0.47,0.698214286,1
6210,White,M,30,2.9,SE,0.61,0.651190476,1
6211,White,F,36,2.9,SE,-0.03,0.726190476,1
6212,White,M,30,3.5,SE,1.17,0.708333333,1
6213,White,M,33,3.3,SE,-0.59,0.726785714,1
6215,White,F,29,3.2,SE,0.68,0.667261905,1
6217,White,M,33,3.2,SE,0.04,0.717261905,1
6218,White,F,35,2.9,NG,-0.66,0.713690476,1
6219,White,F,33,2.5,SE,-1.23,0.650595238,1
6220,White,F,35,3.3,SE,0.11,0.751785714,1
6221,White,M,32,2.9,SE,1.1,0.676190476,1
6222,White,F,30.5,3.1,SE,0.96,0.676488095,1
6223,White,M,32,3.3,SE,-1.58,0.714285714,0
6224,White,F,38,2.6,SE,1.75,0.722619048,1
6225,White,M,31.5,2.9,SE,0.33,0.669940476,1
6226,White,M,34,2.8,SE,-0.31,0.691666667,1
6227,White,F,32,2.6,SE,0.11,0.647619048,1
6229,Hispanic,M,31,3.6,SE,0.33,0.730357143,1
6230,White,F,31.5,3.5,SE,1.1,0.727083333,1
6232,Puertorican,F,31,3,SE,1.24,0.673214286,1
6234,White,M,32,3.1,SE,2.02,0.695238095,1
6235,White,F,34,2.5,NE,0.89,0.663095238,1
6236,Black,F,23,3.1,SE,-0.87,0.582738095,0
6237,Black,M,24,3.3,Mt,-0.73,0.614285714,0
6238,Black,M,20,2.5,SE,-0.8,0.488095238,0
6240,White,F,35.5,2.7,SE,1.17,0.700892857,1
6241,White,F,36,2.8,SE,0.25,0.716666667,1
6242,White,F,38,2.7,SE,-0.17,0.732142857,1
6244,White,F,33,3.1,NE,0.61,0.707738095,1
6245,White,F,41,2.9,SE,-0.59,0.788690476,1
6246,White,M,29,3.4,MS,-0.03,0.686309524,1
6247,White,F,33,3.2,SE,-0.03,0.717261905,1
6248,Mexican,F,39,3,SC,-0.56,0.773214286,1
6249,Mexican,M,33,2.9,SC,-0.89,0.688690476,1
6250,Amerindian,F,45,2.7,SC,-1.01,0.819642857,0
6251,White,F,44,3.6,SE,0.46,0.892857143,1
6252,White,F,45,3.8,SC,-0.54,0.924404762,1
6253,Mexican,F,36,2.7,SC,-0.39,0.707142857,1
6254,Hispanic,F,37,3.6,SC,-0.02,0.805357143,1
6255,White,M,42,3.5,SC,-1.84,0.858333333,1
6256,White,F,43,3.1,SC,0.03,0.832738095,1
6257,White,M,45,3.6,SC,0.36,0.905357143,1
6258,White,F,38,3.6,SC,0.57,0.817857143,1
6259,Black,F,39,2.4,SC,-1.37,0.716071429,1
6260,White,F,38,3.7,SC,0.55,0.827380952,1
6261,White,M,42,3.9,SC,0.5,0.896428571,1
6262,White,M,41,3.8,SC,1.75,0.874404762,1
6263,White,F,42,3.7,SC,1.9,0.877380952,1
6264,White,M,40,3.8,SC,0.57,0.861904762,1
6265,White,M,44,3.7,SC,0.8,0.902380952,1
6266,White,M,39,4,SC,-1.26,0.868452381,1
6267,White,F,44,3.5,SC,-0.78,0.883333333,1
6268,Black,M,33,3.5,SC,-1.47,0.745833333,1
6269,White,M,41,3.8,SC,0.42,0.874404762,1
6270,Asian,M,40,3.8,SC,0.23,0.861904762,1
6271,Mexican,M,39,3.6,SC,0.27,0.830357143,1
6272,Black,M,32,3.3,SC,-2.76,0.714285714,0
6273,White,F,41,3.3,SC,-0.08,0.826785714,1
6274,White,M,44,3.4,SC,-0.62,0.873809524,1
6275,Black,M,35,3.4,SC,-2.2,0.761309524,0
6276,White,F,39,3.7,SC,-0.31,0.839880952,1
6277,White,M,42,3.8,SC,-0.56,0.886904762,1
6279,White,M,39,3.2,SC,-1.3,0.792261905,1
6280,White,F,44,3.7,SC,-0.08,0.902380952,1
6282,White,M,45,3.8,FW,1.09,0.924404762,1
6283,White,M,41,3.4,SC,-0.27,0.836309524,1
6284,White,F,46,2.6,SC,-0.93,0.822619048,1
6285,White,F,45,3.4,SC,0.17,0.886309524,1
6286,White,F,39,3.7,SC,1.09,0.839880952,1
6287,White,F,42,3.8,SC,0.94,0.886904762,1
6288,White,F,41,3.3,SC,0.48,0.826785714,1
6289,White,F,47,3.5,FW,1.44,0.920833333,1
6290,White,F,40,3.7,SC,-1.37,0.852380952,1
6291,Mexican,F,39,3.4,SC,-0.43,0.811309524,1
6292,White,F,46,3.6,SC,0.61,0.917857143,1
6293,Asian,M,28.5,3.6,SC,-0.41,0.699107143,1
6294,White,M,35.5,3.7,SC,0.15,0.796130952,1
6296,White,M,37,3.9,SC,-0.14,0.833928571,1
6297,White,M,44,3.6,SC,-0.25,0.892857143,1
6298,White,F,41,3.6,SC,0.01,0.855357143,1
6299,White,F,42,3.9,NE,0.73,0.896428571,1
6301,White,F,47,3.4,SC,1.92,0.911309524,1
6302,White,F,38,3.4,SC,-0.64,0.798809524,1
6303,White,F,48,3.7,SC,1.77,0.952380952,1
6304,White,F,48,3.7,SC,0.03,0.952380952,1
6305,Mexican,F,38,3,SC,-0.52,0.760714286,1
6307,White,M,41,2.9,SC,-0.64,0.788690476,1
6309,White,F,46,3.3,SC,0.79,0.889285714,1
6310,White,F,41,3.6,SC,-0.25,0.855357143,1
6311,Black,M,42,3.5,SC,0.55,0.858333333,1
6312,White,F,44,3.7,SC,-0.76,0.902380952,1
6313,White,M,43,3.9,SC,1.21,0.908928571,1
6314,White,M,41,3.5,SC,1.19,0.845833333,1
6316,Mexican,M,27,3.2,SC,-2.01,0.642261905,0
6317,Asian,F,44,3.3,GL,-0.49,0.864285714,1
6318,Mexican,F,30,3.1,SC,-1.2,0.670238095,1
6319,White,M,37,3.6,SC,-0.56,0.805357143,1
6320,White,M,40,3.7,SC,-0.6,0.852380952,1
6322,White,M,47,3.5,SC,0.57,0.920833333,1
6323,White,F,39,3.7,SC,-0.27,0.839880952,1
6325,White,F,38,3.5,FW,1.21,0.808333333,1
6326,White,F,41,3.5,SC,-0.14,0.845833333,1
6327,Hispanic,M,39,3.1,SC,-1.01,0.782738095,1
6328,White,F,43,3.7,SC,0.48,0.889880952,1
6329,White,F,48,3.3,SE,1.02,0.914285714,1
6330,White,M,41,4,SC,1.09,0.893452381,1
6332,White,F,41,3.7,SC,-0.04,0.864880952,1
6333,White,F,46,3.4,SC,0.63,0.898809524,1
6334,White,F,44,3.8,SE,1.21,0.911904762,1
6335,White,F,39,3.9,SC,1.42,0.858928571,1
6336,White,F,42,3.6,SC,1.54,0.867857143,1
6338,White,F,39,4,SC,0.32,0.868452381,1
6339,Black,M,33,3.2,SC,-0.93,0.717261905,1
6340,Mexican,M,38,3.2,SC,-0.95,0.779761905,1
6341,White,M,43,3.6,SC,-0.99,0.880357143,1
6343,White,F,43.5,3,SC,1.36,0.829464286,1
6344,White,F,45,3.1,SC,0.84,0.857738095,1
6345,White,F,39,3.4,SC,1.29,0.811309524,1
6346,White,F,43,2.5,SC,-0.74,0.775595238,1
6347,White,M,44,3.8,SC,1.36,0.911904762,1
6348,White,F,40,3.7,SC,0.09,0.852380952,1
6349,White,F,48,3.4,SC,0.4,0.923809524,1
6350,White,F,41,3.2,SC,-0.24,0.817261905,1
6351,Mexican,F,32,3.4,SC,-1.1,0.723809524,1
6352,White,F,47,3.6,FW,0.61,0.930357143,1
6353,White,M,41,3.6,SC,0.59,0.855357143,1
6354,White,M,44,3.6,SC,1.13,0.892857143,1
6355,White,F,44,3.4,SC,-1.06,0.873809524,1
6356,White,F,48,3.5,SC,0.61,0.933333333,1
6357,White,M,39,3.7,SC,-1.1,0.839880952,1
6358,White,F,46,3.5,SC,-0.02,0.908333333,1
6359,White,F,44,3.8,SC,1.17,0.911904762,1
6360,Black,F,35,3.5,SC,0.69,0.770833333,1
6361,White,F,42,3.7,SC,0.61,0.877380952,1
6362,White,F,44,3.3,Mt,1.23,0.864285714,1
6363,White,F,40.5,3.8,SC,1.52,0.868154762,1
6364,White,F,42,3.8,SC,1.73,0.886904762,1
6365,White,F,44,3.6,SC,0.48,0.892857143,1
6366,White,M,46,3.6,SC,1.86,0.917857143,1
6367,White,M,45,3.3,SC,0.86,0.876785714,1
6368,Mexican,F,37,2.9,SC,-0.29,0.738690476,1
6369,White,M,43,3.6,SC,0.32,0.880357143,1
6371,Asian,M,37,3.8,SC,-0.6,0.824404762,1
6372,White,M,41,3.7,SC,1.83,0.864880952,1
6373,Mexican,M,39,3.3,SC,0.52,0.801785714,1
6374,White,F,39,3.2,SC,-0.49,0.792261905,0
6375,White,F,42,3.6,SC,-0.22,0.867857143,1
6376,White,F,40,3.6,SC,-0.35,0.842857143,1
6378,White,F,48,3.1,NE,1.48,0.895238095,1
6379,White,F,44,3.6,SC,0.84,0.892857143,1
6380,White,M,45,3.5,SC,0.9,0.895833333,1
6381,Asian,F,41,3.7,FW,0.27,0.864880952,1
6382,White,M,42,3.9,SC,-0.18,0.896428571,1
6383,White,F,44,3.8,SC,0.86,0.911904762,1
6384,Mexican,M,38,2.8,SC,-1.84,0.741666667,1
6385,White,F,38,3.4,SC,-1.57,0.798809524,1
6386,White,M,39,3.6,NE,-1.16,0.830357143,1
6387,White,F,48,3.8,SC,0.44,0.961904762,1
6388,White,M,47,3.7,SC,1.73,0.939880952,1
6389,White,M,45,3.6,SC,0.5,0.905357143,1
6390,White,M,42,3.6,SC,-0.95,0.867857143,1
6392,White,F,44,3.3,SC,0.75,0.864285714,1
6393,White,F,43,3.7,SC,0,0.889880952,1
6394,White,F,43,3.3,SC,0.19,0.851785714,1
6397,Black,M,33,3.1,NE,-1.37,0.707738095,1
6400,White,F,39,3.6,FW,-1.06,0.830357143,1
6401,White,M,36,2.9,SC,-0.49,0.726190476,1
6402,Black,M,32,3.2,SC,-1.03,0.704761905,1
6403,White,F,43,3.5,SC,0.67,0.870833333,1
6404,Mexican,F,40,3,SC,-0.97,0.785714286,1
6405,White,F,37,3.8,SC,-0.02,0.824404762,1
6406,White,F,41,3.3,SC,0.44,0.826785714,1
6407,White,F,38,3.8,SC,1.65,0.836904762,1
6408,Black,M,37,3.5,SE,-0.83,0.795833333,1
6409,Mexican,M,40,3.1,SC,-1.03,0.795238095,0
6410,White,M,42,3.5,SC,-1.64,0.858333333,1
6411,White,M,42,3.9,SC,0.88,0.896428571,1
6412,White,M,41,3.6,SC,-0.43,0.855357143,1
6413,Hispanic,M,35,3.2,SC,-2.2,0.742261905,0
6414,White,F,41,3.9,SC,0.8,0.883928571,1
6415,Mexican,F,40,3.9,SC,-0.54,0.871428571,1
6416,White,M,40,3.6,SC,-0.79,0.842857143,1
6417,White,M,35,4,SC,-0.37,0.818452381,1
6418,White,M,46,3.7,SC,-1.93,0.927380952,1
6419,White,F,41,3.5,SC,-2.24,0.845833333,1
6420,Mexican,F,38,3.7,SC,-1.58,0.827380952,1
6421,White,M,43,3.5,SC,-0.66,0.870833333,1
6422,White,M,39,3.8,SC,0.15,0.849404762,1
6423,Asian,F,40,3.3,SC,-0.95,0.814285714,1
6425,White,M,42,3.9,FW,0.17,0.896428571,1
6426,Hispanic,M,43,3.5,SC,-1.14,0.870833333,1
6427,White,M,39,3.7,SC,-0.25,0.839880952,1
6428,White,F,46,3.2,SC,0.5,0.879761905,1
6429,White,M,41,3.6,SC,-1.37,0.855357143,1
6430,Black,F,42,3.5,SC,0.88,0.858333333,1
6431,Mexican,M,33,3.8,SC,-1.7,0.774404762,1
6432,White,M,38,3.6,SC,0.5,0.817857143,1
6433,White,M,48,3.4,SC,0.27,0.923809524,1
6434,White,F,43,3.7,SC,2.19,0.889880952,1
6435,White,M,40,3.8,SC,-0.89,0.861904762,1
6436,Mexican,F,31,3.5,SC,0.05,0.720833333,1
6437,Mexican,F,41,3.2,SC,-1.08,0.817261905,1
6438,White,M,40,3.7,SC,-1.22,0.852380952,1
6439,White,M,35,3.8,SC,-1.22,0.799404762,0
6440,White,M,36,3.6,SC,-0.31,0.792857143,1
6441,White,M,38,3.7,SC,-0.54,0.827380952,1
6443,White,F,43,3.4,SC,-0.06,0.861309524,1
6444,Asian,F,39,3.5,FW,-0.45,0.820833333,1
6445,White,M,42,3.3,SC,-0.24,0.839285714,1
6446,White,F,42,3.7,SC,0.34,0.877380952,1
6447,White,F,40,3.9,SC,0.44,0.871428571,1
6448,White,M,44,3.7,SC,0,0.902380952,1
6449,White,M,43,3.3,SC,0.92,0.851785714,1
6450,White,F,41,3.4,SC,-0.68,0.836309524,1
6451,White,F,41,3.5,SC,0.59,0.845833333,1
6452,Black,M,38,3,MS,-1.3,0.760714286,1
6453,Black,F,37,2.5,FW,-1.45,0.700595238,0
6454,White,F,47,3.8,SC,1.27,0.949404762,1
6455,White,F,43,3.7,FW,1.13,0.889880952,1
6456,White,M,41,3.6,FW,0.9,0.855357143,1
6457,White,M,47,3.5,MS,1.88,0.920833333,1
6459,White,M,44,3.7,SC,1.63,0.902380952,1
6460,White,F,45,3.6,SC,-1.51,0.905357143,1
6461,Hispanic,F,40,3.7,SC,-1.05,0.852380952,1
6462,White,M,41,3.9,SC,0.23,0.883928571,1
6463,White,M,43,3.6,SC,1.31,0.880357143,1
6464,Asian,M,41,3,SC,-0.37,0.798214286,1
6465,White,F,46,3.6,SC,-1.72,0.917857143,1
6466,Black,M,36,3.4,MW,0.01,0.773809524,1
6468,White,F,40,3.5,SC,0.36,0.833333333,1
6469,Mexican,F,35,2.8,SC,-0.51,0.704166667,1
6470,White,F,44,3.5,SC,1.07,0.883333333,1
6471,Mexican,F,35,3.4,SC,-1.72,0.761309524,1
6472,White,M,42,3.7,SC,0.34,0.877380952,1
6473,Amerindian,F,43,2.9,SC,-0.02,0.813690476,1
6474,Black,F,36,3,SC,0.86,0.735714286,1
6475,Asian,M,42,3.6,SC,0.4,0.867857143,1
6476,White,F,41,3.8,SC,-0.04,0.874404762,1
6477,White,F,41,3.6,SC,-0.47,0.855357143,1
6478,White,M,33,3.5,SC,1.25,0.745833333,1
6479,White,F,45,3.2,SC,-0.18,0.867261905,1
6480,White,F,44,3.2,SC,1.06,0.854761905,1
6483,White,F,41.5,3.6,NE,0.75,0.861607143,1
6484,White,M,42,3.8,SC,1.71,0.886904762,1
6485,White,F,46,3.7,SE,1.23,0.927380952,1
6486,White,F,48,3.3,SC,-0.06,0.914285714,1
6487,White,F,44,2.2,SC,-0.45,0.75952381,1
6488,White,M,45,3.3,SC,1,0.876785714,1
6489,White,F,39,3.4,SC,0.4,0.811309524,1
6490,White,F,44,2.7,SC,-1.03,0.807142857,1
6491,White,M,45,3.6,SC,1.04,0.905357143,1
6492,White,F,39,3.9,SC,0.36,0.858928571,1
6493,White,F,47,3.5,FW,1.63,0.920833333,1
6494,White,F,39,3.4,MW,0.54,0.811309524,1
6495,White,F,46,3.5,SC,0.94,0.908333333,1
6496,White,F,40.5,3.7,SC,0.4,0.858630952,1
6498,White,F,41,3.3,SC,0.38,0.826785714,1
6499,White,F,42,3.2,SC,0.82,0.829761905,1
6500,Black,M,34,3.1,MS,-0.24,0.720238095,1
6501,White,M,41,3,SC,-1.22,0.798214286,1
6502,White,M,42.5,3.6,NE,0.94,0.874107143,1
6503,White,M,40,3.7,SC,0.61,0.852380952,1
6504,White,M,45,3.8,SC,-0.89,0.924404762,1
6505,White,M,40,4,SC,-0.08,0.880952381,1
6506,White,F,42,3.5,SC,0.13,0.858333333,1
6507,White,F,38,3.8,SC,-0.52,0.836904762,1
6508,White,F,39,3.6,SC,0.4,0.830357143,1
6509,White,F,48,3.5,SC,1.48,0.933333333,1
6510,White,F,44,3.9,SC,0.44,0.921428571,1
6511,White,M,40,3.5,SC,-0.56,0.833333333,1
6512,White,M,40,3.7,SC,-0.83,0.852380952,1
6513,White,F,44,3.1,SC,1.4,0.845238095,1
6514,White,F,44,3.6,SC,0.75,0.892857143,1
6515,White,F,42,2.6,SC,-0.1,0.772619048,1
6516,Hispanic,M,37,3.3,Mt,-0.45,0.776785714,1
6517,White,F,43,3.5,SC,0.52,0.870833333,1
6518,Mexican,M,39,3.5,SC,0.03,0.820833333,1
6519,White,F,44,3.6,FW,1.38,0.892857143,1
6520,White,M,42,3.5,SC,-0.24,0.858333333,1
6521,White,M,48,3.5,SC,0.4,0.933333333,1
6522,White,F,44,4,SC,0.4,0.930952381,1
6523,White,F,46,3.6,SC,-0.29,0.917857143,0
6524,White,F,45,3.1,SC,-0.37,0.857738095,1
6525,Mexican,M,40,3.7,SC,0.27,0.852380952,1
6526,White,M,43,3.6,SE,1.11,0.880357143,1
6527,White,M,45,3.9,SC,1.58,0.933928571,1
6528,Asian,F,40,3.7,FW,0.67,0.852380952,1
6529,White,F,44,3.5,SC,-0.6,0.883333333,1
6530,Black,M,43,3.3,MS,-2.2,0.851785714,1
6532,White,F,48,3.3,SC,0.48,0.914285714,1
6533,Hispanic,M,44,3.6,SC,-0.62,0.892857143,0
6534,White,M,45,3.6,SC,-0.95,0.905357143,1
6535,White,F,40,3.4,SC,1,0.823809524,1
6536,White,M,42,3.3,SC,-0.24,0.839285714,1
6537,White,F,41,3.6,Mt,1.67,0.855357143,1
6538,White,M,44,3.6,SC,0.07,0.892857143,1
6539,White,F,46,3.4,SC,1.85,0.898809524,1
6540,White,M,43,3.2,SC,-0.22,0.842261905,1
6541,White,F,41,3.7,SC,0.34,0.864880952,1
6543,White,F,37,3.5,SE,-0.35,0.795833333,1
6544,White,F,35,3.5,SC,-1.3,0.770833333,1
6545,Black,M,34,2.6,SC,-1.78,0.672619048,1
6546,White,M,46,3.2,SC,0.32,0.879761905,1
6547,Mexican,M,36,3,SC,-0.47,0.735714286,1
6548,White,F,40,3.9,SC,0.54,0.871428571,1
6549,White,F,41,3.1,SC,-1.28,0.807738095,1
6550,White,M,39.5,4,SC,0.9,0.874702381,1
6551,White,F,46,3,SC,1.36,0.860714286,1
6552,White,M,46,3.7,SC,1.92,0.927380952,1
6553,White,M,42,3.7,SC,1.83,0.877380952,1
6555,Mexican,F,37,3.9,SC,1.48,0.833928571,1
6556,White,F,45,3.1,SC,0.8,0.857738095,1
6557,White,F,40,3.5,SC,1.21,0.833333333,1
6558,White,M,37.5,3.7,SC,-0.85,0.821130952,0
6560,White,M,43,3.2,SC,-1.74,0.842261905,1
6561,White,F,45,3.6,SC,0.19,0.905357143,1
6562,White,F,35.5,3.5,SC,-0.74,0.777083333,1
6563,White,M,34,3.8,SC,0.38,0.786904762,1
6564,White,F,41,3.5,SC,0.46,0.845833333,1
6565,White,F,45,3.4,SC,0.96,0.886309524,1
6566,White,F,45,3.5,SC,0.15,0.895833333,1
6567,White,F,47,3.5,SC,-1.2,0.920833333,1
6568,White,F,37,4,SC,0.21,0.843452381,1
6569,White,M,41,3.8,SC,-0.47,0.874404762,1
6570,White,M,44,2.8,SC,1.63,0.816666667,1
6571,White,F,45,3,SC,-1.03,0.848214286,1
6572,White,M,42,3.8,SC,0.11,0.886904762,1
6573,White,M,45,3.8,SC,0.36,0.924404762,1
6574,White,F,39,3.9,GL,-0.72,0.858928571,1
6575,Asian,F,36,3,SC,-2.14,0.735714286,1
6576,White,F,44,4,SC,1.15,0.930952381,1
6577,White,F,44,3.4,SC,-0.12,0.873809524,1
6578,White,M,45,3.2,SC,0.84,0.867261905,1
6579,White,M,44,3.4,SC,-0.2,0.873809524,1
6580,Mexican,F,38,3.2,SC,0.01,0.779761905,1
6581,White,F,48,3.5,MW,0.77,0.933333333,1
6582,White,M,46,3.9,SC,0.15,0.946428571,1
6583,Other,M,42,3,SC,-0.89,0.810714286,1
6584,White,F,43,3.7,SC,-0.1,0.889880952,1
6586,White,F,44,3.8,Mt,-0.99,0.911904762,1
6587,Mexican,F,33,3.7,SC,-2.3,0.764880952,1
6588,White,M,46,3.5,SC,-1.16,0.908333333,1
6589,Black,M,38,3.3,SC,-0.95,0.789285714,1
6590,Asian,M,40,3.6,SC,-0.87,0.842857143,1
6591,White,M,45,3.3,SC,-1.12,0.876785714,1
6592,White,M,46,3.4,SC,0.79,0.898809524,1
6593,Black,M,36,3.6,SC,-1.2,0.792857143,0
6594,White,F,42,3.6,SC,-0.02,0.867857143,1
6595,White,F,38,3.5,SC,-0.27,0.808333333,1
6596,White,F,40,3.9,MS,0.98,0.871428571,1
6597,Other,F,46,3.6,SC,0.65,0.917857143,1
6598,Black,M,35,3.2,MS,-1.1,0.742261905,1
6599,Black,F,36,3.3,NE,-0.22,0.764285714,1
6600,Black,M,35,3.1,SC,-0.08,0.732738095,1
6601,White,M,42,3.5,SC,-1.99,0.858333333,1
6602,White,M,45,3.7,SC,0.15,0.914880952,1
6603,White,F,42,3.4,SC,-0.52,0.848809524,1
6604,Mexican,M,38,3.4,NE,-0.87,0.798809524,1
6605,White,M,46,3.8,SC,0.75,0.936904762,1
6606,Asian,F,40,3.9,SC,-1.08,0.871428571,1
6607,White,M,42,4,SC,0.11,0.905952381,1
6608,White,F,43,3.1,SC,0.27,0.832738095,1
6609,White,F,41.5,3.8,SC,1.13,0.880654762,1
6610,White,F,40,3.8,SC,-0.41,0.861904762,1
6611,White,F,48,3.8,SC,1.21,0.961904762,1
6612,Hispanic,F,36,3.9,SC,1.77,0.821428571,1
6613,Asian,F,41,3.8,SC,0.07,0.874404762,1
6615,White,F,44,3.1,SC,0.32,0.845238095,1
6616,White,F,48,3.3,SC,1.15,0.914285714,1
6617,Asian,M,39.5,3.6,SC,-0.89,0.836607143,1
6618,White,M,39,3.8,SC,-0.14,0.849404762,1
6619,White,F,44,3.7,SC,1.21,0.902380952,1
6620,White,F,41,3.4,SC,-0.95,0.836309524,1
6621,White,F,45,3.7,SC,-0.47,0.914880952,1
6622,White,F,45,3.9,MS,-0.18,0.933928571,0
6623,White,M,41,3.6,SC,-0.68,0.855357143,1
6625,White,M,39,3.8,SC,1.25,0.849404762,1
6626,White,F,40,3.7,GL,-0.04,0.852380952,1
6627,White,F,36,3.3,SC,-0.84,0.764285714,1
6628,White,F,30,3.1,NG,0.75,0.670238095,1
6629,White,M,34,3.6,SC,0.61,0.767857143,1
6631,White,M,35,3.1,SC,0.14,0.732738095,1
6632,White,F,36,3,SC,0.61,0.735714286,1
6633,Mexican,M,34,2.9,SC,-1.01,0.701190476,0
6635,White,F,37,3,SE,0.88,0.748214286,1
6636,White,M,33,3.3,SC,1.51,0.726785714,1
6637,White,F,37,3,SC,1.07,0.748214286,1
6638,White,F,32,3.3,SC,1.78,0.714285714,1
6639,White,M,35,3.4,SC,1.1,0.761309524,1
6640,White,M,35,2.7,SC,0.88,0.694642857,1
6641,White,M,33,3,SC,0.07,0.698214286,1
6642,White,M,29.5,3.1,SC,-1.28,0.663988095,1
6643,White,F,23,3.1,SC,-0.47,0.582738095,0
6644,White,M,36,2.9,SC,1.34,0.726190476,1
6645,White,F,33,3.1,SC,1.19,0.707738095,1
6647,White,M,37,3.1,SC,-0.59,0.757738095,1
6648,White,F,33,3.6,SC,2.39,0.755357143,1
6650,Mexican,M,35,3.1,SC,0.17,0.732738095,1
6652,White,F,36.5,2.4,SC,1.15,0.684821429,1
6653,Mexican,F,30,2.7,SC,-0.84,0.632142857,1
6654,Mexican,M,30,2.9,SC,-0.54,0.651190476,0
6655,White,M,32,3,SC,-0.42,0.685714286,1
6656,White,M,30,3.2,SC,-0.05,0.679761905,1
6657,White,M,36,3.1,SC,0.61,0.745238095,1
6658,White,M,37,3.1,SC,-0.86,0.757738095,0
6659,White,F,31,3.3,SC,-0.2,0.701785714,1
6660,Mexican,M,27,3.4,SC,-1.84,0.661309524,0
6661,White,F,34,2.6,SC,0.39,0.672619048,1
6662,White,F,32,2.3,SC,2.32,0.619047619,1
6663,White,M,39,2.5,SC,1.15,0.725595238,1
6664,White,F,38,2.9,SC,0.9,0.751190476,1
6665,White,F,37,3.1,SC,2,0.757738095,1
6666,White,F,35.5,2.3,SC,-0.3,0.662797619,1
6667,White,F,32.5,3.2,SC,1.41,0.711011905,1
6669,White,M,36,2.5,SC,0.41,0.688095238,1
6670,Mexican,M,30,3.7,SC,0.34,0.727380952,1
6671,White,M,39,2.1,SC,-1.84,0.6875,0
6672,White,F,35,2.3,Mt,-0.64,0.656547619,1
6673,White,M,35,2.9,SC,-0.86,0.713690476,1
6674,White,F,35,3.3,SC,1.76,0.751785714,1
6675,White,F,40,2.5,SC,0.29,0.738095238,1
6677,White,M,37,2.7,SC,1.49,0.719642857,1
6678,White,F,34,2.9,SC,-0.59,0.701190476,1
6679,White,F,37,3,SC,0.39,0.748214286,1
6680,White,F,36,2.7,SC,0.29,0.707142857,1
6681,White,M,41,2.6,SC,-0.64,0.760119048,0
6682,White,F,32,3.1,SC,-0.37,0.695238095,1
6684,White,F,42,3.6,SC,1.51,0.867857143,0
6685,White,F,40,2.5,SC,0.09,0.738095238,1
6687,White,F,39,3,SC,0.02,0.773214286,1
6688,White,F,37,2.9,SC,-0.32,0.738690476,1
6689,White,F,36,2.3,SC,-0.1,0.669047619,1
6690,White,M,37,2.9,SC,1.51,0.738690476,1
6691,Mexican,F,31.5,2.2,SC,-0.45,0.60327381,1
6692,White,F,34,3.3,SC,0.12,0.739285714,1
6694,White,F,39,2.9,SC,2.03,0.763690476,1
6695,White,M,36.5,3,SC,0.7,0.741964286,1
6696,White,M,34,3.3,SC,-0.47,0.739285714,0
6697,White,F,36,2.7,SC,0.07,0.707142857,1
6698,White,M,35.5,3.1,SC,0.24,0.738988095,1
6699,White,F,31,3.2,SC,0.24,0.692261905,1
6700,Mexican,F,29,3.5,SC,0.7,0.695833333,1
6701,White,M,33.5,3.4,SC,-1.06,0.742559524,1
6702,White,F,39,2.8,SC,-0.42,0.754166667,1
6704,White,M,38,3.1,SC,1.56,0.770238095,1
6707,White,F,38,2.4,SC,0.88,0.703571429,1
6708,Mexican,F,33,2.3,SC,-0.35,0.631547619,0
6709,White,F,37,2.6,SC,-0.15,0.710119048,1
6710,White,F,34,3.1,SC,0.07,0.720238095,1
6711,White,F,38,3.7,SC,1.34,0.827380952,1
6712,White,F,37,2.6,SC,0.36,0.710119048,1
6713,White,M,35,3.3,SC,-0.01,0.751785714,1
6714,White,F,35,2.5,SC,-1.23,0.675595238,0
6715,White,F,31,3.5,SC,-0.37,0.720833333,1
6716,White,M,33.5,2.4,SC,-0.37,0.647321429,1
6717,White,M,35,3,FW,0.17,0.723214286,1
6718,White,F,38,2.5,SC,1.76,0.713095238,1
6719,Mexican,F,21.5,3,SC,-0.37,0.554464286,0
6720,Mexican,M,35,2.3,SC,-0.5,0.656547619,1
6721,White,F,36,2.5,SC,-1.5,0.688095238,0
6722,White,F,32,3.7,SC,1.07,0.752380952,1
6723,White,F,35,3,SC,-0.72,0.723214286,0
6724,White,M,30,3.1,SC,-1.4,0.670238095,0
6725,Mexican,F,31,2.7,SC,0.07,0.644642857,1
6726,White,F,35,3,SC,0.88,0.723214286,1
6727,White,M,34,3.5,SC,1.07,0.758333333,1
6728,White,F,35,2.5,SC,0.53,0.675595238,1
6729,White,M,40,2.7,SC,1.34,0.757142857,1
6730,White,F,36,2.5,SC,0.07,0.688095238,1
6731,Mexican,M,28,3.5,SC,-0.81,0.683333333,0
6733,White,F,36,2.6,SC,0.39,0.697619048,1
6734,White,F,31,3,SC,-0.54,0.673214286,1
6735,White,M,39,3.8,SC,0.7,0.849404762,1
6736,White,F,34,3.2,SC,0.44,0.729761905,1
6737,Hispanic,F,29,3.3,SC,-0.4,0.676785714,0
6739,White,F,35,3.4,SC,1.02,0.761309524,1
6740,White,F,36,2.5,MW,-1.3,0.688095238,1
6741,Mexican,F,29.5,3.3,SC,0.14,0.683035714,1
6742,White,M,36,3.2,SC,2,0.754761905,1
6743,White,M,28,3.6,SC,-0.57,0.692857143,1
6744,White,F,31,3.2,SC,-1.18,0.692261905,0
6745,Mexican,F,38,2.2,SC,1.93,0.68452381,1
6746,White,M,37,3.7,SC,0.51,0.814880952,1
6748,Hispanic,F,26,3.3,SC,-1.5,0.639285714,0
6749,White,F,37,2.6,SC,-1.5,0.710119048,0
6750,Mexican,F,29,3,SC,-0.57,0.648214286,0
6751,White,M,33,3.5,SC,-0.45,0.745833333,1
6752,Mexican,F,31,2.2,SC,0.14,0.59702381,1
6753,Black,M,24,3.1,SC,-1.55,0.595238095,0
6754,Black,M,25,3.2,FW,-1.6,0.617261905,0
6755,White,F,45,2.2,MW,-0.81,0.77202381,1
6756,White,M,34,3,SC,0.61,0.710714286,1
6757,White,F,31.5,3.2,GL,0.04,0.698511905,1
6758,White,M,32,3.1,SC,0.12,0.695238095,1
6759,White,F,42,2.7,SC,0.68,0.782142857,1
6760,Mexican,F,30,3.1,SC,1.29,0.670238095,1
6762,White,F,39,2.7,SC,-0.84,0.744642857,0
6763,Mexican,M,31,2.8,SC,-0.79,0.654166667,0
6764,White,M,40,3.1,SC,1.44,0.795238095,1
6765,White,F,33,3.1,SC,0.56,0.707738095,1
6766,White,F,35,2.6,SC,0.17,0.685119048,1
6767,White,F,38,2.9,SC,-0.79,0.751190476,1
6768,Mexican,M,28,2.7,SC,-1.08,0.607142857,0
6769,Hispanic,M,35,2.2,SC,-0.3,0.64702381,1
6770,White,M,38,2.8,SC,-0.91,0.741666667,1
6771,Mexican,F,33,3,SC,0.75,0.698214286,1
6772,White,F,34,3.3,SC,1.02,0.739285714,1
6774,White,F,36,2.9,SC,-1.77,0.726190476,0
6775,White,F,40,2.5,SC,1.59,0.738095238,1
6776,White,F,37,3.2,SC,0.44,0.767261905,1
6777,White,M,31,3.6,SC,1.27,0.730357143,1
6778,White,M,40,3.4,SC,1.05,0.823809524,1
6779,White,M,39,3.4,SC,0.34,0.811309524,1
6780,White,M,39,2.9,SC,0.02,0.763690476,0
6781,Hispanic,M,27,4,SC,0.12,0.718452381,1
6782,White,M,34,3.1,SC,-0.08,0.720238095,1
6783,Mexican,F,35,2.7,SC,0.58,0.694642857,1
6784,White,M,40,3.2,SC,0.56,0.804761905,1
6785,White,F,36,2.9,Mt,0.63,0.726190476,1
6786,White,M,28.3,3.1,SC,1.54,0.648988095,1
6787,White,F,34.5,3.2,SC,-0.67,0.736011905,0
6788,White,F,36,2.6,Mt,-0.57,0.697619048,1
6789,White,F,39,2.5,SC,0.88,0.725595238,0
6790,White,F,35,3.1,SC,-0.15,0.732738095,1
6791,White,M,35,2.7,SC,-0.5,0.694642857,1
6792,White,F,36,2.9,SC,0.48,0.726190476,1
6793,White,F,31.5,3.3,SC,-0.4,0.708035714,1
6794,White,F,36,3,SC,-1.01,0.735714286,1
6795,White,F,37,3,SC,0.58,0.748214286,1
6797,White,M,40,3.4,SC,1.56,0.823809524,1
6798,White,F,31,3.3,SC,0.51,0.701785714,1
6799,White,M,31,3.1,SC,0.12,0.682738095,1
6801,Asian,M,31,2.9,SC,-0.4,0.663690476,1
6802,White,M,29,3.3,SC,-1.21,0.676785714,0
6803,White,F,37,2.6,SC,-1.21,0.710119048,0
6804,White,F,38,2.2,SC,-0.94,0.68452381,1
6805,White,M,35,3.1,SC,-0.74,0.732738095,1
6806,White,M,35,2.8,SC,-1.16,0.704166667,0
6807,White,M,35,3.2,SC,-0.15,0.742261905,0
6808,White,M,29.7,3.7,SC,-0.47,0.723630952,1
6809,Black,M,27,3.1,SC,-1.33,0.632738095,0
6810,White,M,34,3.3,SC,0.12,0.739285714,1
6812,White,F,39,3,SC,-1.06,0.773214286,1
6813,White,F,38,2.8,SC,0.58,0.741666667,1
6814,Mexican,F,33,3.1,SC,-1.23,0.707738095,1
6815,White,F,39,2.7,SC,-0.23,0.744642857,1
6816,White,F,45,2.9,SC,1.32,0.838690476,1
6817,White,F,37,2.9,SC,0.07,0.738690476,0
6818,Mexican,F,39,2.4,SC,-2.24,0.716071429,0
6819,White,M,39,2.5,SC,-1.01,0.725595238,0
6820,White,F,36,2.7,SC,0.29,0.707142857,1
6821,Mexican,M,40,2.6,SC,-0.62,0.747619048,1
6822,White,F,36,2.7,SC,-1.79,0.707142857,1
6823,White,F,31,3.1,MW,0.93,0.682738095,1
6824,White,F,32,3.2,SC,0.83,0.704761905,1
6825,White,F,38,2.4,SC,-0.79,0.703571429,1
6826,White,F,37,2.8,SC,0.36,0.729166667,1
6827,White,M,41,2.9,SC,0.61,0.788690476,1
6828,White,F,35,2.9,SC,-0.3,0.713690476,1
6829,White,M,40,2.7,SC,1.76,0.757142857,1
6830,White,M,33,2.3,SC,0.36,0.631547619,1
6831,White,F,42,2.3,SC,0.83,0.744047619,1
6832,White,M,41,3.5,SC,0.58,0.845833333,1
6833,White,F,33,3,SC,0.31,0.698214286,1
6834,White,M,37,3,SC,0.46,0.748214286,1
6835,White,F,35,3,SC,-0.86,0.723214286,1
6837,White,F,37,2.5,SC,-0.37,0.700595238,1
6838,White,M,33,3.4,SC,0.41,0.736309524,1
6839,White,M,41,2.6,SC,0.26,0.760119048,1
6840,White,F,36,2.6,SC,-0.13,0.697619048,1
6841,White,M,30,3.3,SC,-1.11,0.689285714,1
6842,White,M,39,3.6,SC,1.44,0.830357143,1
6843,White,F,37,2.5,SC,-0.1,0.700595238,1
6844,White,M,33,3.2,SC,-1.13,0.717261905,1
6845,White,F,38,3.2,SC,0.31,0.779761905,1
6848,White,F,34,3.1,Mt,-0.15,0.720238095,1
6849,White,M,33,3.4,SC,2.03,0.736309524,1
6850,White,M,32,3.5,SC,0.68,0.733333333,1
6853,White,M,32,3.1,NE,-0.13,0.695238095,1
6854,White,M,35,3,SC,0.17,0.723214286,1
6855,White,M,31,3.1,SC,-0.89,0.682738095,1
6856,White,F,34,3,SC,0.68,0.710714286,1
6857,White,F,35,3,SC,1.05,0.723214286,1
6859,White,F,36,2.2,SC,-0.69,0.65952381,1
6860,White,M,42,3.8,SC,2.23,0.886904762,1
6861,White,F,43,3.4,SC,0.61,0.861309524,1
6862,White,F,47,3.6,SC,-0.12,0.930357143,1
6863,Mexican,F,38,3.6,SC,-1.08,0.817857143,1
6864,White,F,40,3.8,SC,0.79,0.861904762,1
6865,White,F,47,3.7,SC,1.15,0.939880952,1
6866,White,F,39,3.3,SC,-0.37,0.801785714,1
6867,White,F,46,3,MW,-1.03,0.860714286,1
6869,Mexican,F,39,3,SC,-1.55,0.773214286,1
6870,White,F,37,3.8,SC,1.33,0.824404762,1
6872,White,M,35,4,SE,-1.51,0.818452381,1
6873,White,F,42,3.9,MW,0.54,0.896428571,1
6874,White,M,45,3.6,SC,-1.26,0.905357143,1
6875,Mexican,F,31,3.4,SC,-0.16,0.711309524,1
6877,White,F,39,3.7,SC,-0.22,0.839880952,1
6878,White,F,40.5,3.6,SC,-1.12,0.849107143,1
6879,Hispanic,F,41,3.3,SC,-0.49,0.826785714,1
6880,White,F,44,3.6,SC,-0.06,0.892857143,1
6881,White,F,42,3.6,FW,2.02,0.867857143,1
6882,White,M,39,3.6,SC,-0.1,0.830357143,1
6883,White,F,43,3.2,SC,0.17,0.842261905,1
6884,White,F,45,3.6,SC,1.02,0.905357143,1
6885,White,F,45,3.7,SC,1.17,0.914880952,1
6886,White,F,44,3.4,NE,-0.64,0.873809524,1
6887,Mexican,F,45,3.9,SC,0.28,0.933928571,1
6888,White,F,42,3.1,SC,0.79,0.820238095,1
6889,White,M,38,3.9,SC,-0.35,0.846428571,1
6890,White,F,32,4,GL,-1.39,0.780952381,1
6891,White,F,38,3.6,SC,-0.18,0.817857143,1
6892,White,M,40,3.9,SC,-0.16,0.871428571,1
6894,Mexican,F,34,3.2,SC,-1.31,0.729761905,1
6895,White,F,42,3.4,FW,-0.7,0.848809524,1
6896,White,F,45,3.5,Mt,0.23,0.895833333,1
6898,White,M,45,3.9,SC,1.56,0.933928571,1
6899,White,M,41,3.2,SC,1.04,0.817261905,1
6900,Asian,M,43,3.4,SC,1,0.861309524,1
6901,Black,M,38,3,SC,-0.76,0.760714286,1
6902,White,F,35,3.4,SC,-0.91,0.761309524,0
6903,Hispanic,M,44,3,SC,1.09,0.835714286,1
6904,White,M,41,3.7,SC,-0.02,0.864880952,1
6905,White,F,42,3.6,SC,0.11,0.867857143,1
6906,White,M,44,3.4,SC,0.01,0.873809524,1
6907,White,M,38,3.8,SC,0.57,0.836904762,1
6908,White,M,44,3,SC,0.75,0.835714286,1
6909,White,F,42,3.8,SC,0.25,0.886904762,1
6910,White,F,42,3.4,SC,1.88,0.848809524,1
6912,White,F,44,3.8,SC,-0.1,0.911904762,1
6913,White,F,47,3.2,SC,1.11,0.892261905,1
6915,Mexican,M,39,3,SC,-0.25,0.773214286,1
6916,White,F,47,3.9,SC,1.17,0.958928571,1
6917,White,F,44,3.5,SC,-1.53,0.883333333,1
6919,Amerindian,F,41,3.7,NE,0.55,0.864880952,1
6920,White,M,35,3.8,FW,-0.43,0.799404762,1
6921,White,M,40,3.9,GL,0,0.871428571,1
6922,White,F,46,3.6,SC,0.69,0.917857143,1
6923,White,F,41,3.6,SE,0.73,0.855357143,1
6924,White,F,46,3.7,SC,-0.12,0.927380952,1
6925,White,F,47,3.7,SC,1.94,0.939880952,1
6926,White,F,44,3.7,SC,-0.04,0.902380952,1
6927,White,M,46,3.9,SC,0.59,0.946428571,1
6928,White,F,47,3.9,SC,1.33,0.958928571,1
6929,Black,F,41,2.7,SC,0.25,0.769642857,1
6930,Amerindian,F,39,3.7,SC,1.27,0.839880952,1
6932,White,F,38,3.6,SC,0.77,0.817857143,1
6933,White,F,39,3.7,SC,1.15,0.839880952,1
6935,White,F,41,3.4,SC,0.8,0.836309524,1
6936,White,M,44,3.8,SC,0.79,0.911904762,1
6937,White,M,44,3.3,SC,0.86,0.864285714,1
6938,Asian,M,40,3.4,SC,-0.43,0.823809524,1
6939,White,M,47,3.3,SC,-0.89,0.901785714,1
6940,White,M,38,4,SC,0.61,0.855952381,1
6941,White,M,43,3.5,SC,-0.83,0.870833333,1
6943,Mexican,M,38,3.4,SC,0.13,0.798809524,1
6944,White,M,45,3.6,Mt,-0.12,0.905357143,1
6945,White,F,48,3.6,SC,0.01,0.942857143,1
6946,White,F,48,3.3,SC,0.86,0.914285714,1
6949,White,F,45,3.7,SC,0.25,0.914880952,1
6950,White,F,40,2.6,SC,-1.68,0.747619048,1
6951,White,M,41,3.5,SC,-0.24,0.845833333,1
6952,White,F,42,3.6,SC,1.23,0.867857143,1
6953,Black,M,31,3.4,MS,-1.12,0.711309524,1
6954,Mexican,M,40.5,3.7,SC,-1.82,0.858630952,1
6955,White,M,42,3.5,SC,-0.72,0.858333333,1
6956,White,M,44,3.3,SC,0.48,0.864285714,1
6957,White,M,44,3.7,SC,0.61,0.902380952,1
6958,Black,F,39,3.1,NE,-0.02,0.782738095,1
6959,White,F,42,3.7,SC,0.94,0.877380952,1
6960,Mexican,M,40,3.1,SC,0.34,0.795238095,1
6961,White,M,43,3.4,SC,0.75,0.861309524,1
6962,White,F,36,3.5,NG,0.48,0.783333333,1
6963,White,M,37,3.3,NG,0.44,0.776785714,1
6964,White,F,36,3.2,SE,-1.56,0.754761905,0
6966,White,M,36,2.6,NG,-1.07,0.697619048,0
6967,White,F,34.5,3.5,NG,0.89,0.764583333,1
6968,White,M,35,3,NG,-0.26,0.723214286,1
6969,White,M,35,3.2,NG,0.38,0.742261905,1
6970,White,F,35,2.7,NG,0.39,0.694642857,1
6971,White,M,27,4,NG,0.39,0.718452381,1
6972,White,F,39,3.4,NG,0.49,0.811309524,1
6973,White,M,38,3,NG,-0.2,0.760714286,1
6974,Asian,F,28.5,2.9,FW,-0.63,0.632440476,0
6975,White,F,30.7,3,NG,0.92,0.669464286,1
6976,White,F,33,3.2,NG,-0.42,0.717261905,1
6977,White,F,37.5,3.2,NG,1.03,0.773511905,1
6978,White,F,35,3.2,NG,0.35,0.742261905,1
6979,White,M,31.5,3.5,NG,0.6,0.727083333,1
6981,White,F,42,3,NG,0.57,0.810714286,1
6982,White,M,31,3.9,NG,-0.15,0.758928571,1
6983,White,M,32,2.9,NG,0.42,0.676190476,1
6984,White,F,39,3.3,NG,0.18,0.801785714,1
6985,White,F,35,3.5,SE,-0.6,0.770833333,1
6986,White,M,38,3.1,NG,1.25,0.770238095,1
6987,White,F,37,3.1,NG,-0.35,0.757738095,0
6989,White,M,36,3.8,NG,0.88,0.811904762,1
6991,White,M,40,3.5,NG,-0.63,0.833333333,1
6992,White,F,36,3.1,NG,0.37,0.745238095,1
6993,White,M,36,3,FW,-0.57,0.735714286,0
6994,White,F,37,3.3,NG,-0.1,0.776785714,1
6995,White,M,38.5,3,NG,-0.81,0.766964286,1
6996,White,M,41,3.4,NG,0.18,0.836309524,1
6997,White,M,36,3.4,NG,-0.55,0.773809524,1
6998,White,M,39,3.6,NG,-0.74,0.830357143,1
6999,White,M,36,3.3,NG,0.41,0.764285714,1
7000,White,M,37,3.2,SE,-0.42,0.767261905,1
7001,White,M,34,3.5,NG,0.11,0.758333333,1
7002,White,F,37,3.4,NG,-0.02,0.786309524,1
7003,White,M,33.5,3.7,GL,-0.93,0.771130952,1
7004,White,M,37,3.5,NE,-0.29,0.795833333,1
7005,White,M,30.5,3.4,NG,-0.41,0.705059524,1
7006,White,M,37,3.5,NG,-0.07,0.795833333,1
7007,White,M,42,2.9,NG,0.6,0.801190476,1
7008,White,M,37,3,NG,1.66,0.748214286,1
7009,White,M,34,3.4,NG,-0.41,0.748809524,1
7010,White,M,37,3,NG,0.72,0.748214286,1
7012,Black,M,26,2.7,NG,-0.54,0.582142857,0
7013,White,M,33.5,2.9,NG,0.94,0.694940476,1
7014,White,F,36,2.6,NG,0.24,0.697619048,1
7015,White,M,40,2.7,NG,0.37,0.757142857,1
7016,White,F,35,3.2,NG,-1.08,0.742261905,1
7017,White,M,33,3.2,NG,-0.18,0.717261905,0
7018,Asian,F,30,3.1,NG,-0.38,0.670238095,0
7019,White,M,36.5,3.1,NG,-0.53,0.751488095,1
7021,White,F,42,3.2,NG,0.96,0.829761905,1
7022,White,M,33,3.8,NG,0.77,0.774404762,1
7023,White,M,38,3.2,NG,0.21,0.779761905,1
7025,Black,M,23,2.7,NG,-2.15,0.544642857,0
7026,White,M,33,3.5,NG,1.29,0.745833333,1
7027,White,F,40,3,NG,-0.03,0.785714286,1
7028,White,M,35,3.5,NG,1.08,0.770833333,1
7029,White,F,41,2.8,NG,1.26,0.779166667,1
7030,White,M,28,3.4,NG,-0.17,0.673809524,1
7031,White,M,33,3.5,NG,-0.38,0.745833333,1
7032,White,F,39,3.3,NG,0.96,0.801785714,1
7033,White,F,40,3.1,SE,0.34,0.795238095,1
7034,White,M,36,3.5,NG,1.03,0.783333333,1
7035,White,F,32,2.7,NG,0.69,0.657142857,1
7036,White,M,39,3.1,NG,-1,0.782738095,1
7037,Asian,F,29.5,3,NE,-0.52,0.654464286,1
7039,White,F,36,3.4,NG,0.61,0.773809524,1
7040,White,F,35,3.2,NG,0.57,0.742261905,1
7041,White,F,36,3.1,NG,-1.39,0.745238095,0
7044,White,F,33,2.8,NG,-0.54,0.679166667,1
7045,White,F,39,3.3,NG,-0.43,0.801785714,1
7046,White,M,37,3.3,NG,0.21,0.776785714,1
7047,White,M,35,3.2,NG,-0.06,0.742261905,1
7048,White,F,38,3.2,NG,-0.01,0.779761905,1
7049,White,M,32,3.4,NG,-0.49,0.723809524,1
7050,White,F,33.5,3.5,NG,0.55,0.752083333,1
7051,White,M,45,3.6,NG,0.51,0.905357143,1
7052,White,M,42,3.1,NG,0.68,0.820238095,1
7053,White,M,36,3.7,NG,0.64,0.802380952,1
7054,Asian,M,29.5,2.9,NE,-0.07,0.644940476,1
7056,White,M,35,3.2,NW,0.02,0.742261905,0
7057,White,M,37,3.7,NG,0.81,0.814880952,1
7058,White,M,42,3.9,NG,-1.03,0.896428571,1
7059,White,F,33,2.6,NG,-0.73,0.660119048,1
7060,White,F,29,3,NG,0.52,0.648214286,1
7061,Puertorican,M,33,3.5,NG,0.79,0.745833333,1
7062,Black,M,28,2.9,NG,-2.13,0.626190476,0
7064,White,M,40,3.2,NG,0.19,0.804761905,0
7065,White,F,42,3.8,NG,1.52,0.886904762,1
7066,White,M,30.5,3.6,NG,-0.94,0.724107143,0
7067,White,M,39,2.9,NG,-1.06,0.763690476,1
7068,White,F,37,3.3,NG,1.74,0.776785714,1
7069,White,F,36,3.1,NG,0.74,0.745238095,1
7070,White,F,39,2.8,NG,-0.38,0.754166667,1
7071,White,M,39,3.1,NG,2.04,0.782738095,1
7072,White,F,42,2.9,NG,-0.36,0.801190476,1
7075,White,F,32,3.3,NG,0.2,0.714285714,1
7076,White,F,37,2.4,NG,2.82,0.691071429,1
7077,White,M,32,3.2,NG,0.45,0.704761905,0
7078,White,F,33,3,NG,0.32,0.698214286,1
7079,White,F,40,2.9,NG,1.07,0.776190476,1
7081,White,F,42,2.8,FW,1.26,0.791666667,0
7082,White,M,31,3,NG,-1.66,0.673214286,0
7083,White,M,37,3.5,NG,-0.2,0.795833333,1
7084,White,M,36,3.6,NG,0.3,0.792857143,1
7085,White,F,36,3,NG,-0.03,0.735714286,1
7086,White,F,38,3.1,NG,0.41,0.770238095,1
7087,Puertorican,F,29,2.6,NG,-2.05,0.610119048,0
7090,White,F,37,2.9,NG,1.02,0.738690476,1
7092,White,M,31,3.5,NG,-1.58,0.720833333,0
7093,Black,M,23,2.3,NG,-1.41,0.506547619,0
7094,White,F,47,3.4,NG,2.67,0.911309524,1
7095,White,F,45,2.7,NG,1.12,0.819642857,1
7096,White,M,35,3.7,NG,1.36,0.789880952,1
7098,White,M,36,2.9,NG,1.32,0.726190476,1
7100,White,M,23.7,2.7,NG,-2.27,0.553392857,1
7101,White,M,35,3.5,NG,-0.71,0.770833333,1
7102,Asian,F,24,2.9,NG,-1.51,0.576190476,0
7104,Asian,M,23,3.2,FW,-1.37,0.592261905,0
7105,White,F,46,2.8,NG,0.06,0.841666667,1
7106,White,F,37,3,NG,0.21,0.748214286,1
7107,White,M,33,3.5,NG,-0.57,0.745833333,1
7108,White,F,32,3.6,NG,0.69,0.742857143,1
7109,White,F,37,2.9,NG,0.02,0.738690476,1
7110,Asian,M,32,3.3,NG,-0.33,0.714285714,1
7111,White,F,35,3.1,NG,-0.4,0.732738095,0
7112,White,M,32.5,3.4,NG,0.86,0.730059524,1
7113,White,M,39,3.6,NG,1.66,0.830357143,1
7114,White,F,32.5,3.1,NG,2.26,0.701488095,1
7115,White,F,36,2.7,NG,0.91,0.707142857,1
7116,White,M,34,3.6,NG,1.06,0.767857143,1
7117,White,F,36,3.1,NG,-0.54,0.745238095,1
7118,White,F,43,3.4,NG,2.88,0.861309524,1
7119,Asian,F,26,3.3,NG,-0.68,0.639285714,0
7120,White,F,34,3.1,NG,0.2,0.720238095,1
7121,White,M,31,3.3,NG,1.77,0.701785714,1
7123,White,M,39,2.3,NG,1.47,0.706547619,1
7124,White,F,39,3,NG,-0.53,0.773214286,1
7130,White,M,40,3,NG,0.96,0.785714286,1
7131,White,F,34,3.3,NG,0.31,0.739285714,1
7132,White,M,38,3.7,NE,-0.07,0.827380952,1
7133,White,F,39,3.1,NG,0.74,0.782738095,1
7134,White,F,32,3.7,NG,0.46,0.752380952,1
7135,White,M,36,3,NG,0.62,0.735714286,1
7136,White,M,33,3.7,NG,-0.2,0.764880952,1
7138,White,M,28,3.5,NG,0.26,0.683333333,0
7140,White,M,37,2.9,NG,-0.18,0.738690476,1
7141,White,F,32,3.4,NG,0.62,0.723809524,1
7142,White,M,35,2.9,NG,-0.56,0.713690476,1
7143,White,M,40,2.7,NG,-0.39,0.757142857,1
7144,White,F,37,2.9,NG,-0.33,0.738690476,1
7145,White,M,35,2.8,NG,-0.58,0.704166667,1
7146,White,M,31,3.9,NG,1.31,0.758928571,1
7148,White,M,30.3,2.8,NG,-0.45,0.645416667,1
7149,White,F,44,3.5,NG,1.76,0.883333333,1
7150,White,F,35,2.8,NG,1.31,0.704166667,1
7151,White,F,45,3.5,NG,1.82,0.895833333,1
7153,White,M,39.5,2.9,NG,-0.91,0.769940476,1
7154,White,M,39.5,3.5,MS,1.31,0.827083333,1
7156,White,F,39,3.1,SE,-0.58,0.782738095,1
7157,White,M,31.5,3.6,NG,0.18,0.736607143,1
7158,White,M,39,2.8,NG,0.2,0.754166667,1
7159,White,M,38,3.7,NG,1.68,0.827380952,1
7161,White,F,35,3,NG,0.3,0.723214286,1
7162,White,M,39,3.1,NG,0.58,0.782738095,1
7164,White,F,33,3.5,NG,0.96,0.745833333,1
7165,White,M,35,3.2,NG,-0.45,0.742261905,1
7166,White,M,39,3.2,NG,0.41,0.792261905,1
7167,White,F,38,3.2,NG,-0.15,0.779761905,1
7168,Puertorican,F,40,3,NG,0.25,0.785714286,1
7169,Asian,F,33,2.7,NG,-0.48,0.669642857,1
7170,White,M,34,3.9,NG,-0.54,0.796428571,1
7171,White,M,25,3.7,NG,0.6,0.664880952,1
7172,White,M,34,3.2,NG,-0.34,0.729761905,1
7173,Asian,F,30,3.4,NG,-0.02,0.698809524,1
7174,White,M,37.5,3.1,NG,0.06,0.763988095,1
7176,White,F,35,3,NG,-0.05,0.723214286,1
7177,White,F,38,3.2,NG,0.42,0.779761905,1
7179,White,F,36,3.1,NG,-0.23,0.745238095,1
7180,White,F,36,3.2,NG,0.66,0.754761905,1
7181,White,M,39,3.2,NG,-0.54,0.792261905,1
7182,White,M,36,3.7,NG,-0.07,0.802380952,1
7184,White,F,35,3.2,NG,0.38,0.742261905,1
7185,White,F,44,3,NG,0.1,0.835714286,1
7186,White,F,36,3.3,NG,-0.38,0.764285714,1
7187,White,F,44,3,NG,-0.03,0.835714286,1
7188,Asian,F,25,2.6,NG,-1.64,0.560119048,0
7189,White,F,35,3.4,NG,1.12,0.761309524,1
7190,White,F,27,2.6,NG,-1.18,0.585119048,1
7191,White,M,39,3,NE,0.11,0.773214286,1
7192,White,F,38,3.3,NG,0.37,0.789285714,1
7193,Other,F,39,2.9,NG,0.17,0.763690476,1
7194,Black,F,29,2.5,NG,-1.08,0.600595238,1
7195,White,M,38,3.2,NG,0.06,0.779761905,1
7196,White,F,31.5,3.7,NG,0.05,0.746130952,1
7197,White,F,39,2.9,NG,-0.43,0.763690476,1
7198,White,M,38,3.1,NG,-0.39,0.770238095,1
7199,White,M,35,3.5,NG,-0.83,0.770833333,0
7200,White,F,32.5,3.5,NG,0.78,0.739583333,1
7201,White,F,42,3,NG,-0.48,0.810714286,1
7202,White,F,37,3.4,NG,-0.48,0.786309524,1
7203,White,F,42,3.2,NG,-1.44,0.829761905,1
7204,White,F,36.5,2.9,NG,-0.02,0.732440476,1
7205,Hispanic,M,31.5,2.6,SE,0.63,0.641369048,1
7206,White,F,36,3.1,NG,-0.34,0.745238095,1
7207,White,M,37,3.2,NG,0.15,0.767261905,1
7208,White,M,36,3.5,SE,-0.13,0.783333333,1
7209,White,F,36,3.6,NG,-0.74,0.792857143,1
7210,White,M,37,3.5,NG,0.56,0.795833333,1
7211,White,F,28.7,3.5,NG,-0.59,0.692083333,1
7212,White,F,39,3.2,NG,0.15,0.792261905,1
7213,White,M,38,3.4,NG,0.09,0.798809524,1
7214,White,M,33.5,3.5,NG,-0.26,0.752083333,1
7215,White,M,32,3.2,NG,-0.27,0.704761905,1
7216,White,M,41,2.9,NG,1.06,0.788690476,1
7217,Asian,M,29.5,3.1,NG,-0.12,0.663988095,0
7218,White,F,39,2.9,NG,-0.16,0.763690476,1
7219,White,F,39,3,NG,-0.78,0.773214286,1
7220,White,M,39,2.9,NG,0.27,0.763690476,0
7221,White,F,42,2.9,NG,0.15,0.801190476,1
7223,White,F,37,3.5,NG,0.87,0.795833333,1
7224,White,M,33,3.1,NG,-0.16,0.707738095,1
7225,White,M,37,3.2,GL,-0.06,0.767261905,1
7226,Puertorican,M,27.5,2.8,NG,-0.85,0.610416667,1
7227,White,M,41,3.1,NG,0.3,0.807738095,1
7228,White,M,34,3.5,NG,1.54,0.758333333,1
7229,White,M,33,3.6,NE,-0.15,0.755357143,1
7230,White,F,39,3.1,NG,1.02,0.782738095,1
7231,Asian,M,31,3.4,NG,-1.06,0.711309524,1
7232,White,M,37,3.1,NG,0.06,0.757738095,1
7233,White,M,35,3.4,NG,-0.74,0.761309524,0
7234,White,M,35,3.3,NG,-0.73,0.751785714,1
7235,White,F,33,3.2,NG,-0.92,0.717261905,1
7236,White,F,39,2.8,NG,-0.13,0.754166667,1
7237,Black,F,11,3,NG,-1.4,0.423214286,0
7238,White,M,33,3.5,NG,0.34,0.745833333,1
7239,White,M,36,3.4,NG,0.71,0.773809524,1
7240,White,M,33,3.3,NG,-0.36,0.726785714,1
7241,White,M,32,3.4,NG,-0.36,0.723809524,1
7242,White,F,40.5,2.9,NG,0.13,0.782440476,1
7243,White,M,40,2.7,NG,-0.08,0.757142857,1
7244,White,M,33,3.8,NG,-0.28,0.774404762,1
7245,White,M,36,3.3,NG,-0.2,0.764285714,1
7246,Asian,M,30,2.5,NG,-0.93,0.613095238,0
7247,Black,M,26,2.5,NE,-2.07,0.563095238,0
7248,White,M,27,2.9,NG,-0.96,0.613690476,1
7249,White,F,33,3.5,NG,0.84,0.745833333,1
7250,White,M,30,3.2,NG,-0.78,0.679761905,1
7251,White,F,37,3.6,NG,1.06,0.805357143,1
7252,White,M,35,3.7,NG,0.76,0.789880952,1
7253,White,M,38,3,NG,0.67,0.760714286,1
7254,White,M,38,3.2,NG,0.25,0.779761905,1
7255,White,M,33,3.1,NG,-0.46,0.707738095,1
7256,White,M,39,3.4,NG,0.49,0.811309524,1
7257,White,M,38,3.3,NG,-0.1,0.789285714,1
7258,White,F,38,3.1,NG,-0.73,0.770238095,1
7259,White,F,41,3.3,NG,1.77,0.826785714,1
7260,White,M,31,3.3,NG,-0.05,0.701785714,1
7262,White,F,44,2.4,NG,0.09,0.778571429,1
7263,White,M,35,3.4,NG,-0.45,0.761309524,1
7264,White,M,31,2.8,NG,-0.01,0.654166667,0
7265,White,M,31,3.8,NG,-0.75,0.749404762,0
7266,White,M,38,3.5,NG,2.54,0.808333333,1
7267,White,F,38.5,2.5,NG,0.12,0.719345238,1
7268,White,F,39,3.3,NG,0.1,0.801785714,1
7269,White,M,39,3.5,NG,-0.26,0.820833333,0
7271,White,F,34,2.4,NG,-1.18,0.653571429,1
7272,White,F,39,3.5,NG,1.48,0.820833333,1
7273,White,M,31,3.3,NG,0.04,0.701785714,1
7274,White,F,31,3.7,NE,-1.31,0.739880952,1
7275,White,F,33,3.6,NG,-0.01,0.755357143,1
7276,White,F,36,3.4,NG,-0.6,0.773809524,1
7278,White,M,30.5,3.6,NG,-1.06,0.724107143,1
7279,White,F,34,3.1,NE,-0.03,0.720238095,1
7280,White,F,37,3.3,NG,0.82,0.776785714,1
7281,White,F,37,3.2,NG,0.71,0.767261905,1
7282,White,M,29.5,3.6,NG,0.55,0.711607143,1
7283,White,F,38,3,SC,0.23,0.760714286,1
7284,White,F,37,2.6,NG,-0.24,0.710119048,1
7285,White,F,39,3.2,NG,0.26,0.792261905,1
7286,White,M,36,3,NG,-0.34,0.735714286,1
7287,White,M,39,2.7,NE,-0.22,0.744642857,1
7288,White,M,37,3.3,NG,0.52,0.776785714,1
7290,White,F,42,2.6,NG,1.73,0.772619048,1
7291,Hispanic,M,16,2.8,NG,-0.9,0.466666667,0
7292,White,F,31.5,3,NG,0.06,0.679464286,1
7293,White,F,41,2.8,NG,0.35,0.779166667,1
7294,Asian,F,43,2.7,NG,0.41,0.794642857,1
7295,White,M,35,3,NG,-0.01,0.723214286,1
7297,White,M,38,2.9,NG,0.26,0.751190476,1
7298,White,F,33,2.5,NG,-0.99,0.650595238,1
7299,White,M,35,3.3,NG,-0.21,0.751785714,1
7300,White,F,43,3.1,NG,1.15,0.832738095,1
7303,White,F,32,3.5,NG,0.07,0.733333333,0
7304,White,F,36,3,NG,2.76,0.735714286,1
7305,Hispanic,M,28,2.5,NG,-1.85,0.588095238,0
7306,Black,M,23.5,2.1,NG,-2.13,0.49375,0
7307,White,M,42,2.8,NG,1.67,0.791666667,1
7308,Black,M,25,2.9,SE,-1.42,0.588690476,1
7309,White,M,36,3.2,NG,0.41,0.754761905,1
7310,White,M,33,3.2,NG,0.08,0.717261905,0
7311,White,F,37,3.3,NG,0.35,0.776785714,1
7312,White,M,36,3.2,NG,-0.72,0.754761905,1
7313,Puertorican,F,29,3.2,NG,-0.99,0.667261905,0
7314,Hispanic,M,15,2.9,NG,-1.52,0.463690476,1
7315,White,M,31.5,3.5,NG,1.32,0.727083333,1
7316,White,M,36,3,NG,-0.1,0.735714286,0
7317,White,M,32.7,3.4,NG,-1,0.732559524,0
7318,Asian,M,22,3.2,GL,-1.67,0.579761905,1
7319,White,M,36,3.5,NG,0.24,0.783333333,1
7320,White,F,40,3.4,NG,-0.72,0.823809524,1
7321,White,M,33.5,3.5,NG,0.26,0.752083333,1
7322,White,M,43,3,NG,0.6,0.823214286,1
7323,White,M,34,3.5,NG,-1.43,0.758333333,0
7325,White,M,38,3.1,NG,1.19,0.770238095,1
7326,White,M,40,3.3,NG,-0.49,0.814285714,1
7327,White,F,41,3,NG,1.77,0.798214286,1
7328,White,F,34,3.4,NG,0.17,0.748809524,1
7329,White,F,34.5,3.2,NG,-0.12,0.736011905,1
7330,White,F,32,3.2,NG,0.43,0.704761905,1
7331,White,M,33.5,3.7,NG,1.14,0.771130952,1
7332,White,M,34,3.2,NE,-0.33,0.729761905,1
7334,White,F,38,3.1,NG,0.32,0.770238095,1
7335,White,M,28,3.4,NG,-0.54,0.673809524,0
7336,White,F,35,3.4,NG,0.57,0.761309524,1
7337,Other,F,37,3.5,NG,1.67,0.795833333,1
7338,White,F,29.5,2.8,NG,-1.33,0.635416667,1
7339,White,F,35,3.3,NG,-0.08,0.751785714,1
7341,White,F,33,3.7,NG,1.26,0.764880952,1
7342,Black,M,21.5,2.6,NG,-2.06,0.516369048,0
7344,White,M,36,3.1,NG,-0.81,0.745238095,0
7345,White,M,30,2.8,NG,-0.51,0.641666667,1
7346,White,M,37,3.6,NG,1.44,0.805357143,1
7347,White,F,35,3.1,NG,-0.4,0.732738095,0
7348,White,F,39,2.9,NG,0.05,0.763690476,1
7349,White,M,32,3.4,NG,-0.1,0.723809524,1
7350,White,M,39,3.3,NG,0.13,0.801785714,1
7351,White,M,41,3.1,NG,0.29,0.807738095,1
7352,White,M,39,3.5,NG,-0.41,0.820833333,1
7353,Black,F,22,3,NG,-2.01,0.560714286,0
7354,White,M,36.5,3.2,NG,0.63,0.761011905,1
7355,White,M,34,3.3,NG,-0.02,0.739285714,1
7357,White,F,35,3.8,NG,0.93,0.799404762,1
7358,White,M,30,3.1,NG,0.09,0.670238095,1
7359,White,F,34,3.2,NG,0.87,0.729761905,1
7361,White,M,41,3.3,NG,1.62,0.826785714,1
7363,White,M,33,3.8,NG,-1.18,0.774404762,1
7364,Puertorican,M,37,3.5,NG,0.29,0.795833333,0
7365,White,M,39,3.8,NG,0.97,0.849404762,1
7366,White,M,33,3.3,NG,-0.53,0.726785714,1
7367,White,F,34,3.2,NG,-0.7,0.729761905,1
7369,Other,F,31,2.7,NG,-0.39,0.644642857,1
7370,White,F,30,2.8,NG,-0.11,0.641666667,1
7372,White,M,38,3.5,NG,0.57,0.808333333,0
7373,White,M,42,2.8,NG,0.31,0.791666667,1
7375,Black,F,19,2.4,NG,-1.26,0.466071429,0
7376,White,M,31,3.2,NG,0.78,0.692261905,1
7379,White,F,36,3.3,MS,0.83,0.764285714,1
7380,White,M,36,3.5,MS,1.6,0.783333333,1
7381,White,M,36,2.9,MS,-0.11,0.726190476,1
7382,White,F,35,3.3,MS,0.48,0.751785714,1
7383,White,F,32,3.1,MS,0.89,0.695238095,1
7384,Hispanic,M,35,3.1,MS,0.87,0.732738095,1
7385,White,M,39,3.1,MS,0.89,0.782738095,1
7386,White,F,39,3.2,MS,-1.27,0.792261905,0
7387,White,M,35,3.3,MS,1.1,0.751785714,1
7388,Black,F,30,2.5,MS,-0.86,0.613095238,1
7389,White,M,32,3,NE,-0.95,0.685714286,1
7390,White,F,38,3.1,MS,-1.57,0.770238095,1
7391,White,F,33.5,3.3,MS,0.16,0.733035714,1
7392,White,M,35.5,3.3,MS,0.08,0.758035714,1
7394,White,F,38,2.9,NG,-0.07,0.751190476,1
7395,White,F,33,3.1,MS,-0.37,0.707738095,1
7396,White,M,34,3.3,SE,-0.01,0.739285714,1
7397,White,F,35,2.9,MS,0.4,0.713690476,1
7398,White,M,36,2.9,MS,0.16,0.726190476,0
7400,White,M,35,3.1,Mt,0.44,0.732738095,1
7401,White,F,31,3.1,NE,0.08,0.682738095,1
7402,Black,M,26,2.8,MS,-2.02,0.591666667,0
7403,Black,M,22,2.6,MS,-0.99,0.522619048,0
7404,White,F,42,2.7,MS,1.77,0.782142857,1
7405,White,F,33,3.3,MS,-0.33,0.726785714,1
7406,White,F,33,3.4,MS,-0.31,0.736309524,1
7407,White,F,37,3,MS,0.55,0.748214286,1
7408,White,M,32,3.7,MS,1.06,0.752380952,1
7409,White,M,34,3.3,SE,0.89,0.739285714,1
7412,White,M,35,3,MS,0.4,0.723214286,1
7413,White,M,36,3.3,MS,-0.54,0.764285714,1
7415,White,M,34,3.2,MS,-1.12,0.729761905,1
7416,White,M,34,3.5,MS,0.08,0.758333333,1
7417,Black,M,28,2.3,MS,-0.54,0.569047619,1
7418,White,M,34,3.1,MS,0.83,0.720238095,1
7419,White,M,34,3.9,NE,1.83,0.796428571,1
7420,Black,M,20,3.3,NE,-1.05,0.564285714,0
7421,White,M,32,3.4,MS,0.83,0.723809524,1
7422,Black,M,29,2.6,MS,-1.01,0.610119048,0
7423,White,F,33,3.2,MS,-0.28,0.717261905,1
7425,Mexican,M,33,3,MS,0.4,0.698214286,1
7426,White,M,31,3.7,NE,1.12,0.739880952,1
7427,Black,M,21,2.7,MS,-1.22,0.519642857,0
7428,White,F,35,3.5,MS,1.83,0.770833333,1
7429,White,M,38,3.1,MS,-0.18,0.770238095,1
7430,White,F,35,3.2,MS,0.04,0.742261905,1
7431,Black,F,23,2.8,MS,-0.5,0.554166667,1
7432,White,F,41,2.9,SE,0.87,0.788690476,1
7433,White,M,33.5,3.2,MS,0.16,0.723511905,0
7434,White,F,35,2.9,SE,0.8,0.713690476,1
7435,Black,M,22.5,2.7,MS,-0.78,0.538392857,0
7436,Black,M,25,3.3,MS,-1.08,0.626785714,0
7437,White,F,36.3,3.5,MS,-0.56,0.787083333,0
7438,White,M,38,3,MS,1.1,0.760714286,1
7439,White,M,35,3,MS,0.16,0.723214286,0
7440,White,F,37,3,MS,1.06,0.748214286,1
7441,White,F,34,2.9,MS,0.7,0.701190476,1
7442,White,M,36,3,MS,1.96,0.735714286,1
7443,White,F,45,3.3,MS,1.9,0.876785714,1
7444,White,F,35,3,MS,0.02,0.723214286,1
7445,White,F,38,3.4,MS,0.7,0.798809524,1
7446,White,F,39,3.2,MS,0.12,0.792261905,1
7447,White,F,35,3.4,MS,0.53,0.761309524,1
7449,White,F,38,2.9,NE,-0.92,0.751190476,1
7450,White,F,45,4,MS,0.93,0.943452381,1
7451,White,F,45,2.6,MS,1.19,0.810119048,1
7452,White,F,36,3,MS,0.96,0.735714286,1
7454,White,M,33,3.3,MS,0.8,0.726785714,1
7455,White,F,35,3.3,MS,0.51,0.751785714,1
7456,White,F,40,3,MS,-0.41,0.785714286,1
7457,White,M,35,3,MS,0.18,0.723214286,1
7458,White,M,32.5,3.7,MS,1.1,0.758630952,1
7459,White,F,34,3.2,MS,0.04,0.729761905,1
7460,Asian,F,34,3.2,MS,0.51,0.729761905,1
7461,White,M,34,3.9,MS,1.25,0.796428571,1
7462,White,F,38,3,MS,1.38,0.760714286,1
7463,White,F,34,3.6,MS,1.68,0.767857143,1
7464,White,F,37,3.1,MS,0.74,0.757738095,1
7465,White,M,36,3.4,NE,1.1,0.773809524,1
7466,White,F,39,3,MS,-0.56,0.773214286,0
7467,White,F,36,3.2,MS,-0.2,0.754761905,1
7468,White,M,35.5,3.6,MS,1.21,0.786607143,1
7470,White,F,42,3.1,FW,0.83,0.820238095,1
7471,White,M,34,2.7,MS,-0.69,0.682142857,1
7472,White,M,37,3.1,MS,0.57,0.757738095,1
7473,White,M,42,2.7,MS,1.77,0.782142857,1
7474,Asian,M,34,3,MS,-0.24,0.710714286,1
7475,White,F,39,2.9,MS,0.7,0.763690476,1
7476,White,M,33,3.6,NE,-0.43,0.755357143,1
7477,White,F,33,3.4,MS,0.4,0.736309524,1
7478,White,M,35,3.3,MS,0.57,0.751785714,1
7479,White,F,38,3.2,NE,-1.05,0.779761905,1
7480,White,M,38,3,MS,0.12,0.760714286,1
7481,White,M,36,2.7,MS,0.21,0.707142857,1
7482,White,M,37,3.1,MS,0.38,0.757738095,1
7483,White,F,34,3.5,MS,-0.24,0.758333333,1
7484,White,F,42,2.9,Mt,-0.18,0.801190476,1
7486,White,F,34.5,3.2,MS,-0.67,0.736011905,1
7487,White,F,32,3.2,MS,-0.2,0.704761905,1
7488,White,F,36,3.7,MS,-1.78,0.802380952,0
7489,White,F,40,2.9,MS,0.18,0.776190476,1
7490,Hispanic,M,27,3.1,NE,0.16,0.632738095,1
7491,White,F,35,3.1,MS,0.89,0.732738095,1
7492,White,M,36,3.4,MS,1.15,0.773809524,1
7493,White,F,35,3,MS,-1.18,0.723214286,0
7494,White,M,32,3.5,NE,0.96,0.733333333,1
7495,White,M,36,3.7,MS,1.1,0.802380952,1
7496,White,M,37,3.7,MS,0.63,0.814880952,1
7497,White,F,36,2.9,NE,1.15,0.726190476,1
7498,Black,M,29,3,MS,-1.08,0.648214286,1
7499,Black,M,25,2.6,MS,0.04,0.560119048,0
7500,Black,F,34,2.7,MS,-0.65,0.682142857,0
7501,White,M,33,3,MS,-0.39,0.698214286,1
7502,White,M,39,2.9,MS,-0.39,0.763690476,1
7504,White,M,34,2.7,MS,0.51,0.682142857,1
7505,Black,M,23,2.5,MS,0.8,0.525595238,1
7506,Black,M,28,2,MS,0.51,0.54047619,0
7507,White,F,35,3.6,MS,0.46,0.780357143,1
7508,White,M,36,3.2,MS,0.51,0.754761905,1
7509,White,M,40,2.4,MS,0.61,0.728571429,1
7510,White,M,33,3.2,GL,-0.14,0.717261905,1
7513,Black,M,25,2.7,MS,-0.22,0.569642857,1
7514,Black,M,21.5,2.6,MS,-1.23,0.516369048,0
7515,Black,M,22,3.3,MS,-1.63,0.589285714,0
7517,Black,M,25,2.9,MS,-0.58,0.588690476,0
7519,White,F,36,2.8,MS,0.08,0.716666667,1
7520,White,F,34,3.6,MS,0.25,0.767857143,1
7521,Black,F,21,3.2,MS,-1.42,0.567261905,0
7522,White,M,33,3.1,MS,0.98,0.707738095,1
7526,White,F,37,2.7,MS,0.63,0.719642857,1
7527,Black,F,29,2.1,MS,-1.41,0.5625,0
7528,Black,F,31,2.7,MS,-0.58,0.644642857,1
7530,Black,M,27,3.2,MS,-0.24,0.642261905,0
7531,Black,F,20,3.1,MS,-1.29,0.545238095,1
7533,White,F,44,3.1,MS,-0.61,0.845238095,1
7534,White,F,31.5,3.3,MS,0.27,0.708035714,1
7535,White,M,33,3.5,Mt,0.12,0.745833333,1
7536,White,M,34,3,MS,1.12,0.710714286,1
7539,White,F,34,2.9,MS,0.21,0.701190476,1
7540,White,F,35,3,MS,1.74,0.723214286,1
7541,Black,M,26,3.7,MS,-1.27,0.677380952,0
7542,White,F,34,3.5,MS,-0.69,0.758333333,1
7543,White,F,39,2.6,MS,-1.89,0.735119048,0
7544,White,F,36,3.2,MS,-0.69,0.754761905,1
7545,White,M,34.5,3.8,MS,0.63,0.793154762,1
7546,White,M,33,3.5,MS,-0.86,0.745833333,1
7547,White,F,41,2.7,NE,0.23,0.769642857,1
7548,White,F,34,3.2,MS,0.93,0.729761905,1
7549,White,F,33,3,MS,0.14,0.698214286,1
7550,Black,M,28,3.3,MS,0.06,0.664285714,1
7551,White,M,37,2.8,MS,0.42,0.729166667,1
7552,Black,F,28,3,MS,-1.2,0.635714286,0
7553,Black,M,22,2.7,MS,-1.42,0.532142857,0
7554,Black,M,25.5,2.9,MS,-0.71,0.594940476,1
7557,White,F,31.5,3.2,MS,0.16,0.698511905,1
7558,White,F,38,2.5,MS,-0.76,0.713095238,1
7559,White,F,31.5,3.7,MS,-0.2,0.746130952,1
7560,White,F,31,2.7,MS,-1.63,0.644642857,0
7562,White,M,37,3.4,MS,0.04,0.786309524,1
7564,White,F,42,3.1,MS,-1.05,0.820238095,1
7565,White,M,36,3.6,MS,1.27,0.792857143,1
7566,White,F,40,2.6,MS,-0.09,0.747619048,1
7567,White,F,39,3.3,MS,-1.37,0.801785714,0
7569,White,F,36,3.3,MS,-0.48,0.764285714,1
7573,White,F,29.7,3.1,MS,-0.2,0.666488095,1
7574,White,M,33,3.5,MS,-0.01,0.745833333,1
7575,White,M,24.7,3,MS,0.12,0.594464286,0
7576,White,M,33,3.1,MS,1.08,0.707738095,0
7577,White,F,36,2.8,MS,0.14,0.716666667,1
7579,White,M,33.7,3.1,MS,-0.33,0.716488095,1
7580,White,F,35,3,MS,1.19,0.723214286,1
7581,Hispanic,F,32,3.2,MS,-1.5,0.704761905,0
7582,White,M,35,3.6,MS,-0.56,0.780357143,1
7584,White,F,34,2.9,NE,-0.05,0.701190476,1
7586,White,F,32,3.4,MS,1.3,0.723809524,1
7588,White,F,40,2.8,MS,0.93,0.766666667,1
7589,White,F,40,3.6,MS,0.89,0.842857143,1
7591,White,M,30,3.5,MS,-0.09,0.708333333,1
7592,White,M,33,2.4,NE,-0.71,0.641071429,1
7593,Asian,F,37,2.8,MS,0.36,0.729166667,1
7594,White,F,37,2.8,MS,-0.09,0.729166667,1
7595,White,M,33,3.5,MS,-0.43,0.745833333,1
7596,Black,M,30,2.9,MS,-1.14,0.651190476,1
7597,White,F,34,3,MS,0.23,0.710714286,1
7598,White,F,35,3.4,MS,-0.67,0.761309524,1
7599,White,F,39,2.9,MS,0.93,0.763690476,1
7600,White,F,32,3.6,MS,0.48,0.742857143,0
7601,White,M,34,3.1,MS,1.21,0.720238095,1
7602,Black,F,26,2.6,MS,-1.14,0.572619048,0
7603,White,M,35,3,MS,0.38,0.723214286,1
7604,White,M,35,3.5,MS,0.46,0.770833333,1
7605,White,M,38,2.8,MS,-0.58,0.741666667,1
7610,White,M,36,3.1,MS,0.27,0.745238095,1
7611,White,M,33,3.5,MS,0.98,0.745833333,1
7612,Black,F,27,2.6,NE,-1.48,0.585119048,1
7613,Black,F,31,3.1,MS,-1.25,0.682738095,0
7614,White,M,36,3.1,MS,-0.46,0.745238095,0
7615,White,F,36.5,3.3,MS,0.34,0.770535714,1
7617,White,M,36,3.2,MS,0.53,0.754761905,1
7618,White,F,34,3.5,MS,0.66,0.758333333,1
7620,Black,M,27,2.5,MS,-2.08,0.575595238,0
7621,White,F,34,3.3,MS,1.83,0.739285714,1
7622,White,F,33,3.2,MS,-0.73,0.717261905,0
7623,White,M,40,3.2,MS,-0.07,0.804761905,1
7624,White,F,33.7,3.3,MS,-0.4,0.735535714,1
7625,White,F,38,2.8,MS,0.7,0.741666667,1
7626,White,M,39,2.9,MS,0.89,0.763690476,1
7627,White,M,37,3,NE,-0.2,0.748214286,1
7628,White,M,37,3,MS,0.4,0.748214286,1
7629,White,M,38,3,MS,0.27,0.760714286,1
7630,White,F,34,3.2,MS,-0.92,0.729761905,1
7631,Black,M,22.7,3.2,MS,-0.35,0.588511905,1
7632,White,F,33.5,3.2,MS,1.28,0.723511905,1
7633,White,M,33,3.2,MS,0.7,0.717261905,1
7634,Mexican,F,32,3.5,MS,0.12,0.733333333,1
7636,White,F,30.5,3.6,MS,1.02,0.724107143,1
7637,Black,F,25,2.6,MS,-0.63,0.560119048,1
7638,White,F,34,3.1,MS,0.04,0.720238095,1
7639,White,M,38,3.6,MS,1.28,0.817857143,1
7640,White,M,35,3.3,MS,0.76,0.751785714,1
7641,Black,F,25.5,3.1,MS,-0.56,0.613988095,0
7644,White,M,36,3.3,MS,0.96,0.764285714,1
7645,White,M,35.5,3,MS,0.76,0.729464286,0
7646,White,F,36,3,MS,-1.14,0.735714286,0
7648,White,M,37,2.7,MS,0.21,0.719642857,1
7649,White,F,37,2.8,MS,0.18,0.729166667,1
7650,White,M,41,2.9,MS,1.81,0.788690476,1
7651,White,F,38,2.9,MS,-0.6,0.751190476,1
7652,White,M,36,3,MS,1.06,0.735714286,1
7653,White,F,37,2.8,FW,0.55,0.729166667,1
7655,White,M,37,3.3,MS,1.1,0.776785714,1
7656,White,M,38,3.1,MS,-0.67,0.770238095,1
7657,White,F,31.5,3.2,MS,0.12,0.698511905,1
7658,White,M,37,3.3,MS,1.02,0.776785714,1
7659,White,F,35,3.1,MS,1.6,0.732738095,1
7661,White,F,31.5,3.7,MS,0.08,0.746130952,1
7664,White,F,38,3,MS,0.96,0.760714286,1
7665,White,M,35,3.7,MS,-0.14,0.789880952,1
7666,White,F,33,2.9,NE,1.21,0.688690476,1
7667,White,M,33,3.4,MS,0.7,0.736309524,1
7668,White,F,34,3.6,MS,1.55,0.767857143,1
7669,White,M,40,2.8,MS,-0.2,0.766666667,1
7670,White,F,36,3.1,NE,0.08,0.745238095,1
7671,White,F,40,3.1,MS,0.7,0.795238095,1
7672,White,F,37,2.8,MS,1.1,0.729166667,1
7673,White,F,39,2.9,MS,1.19,0.763690476,1
7675,White,M,36,2.8,MS,-1.14,0.716666667,1
7676,White,F,40,2.9,MS,0.76,0.776190476,1
7677,White,F,37,3.3,MS,-0.07,0.776785714,1
7678,White,F,36,3.5,NE,-0.07,0.783333333,1
7679,White,F,39,3.2,MS,1.1,0.792261905,1
7680,White,M,34,3.7,MS,-0.24,0.777380952,1
7682,White,M,40,3.2,NW,1.64,0.804761905,1
7683,White,M,36,3.6,FW,-0.67,0.792857143,1
7684,White,F,42,3.2,NW,-0.76,0.829761905,0
7685,White,F,39,2.8,NW,0.38,0.754166667,1
7686,White,F,36,2.8,NW,0.42,0.716666667,1
7687,White,M,38,3.3,FW,-0.37,0.789285714,1
7688,White,F,45,2.7,NW,0.72,0.819642857,1
7689,White,F,33,3.4,NW,0.28,0.736309524,1
7690,White,F,40,2.9,NW,0.8,0.776190476,1
7693,White,M,35,3,NW,-0.59,0.723214286,0
7694,White,M,40,2.4,NW,-0.05,0.728571429,0
7695,Hispanic,F,34.5,2.6,FW,-0.97,0.678869048,1
7696,White,M,42,3,NW,1.42,0.810714286,1
7697,White,M,36,3.6,NW,0.42,0.792857143,1
7698,White,M,35,3,NW,-1.43,0.723214286,0
7699,White,F,43,3.1,Mt,-1.01,0.832738095,1
7702,White,F,42,2.8,NW,-0.54,0.791666667,1
7703,Asian,M,42,3,FW,-0.92,0.810714286,0
7705,White,M,40,3,FW,0.53,0.785714286,1
7706,White,F,41,3.7,NW,0.25,0.864880952,0
7707,White,M,41,3.2,NW,1.81,0.817261905,1
7709,Other,F,26,4,GL,-1.68,0.705952381,0
7711,White,F,39,3.4,NW,1.46,0.811309524,1
7712,White,F,38,3.4,NW,1.37,0.798809524,1
7715,White,M,36,3.6,NW,0.59,0.792857143,1
7716,White,F,41,3.5,NW,0.7,0.845833333,1
7717,White,F,44,2.6,Mt,1.46,0.797619048,1
7718,White,F,38,2.8,NW,-0.37,0.741666667,1
7719,White,F,41,2.9,Mt,-0.81,0.788690476,1
7720,White,M,39,3.2,NW,0.05,0.792261905,1
7721,White,F,42,2.8,FW,0.08,0.791666667,1
7722,White,F,32.5,3.7,NW,0.5,0.758630952,1
7724,White,M,39,3.2,NW,0.62,0.792261905,1
7725,Asian,M,37.5,3,NW,0.37,0.754464286,1
7726,White,M,39,3.4,NW,0.87,0.811309524,1
7727,Asian,F,37,3.2,FW,-0.64,0.767261905,1
7728,White,M,41,3.1,NW,0.67,0.807738095,1
7729,Other,F,42,3.4,NW,0.62,0.848809524,1
7730,White,M,41,4,MW,1.26,0.893452381,1
7731,White,F,39,3.1,NG,-1.23,0.782738095,0
7733,White,F,47,2.9,FW,0.79,0.863690476,1
7735,White,M,43.5,2.4,FW,0.13,0.772321429,0
7737,White,F,40,3.3,FW,1.05,0.814285714,1
7738,White,M,35.5,2.9,MS,0,0.719940476,1
7739,White,M,34,3.1,NW,-0.17,0.720238095,0
7741,White,F,39,2.5,NE,-0.62,0.725595238,1
7742,White,F,43,3.1,FW,-0.64,0.832738095,0
7743,White,F,40,3.6,FW,0.97,0.842857143,1
7744,Black,F,36,2.2,FW,-1.06,0.65952381,0
7745,White,M,39,3.7,Mt,1.31,0.839880952,1
7746,White,F,41,2.7,FW,0.97,0.769642857,1
7747,White,M,42,2.9,NW,0.03,0.801190476,1
7748,White,F,44,2.8,GL,-1.38,0.816666667,1
7749,White,M,32,3,NW,-1.68,0.685714286,0
7750,White,M,39,3.2,NW,0.92,0.792261905,1
7752,White,M,40,3.4,FW,-0.62,0.823809524,1
7753,Hispanic,F,47,2.8,NW,0.45,0.854166667,1
7754,White,F,42,3,NW,1,0.810714286,1
7755,White,M,47,3.2,MS,1.17,0.892261905,1
7756,White,F,43,3.6,NW,0.92,0.880357143,1
7757,White,F,39,3.5,NW,-0.39,0.820833333,0
7758,White,M,39,3.4,NW,0.55,0.811309524,1
7759,White,M,32,3.7,NW,0.67,0.752380952,1
7761,White,F,40,3.3,NW,0.17,0.814285714,1
7763,White,F,42,3.1,FW,-0.96,0.820238095,1
7764,White,M,44,2.7,NW,-1.26,0.807142857,0
7765,Hispanic,F,33.5,2.8,GL,-0.22,0.685416667,0
7766,White,F,36.5,3.1,FW,0.2,0.751488095,1
7767,White,F,41,2.9,FW,-0.57,0.788690476,1
7768,White,M,39,2.8,NW,-1.81,0.754166667,0
7769,Asian,F,31,3.1,FW,-1.34,0.682738095,1
7770,Asian,F,39,2.3,NW,-0.04,0.706547619,0
7772,White,F,41,3.1,NW,0.38,0.807738095,1
7792,White,M,31,3.2,GL,-0.73,0.692261905,1
7795,White,F,36,3.5,NE,0.04,0.783333333,1
7803,White,M,34,3.6,FW,0.61,0.767857143,1
7818,White,M,38,3.3,Mt,0.11,0.789285714,1
7835,White,F,34,2.7,Mt,0.16,0.682142857,1
7842,White,M,34,2.8,NG,-0.47,0.691666667,1
7843,White,F,29.5,3.2,NE,-0.73,0.673511905,1
7844,White,F,30.7,2.6,NE,-0.78,0.631369048,0
7845,White,F,31,3.6,NG,-0.43,0.730357143,1
7846,White,F,30.5,3.6,NG,-0.82,0.724107143,1
7847,White,F,36.5,3.1,NG,1.83,0.751488095,1
7848,White,F,34,3.2,NG,1.09,0.729761905,1
7849,White,F,30.7,2.9,NE,-0.58,0.659940476,1
7850,White,F,28,3.4,NE,0.12,0.673809524,1
7851,White,F,33,2.9,NG,-0.38,0.688690476,1
7853,White,F,33,2.8,Mt,-0.89,0.679166667,1
7855,White,F,30.7,2.8,NE,-0.43,0.650416667,1
7856,White,M,35,3,NG,-0.47,0.723214286,1
7857,White,F,33,3.2,NG,-0.51,0.717261905,0
7858,White,F,32.7,2.4,NG,-0.08,0.637321429,1
7859,White,F,37,2.8,NG,-1.04,0.729166667,1
7860,White,F,32.5,2.9,NE,0.43,0.682440476,1
7861,White,M,33.5,2.9,NE,-1.04,0.694940476,0
7862,White,M,30.5,3.5,NG,-0.25,0.714583333,1
7863,White,F,32.5,2,NE,-1.06,0.59672619,1
7864,White,M,35,3,NE,-0.45,0.723214286,1
7865,White,F,39,3,NG,0.82,0.773214286,1
7867,White,F,31.5,3.2,GL,-0.34,0.698511905,1
7868,White,F,32,2.7,NG,0.1,0.657142857,1
7869,White,F,33.5,2.5,NE,-0.91,0.656845238,0
7870,Other,F,30,2.8,MS,1.28,0.641666667,1
7871,White,F,30.5,3.5,NE,-0.71,0.714583333,1
7874,White,F,38,3,GL,0.74,0.760714286,1
7875,White,F,36,2.8,NG,-0.54,0.716666667,1
7876,White,F,36,3,NG,-0.16,0.735714286,1
7877,White,F,39,2.5,NG,1.64,0.725595238,1
7879,White,F,33,3.1,NG,1.39,0.707738095,1
7880,White,F,38,2.2,NE,-0.05,0.68452381,1
7881,Black,F,36,1.8,NG,0.41,0.621428571,1
7882,White,M,30.5,3.3,NG,-0.25,0.695535714,1
7883,White,F,37,2.2,NG,0.85,0.67202381,1
7884,White,F,34,2.7,NE,0.93,0.682142857,1
7885,White,F,33,2.6,NG,0.1,0.660119048,1
7888,White,F,26.5,3.2,NE,-1.66,0.636011905,0
7889,White,M,29.5,3.1,NE,1.07,0.663988095,1
7890,White,M,30.5,3.3,NE,0.19,0.695535714,1
7891,White,M,34,2.9,NE,-1.41,0.701190476,1
7892,White,M,30.5,3.1,NE,0.25,0.676488095,1
7894,White,F,41,2.7,NG,-0.25,0.769642857,1
7895,Other,M,35,3,NG,1.44,0.723214286,1
7897,White,F,32,3.5,SE,-0.34,0.733333333,1
7898,White,F,35,2.8,NE,0.06,0.704166667,1
7899,White,F,37,3,NG,-0.89,0.748214286,1
7901,White,M,34,2.7,NG,-0.67,0.682142857,1
7902,White,F,36,2.8,NE,-1.19,0.716666667,0
7903,White,F,33,2.7,NE,1.04,0.669642857,1
7906,White,F,33.5,2.7,MS,0.63,0.675892857,1
7907,White,F,33,3,NG,-1.44,0.698214286,1
7908,White,M,28.5,3,NE,-1.28,0.641964286,1
7909,White,F,33.5,2.8,NE,-0.47,0.685416667,1
7910,White,F,37,3.1,NG,0.52,0.757738095,1
7911,White,M,34,2.7,NG,-0.12,0.682142857,1
7912,White,F,30.5,2.5,NG,-1.02,0.619345238,1
7913,White,F,40,2.8,NG,3.11,0.766666667,1
7914,Asian,F,32.5,2.6,NE,2.05,0.653869048,1
7915,White,F,36,2.8,NE,-0.38,0.716666667,1
7916,Hispanic,M,37,3.4,NG,-0.58,0.786309524,1
7918,White,F,33,3.1,NE,2.23,0.707738095,1
7919,White,F,31,3.1,NE,1.26,0.682738095,1
7920,White,F,32.5,2.7,NG,0.87,0.663392857,1
7921,White,F,36,3,NG,0.71,0.735714286,1
7922,White,M,35,3.8,NG,1.79,0.799404762,1
7923,White,M,31.5,3.3,SE,-0.43,0.708035714,1
7924,White,M,31,3.1,NE,-0.08,0.682738095,1
7926,White,F,29,3.1,NG,-0.01,0.657738095,1
7927,White,M,36.5,3.1,NG,1.33,0.751488095,1
7928,White,F,36.5,2.7,NG,-1.61,0.713392857,1
7929,White,F,43,2.6,NG,0.6,0.785119048,1
7930,White,F,32.5,2.5,NG,-0.47,0.644345238,1
7932,Other,F,31.5,2.8,NE,1.09,0.660416667,1
7933,White,F,29.3,3,NE,-0.69,0.651964286,1
7935,White,F,38,2.9,NG,-0.01,0.751190476,1
7936,White,F,33,3.5,NG,1.02,0.745833333,1
7937,White,M,30,3.1,NG,-1.7,0.670238095,1
7938,White,F,40,2.8,NG,0.5,0.766666667,1
7939,White,F,34,2.6,SE,-0.4,0.672619048,1
7940,White,M,27,3,NG,-0.21,0.623214286,1
7942,White,F,33,3,NE,0.21,0.698214286,1
7943,White,F,37,2.8,NE,0.34,0.729166667,1
7944,White,M,31,2.6,NG,0.03,0.635119048,1
7946,White,M,33,2.7,NG,0.3,0.669642857,1
7947,White,M,34,2.9,SE,-1.13,0.701190476,1
7948,White,F,40,2.8,NG,0.45,0.766666667,1
7949,White,F,30.5,3.1,NG,-0.69,0.676488095,1
7951,White,F,30,2.9,NE,-0.34,0.651190476,1
7952,White,M,32.5,3.1,NE,0.78,0.701488095,1
7953,White,M,34,3.1,NG,0.19,0.720238095,1
7956,White,F,37,2.3,NG,1.04,0.681547619,1
7957,White,F,33,2.8,NG,0.67,0.679166667,1
7959,White,F,35.3,2.6,NE,0.47,0.688869048,1
7960,White,M,36,3.3,NG,0.6,0.764285714,1
7961,White,F,28.5,3.4,NG,-0.12,0.680059524,1
7963,White,F,30.5,3.3,NE,0.01,0.695535714,1
7965,White,M,31,3.7,NG,1.18,0.739880952,1
7966,White,M,32,3,NG,0.56,0.685714286,1
7967,White,F,30,3,NG,-1.04,0.660714286,1
7969,White,F,38,2.5,NG,1.7,0.713095238,1
7970,White,M,31,2.6,NG,0.52,0.635119048,1
7972,White,F,35.5,2.7,NG,0.54,0.700892857,1
7974,Hispanic,M,28,3.1,NG,0.82,0.645238095,1
7975,White,M,40,2.5,Mt,-0.25,0.738095238,1
7977,White,F,31,3.2,NE,-0.12,0.692261905,1
7978,White,F,35,3,NG,-0.65,0.723214286,1
7979,White,M,30.5,3,NE,0.03,0.666964286,1
7981,White,M,34,3,NG,1.48,0.710714286,1
7982,White,F,33,3.1,NG,-0.98,0.707738095,1
7983,White,M,33.5,3.5,NG,0.19,0.752083333,1
7985,White,M,33,3.2,NE,-0.56,0.717261905,1
7987,White,F,36,2.4,NG,-1.57,0.678571429,1
7988,White,M,39,3.4,NG,0.69,0.811309524,1
7989,White,M,35,3.3,GL,-0.32,0.751785714,1
7990,White,F,39,2.6,MS,-0.6,0.735119048,0
7992,White,F,34.5,3,GL,0.21,0.716964286,1
7993,White,F,35,2.7,GL,0.05,0.694642857,1
7995,White,M,28,3.6,GL,0.14,0.692857143,1
7996,White,M,30,3.5,GL,-0.3,0.708333333,1
7997,White,F,34,3.3,GL,0.85,0.739285714,1
7999,White,M,33,2.9,NE,-0.03,0.688690476,1
8000,White,M,33,3.3,NE,-0.14,0.726785714,1
8001,White,M,30,3.5,GL,0.34,0.708333333,1
8002,White,F,36,2.9,NE,0.28,0.726190476,1
8003,White,M,33,2.9,FW,0.95,0.688690476,0
8005,White,M,35,3.3,GL,1.38,0.751785714,1
8006,White,M,38.5,2.5,GL,0.78,0.719345238,1
8007,Asian,M,30,2.5,GL,-0.24,0.613095238,1
8008,White,F,38,2.8,NG,0.77,0.741666667,1
8010,White,M,34,3.2,GL,0.14,0.729761905,1
8011,White,M,34,3.1,GL,-0.5,0.720238095,1
8012,White,F,34,3,GL,0.32,0.710714286,1
8013,Asian,F,32,2.5,NE,0.93,0.638095238,1
8015,White,M,34,3.6,GL,1.34,0.767857143,1
8017,White,F,39,3.2,GL,-0.01,0.792261905,1
8018,White,F,39,3.4,GL,-0.3,0.811309524,1
8019,White,F,35,3.7,GL,0.75,0.789880952,1
8021,White,F,37,3.3,GL,-0.37,0.776785714,0
8022,White,F,33,3.5,GL,-0.88,0.745833333,1
8023,White,F,32,2.9,NG,-0.47,0.676190476,1
8025,White,F,34,3.3,GL,0.26,0.739285714,1
8027,White,F,34,3.1,SE,-0.73,0.720238095,1
8028,White,F,36,3.3,GL,0.32,0.764285714,1
8029,White,F,31,3.7,GL,1.66,0.739880952,1
8030,White,F,32,3.3,NE,1.32,0.714285714,1
8031,White,F,35.5,3.2,GL,0.4,0.748511905,1
8032,Black,M,31,2.7,GL,-0.36,0.644642857,1
8034,White,F,35,2.8,GL,0.63,0.704166667,1
8035,White,F,33,2.6,NE,0.03,0.660119048,1
8036,White,F,37,2.9,GL,0.27,0.738690476,1
8037,White,M,36,3.5,GL,0.21,0.783333333,1
8038,Asian,F,23,3.4,GL,-0.82,0.611309524,0
8040,White,M,29,3,GL,-0.35,0.648214286,1
8041,White,F,40,2.8,GL,1.09,0.766666667,1
8042,White,F,32,2.9,GL,-0.75,0.676190476,0
8046,White,F,34,2.9,GL,0.2,0.701190476,1
8047,White,M,47,3.9,GL,1.9,0.958928571,1
8048,Black,M,28,2.7,GL,-0.5,0.607142857,1
8049,White,M,40,3,GL,2.12,0.785714286,1
8050,White,M,37,3.3,GL,-0.02,0.776785714,1
8051,White,F,38,2.9,NE,0.07,0.751190476,1
8052,White,M,37,2.9,GL,0.71,0.738690476,1
8053,White,F,30,3.3,GL,1.33,0.689285714,1
8054,Asian,F,35,2.9,NE,0.08,0.713690476,1
8057,White,M,35,3.4,GL,0.79,0.761309524,1
8058,Other,F,33.5,3.3,GL,-0.29,0.733035714,1
8060,White,M,33.5,3.6,GL,0.72,0.761607143,1
8061,White,F,34,3.1,GL,-0.07,0.720238095,1
8062,White,F,37,3.5,GL,0.23,0.795833333,1
8063,Other,F,24,3.3,SE,-0.03,0.614285714,1
8064,White,F,38,2.6,GL,0.14,0.722619048,1
8065,White,F,44,2.9,GL,1.21,0.826190476,1
8066,Other,F,35,3.2,NE,1.44,0.742261905,1
8067,White,F,37,2.9,GL,1.19,0.738690476,1
8069,White,F,30,3.4,GL,0.14,0.698809524,1
8070,White,F,37,3,GL,0.66,0.748214286,1
8071,White,F,37,3.4,GL,-0.22,0.786309524,1
8073,White,M,36,3.7,GL,-0.8,0.802380952,1
8074,White,F,36,3.4,GL,-0.16,0.773809524,1
8076,White,M,32,3.2,GL,-0.41,0.704761905,1
8079,White,F,36,2.8,GL,-0.44,0.716666667,1
8080,White,F,34,3.2,NE,0.18,0.729761905,1
8081,White,M,32,3,GL,-0.08,0.685714286,1
8082,White,M,26,3.4,GL,0.08,0.648809524,1
8083,White,F,33,3.4,GL,-0.12,0.736309524,1
8084,White,M,39,2.7,GL,0.72,0.744642857,1
8086,White,F,39,2.5,GL,-0.31,0.725595238,1
8087,Hispanic,F,34,3.6,GL,1.05,0.767857143,1
8088,White,F,37,3.1,GL,0.63,0.757738095,1
8089,White,M,32,3,GL,0.2,0.685714286,1
8093,White,F,31,3,NE,1.17,0.673214286,1
8094,White,F,39,2.1,GL,1.61,0.6875,1
8096,White,F,40,2.9,GL,0.76,0.776190476,1
8099,White,M,42,2.8,GL,1.21,0.791666667,1
8101,White,F,37,3.4,GL,1.23,0.786309524,1
8102,White,F,43,2.6,GL,-0.02,0.785119048,1
8104,White,M,29.5,3.8,GL,-0.84,0.730654762,1
8105,White,M,33,3.8,GL,0.5,0.774404762,1
8106,Asian,F,30,2.7,GL,-0.56,0.632142857,1
8108,White,F,29,3.3,GL,0.8,0.676785714,1
8110,White,F,25.5,3.1,SE,-0.92,0.613988095,1
8111,White,F,34,3.1,MS,-0.66,0.720238095,1
8112,White,F,32,3.8,GL,1.62,0.761904762,1
8113,Asian,M,26,2.9,GL,-0.74,0.601190476,1
8114,White,M,31,3.2,GL,-0.34,0.692261905,1
8115,White,F,35,3.3,GL,1.34,0.751785714,1
8117,White,F,36,2.9,GL,-0.59,0.726190476,1
8118,Hispanic,M,39,3.4,GL,0.04,0.811309524,1
8119,White,F,32,2.8,GL,-0.21,0.666666667,1
8120,White,F,42,3.7,GL,2.4,0.877380952,1
8121,White,F,32,3.6,GL,0.5,0.742857143,1
8122,White,F,37,3.5,GL,1.88,0.795833333,1
8124,White,M,34,3,GL,-0.12,0.710714286,0
8126,White,M,34,3.5,GL,0.33,0.758333333,1
8129,Black,M,29,2.7,NE,-0.66,0.619642857,1
8130,White,F,37,2.9,GL,0.82,0.738690476,1
8131,White,F,40,2.8,NE,1.77,0.766666667,1
8132,White,F,38,3.3,GL,-0.37,0.789285714,1
8134,White,F,32,3,NG,-0.38,0.685714286,1
8135,White,M,38,3.7,GL,1.49,0.827380952,1
8136,White,F,34,3.4,GL,0.39,0.748809524,1
8137,White,F,38,2.5,GL,-0.44,0.713095238,1
8138,White,F,39,2.9,GL,0.99,0.763690476,1
8139,White,F,37,2.7,NE,0.32,0.719642857,1
8141,Black,M,21,2.6,GL,-0.85,0.510119048,1
8143,White,M,29.5,2.9,GL,-0.35,0.644940476,1
8144,White,F,36,3.6,GL,0.44,0.792857143,1
8145,White,M,39,3.6,GL,-0.8,0.830357143,1
8147,White,F,32,3,GL,-0.34,0.685714286,1
8148,White,F,38,2.9,GL,-1.03,0.751190476,0
8149,White,F,40,2.8,GL,0.04,0.766666667,1
8152,White,M,33.5,3,NE,-0.37,0.704464286,1
8153,White,F,32,3.4,SE,1.64,0.723809524,1
8154,White,M,33,3.5,GL,0.29,0.745833333,1
8156,White,M,33,3,GL,-0.9,0.698214286,1
8157,White,M,32,3.3,GL,-0.41,0.714285714,1
8159,White,M,36,3.4,GL,1.26,0.773809524,1
8160,White,F,38,2.5,GL,-0.22,0.713095238,1
8161,White,F,35,3.3,NE,0.53,0.751785714,1
8162,White,F,39,2.9,GL,-0.56,0.763690476,1
8163,White,M,25,3,GL,0.77,0.598214286,1
8165,White,M,42,3.9,GL,2.15,0.896428571,1
8169,White,M,33,4,MW,-0.01,0.793452381,1
8170,White,F,34,3.1,MW,0.69,0.720238095,1
8172,White,M,34,3.2,MW,-0.35,0.729761905,1
8173,White,M,34,3.4,MW,2.05,0.748809524,1
8174,White,M,32,3.9,SC,1.54,0.771428571,1
8175,White,M,33,3.6,MW,1.1,0.755357143,1
8176,White,M,35,3.2,MW,0.04,0.742261905,1
8177,White,F,39,3,MW,1.35,0.773214286,1
8179,White,M,40,3.8,MW,1.78,0.861904762,1
8180,White,M,38,3,MW,0.1,0.760714286,1
8181,White,M,32,3.5,SE,-0.58,0.733333333,1
8183,White,F,38,3.8,MW,-0.81,0.836904762,1
8184,White,M,30.5,3.4,MW,-0.66,0.705059524,1
8185,White,M,30.7,3.6,MW,-0.46,0.726607143,1
8187,White,F,40,3.4,MW,0.55,0.823809524,1
8188,White,M,40,3.9,MW,0.75,0.871428571,1
8190,White,M,41,2.9,MW,-0.91,0.788690476,1
8191,White,M,36,3.1,MW,1.27,0.745238095,1
8192,White,F,38,3,MW,-0.38,0.760714286,1
8194,White,F,43,3.4,MW,1.31,0.861309524,1
8195,White,M,41,3.4,MW,-0.28,0.836309524,1
8197,White,F,38,3.1,MW,1.31,0.770238095,1
8199,White,F,33,3.3,MW,-1.38,0.726785714,1
8200,White,M,34,3.8,MW,0.8,0.786904762,1
8201,White,M,33,3.4,MW,-0.46,0.736309524,1
8202,White,M,34,3.6,MW,1.02,0.767857143,1
8204,White,M,39,3.5,MW,-0.62,0.820833333,1
8205,White,F,39,2.7,MW,0.06,0.744642857,1
8206,White,F,44,2.9,MW,1.31,0.826190476,1
8207,White,M,32,3.7,MW,0.38,0.752380952,1
8208,White,M,33,3.6,MW,0.24,0.755357143,1
8209,White,M,34,3.6,MW,0,0.767857143,1
8211,White,F,34,3.5,MW,0.94,0.758333333,1
8213,Black,M,30.3,3.3,MW,0.06,0.693035714,1
8214,White,F,36,3.2,MW,-0.38,0.754761905,1
8215,White,F,30,3.3,MW,-0.31,0.689285714,1
8216,White,F,33,3.4,MW,-0.03,0.736309524,1
8218,White,F,33,3.5,MW,1.41,0.745833333,1
8219,White,F,32,3.4,MW,0.22,0.723809524,1
8220,White,F,33,3.2,MW,-0.15,0.717261905,1
8221,White,M,37,3.6,MW,0.32,0.805357143,1
8222,White,F,33,3.6,MW,-0.81,0.755357143,1
8223,White,F,35,3.4,MW,0.3,0.761309524,1
8225,White,F,38,2.8,MW,-0.4,0.741666667,0
8226,White,F,34,3.2,MW,0.77,0.729761905,1
8227,White,M,36,4,MW,1.88,0.830952381,1
8229,White,F,37,3.5,MW,0.84,0.795833333,1
8230,White,F,39,3.8,MW,0.59,0.849404762,1
8231,White,F,37,3.1,MW,-0.4,0.757738095,1
8232,White,F,32,3.4,MW,0.08,0.723809524,1
8233,White,F,36,3.1,MW,-0.87,0.745238095,1
8235,White,F,35,3.2,MW,-1.46,0.742261905,1
8236,White,M,33.5,3.3,MW,-1.5,0.733035714,0
8237,White,F,35,3.3,Mt,-1.13,0.751785714,0
8238,Asian,F,37,2.9,MW,0.06,0.738690476,1
8239,White,M,38,3.6,MW,0.86,0.817857143,1
8240,White,F,37,3.4,MW,0.06,0.786309524,1
8241,White,F,35,2.4,MW,0.51,0.666071429,1
8243,White,F,40,2.7,MW,-0.33,0.757142857,1
8244,White,F,37,4,MW,1.15,0.843452381,1
8246,White,M,41,3.8,MW,-1.13,0.874404762,0
8247,Mexican,M,26.5,3,SC,0.12,0.616964286,1
8249,White,M,38,2.8,MW,-0.91,0.741666667,0
8250,White,F,42,2.9,MW,0.26,0.801190476,1
8253,White,F,33.5,3.2,MW,-1.4,0.723511905,1
8254,White,F,33,3.7,MW,1.72,0.764880952,1
8255,White,F,33,3.8,MW,0.2,0.774404762,1
8256,White,M,34,2.3,MW,-1.65,0.644047619,1
8257,White,F,35,3.2,MW,-0.5,0.742261905,0
8258,White,M,30,3.4,MW,-1.07,0.698809524,1
8259,White,F,34,3.1,MW,0.71,0.720238095,1
8260,White,F,36,2.6,MW,0.22,0.697619048,1
8261,White,M,35,3.3,MW,-0.03,0.751785714,1
8262,White,F,34,3.5,MS,-0.05,0.758333333,1
8263,White,M,32,3.5,MW,-1.44,0.733333333,0
8264,White,F,33.5,3,MW,-0.15,0.704464286,1
8265,White,M,32.5,3.6,MW,0.06,0.749107143,1
8266,White,M,36,4,MW,0.55,0.830952381,1
8267,White,F,33,3.9,FW,-0.31,0.783928571,1
8268,White,F,42,2.8,MW,0.88,0.791666667,1
8269,White,F,37,3.4,MW,-1.42,0.786309524,1
8270,White,M,40,3.6,MW,1.08,0.842857143,1
8271,White,M,35,3.5,MW,0.96,0.770833333,1
8272,White,M,39,4,MW,2.01,0.868452381,1
8273,White,F,39,3.9,NG,1.42,0.858928571,1
8274,White,M,32,3.2,NE,0.28,0.704761905,1
8275,White,F,35,2.8,NG,1.07,0.704166667,1
8276,White,F,32,3,NE,0.17,0.685714286,1
8277,White,F,34.5,2.8,SE,-1.07,0.697916667,1
8278,White,M,31,3,NG,0.17,0.673214286,1
8279,White,F,32,3.2,NG,-0.67,0.704761905,0
8280,White,M,32,2.9,NG,1.18,0.676190476,1
8281,White,M,33,2.2,NE,-0.33,0.62202381,1
8282,White,M,31,3.2,NG,0.09,0.692261905,1
8283,White,M,36.5,3.1,NG,-1.23,0.751488095,0
8284,White,F,31,3.1,SE,-0.57,0.682738095,0
8285,White,M,33.5,2.1,SC,-0.36,0.61875,1
8287,White,M,36,2.6,NG,0.09,0.697619048,1
8288,White,F,36,2.9,NG,-1.47,0.726190476,1
8289,White,M,34,3.2,NG,-0.04,0.729761905,1
8290,White,M,36,3,NG,0.36,0.735714286,1
8291,White,F,25.3,3.1,NG,0.09,0.611488095,1
8292,Asian,F,27,3.4,NG,0.12,0.661309524,0
8293,White,F,41,2.4,NG,0.83,0.741071429,1
8294,White,M,27.5,3.1,NG,-0.52,0.638988095,1
8295,White,F,38,2.3,GL,-1.18,0.694047619,1
8296,White,F,29,3.5,NE,-0.3,0.695833333,1
8297,White,F,39,3.8,NG,-0.33,0.849404762,0
8298,White,F,33,3.4,NG,0.33,0.736309524,1
8299,White,M,37,2.4,NG,-1.1,0.691071429,1
8300,White,M,35,3.3,NE,-2.74,0.751785714,0
8301,White,M,26.5,2.9,NE,-1.65,0.607440476,1
8302,White,F,30,3.1,NE,-1.79,0.670238095,1
8303,White,M,34,3.5,NE,0.07,0.758333333,0
8304,White,F,36,3.3,NG,0.99,0.764285714,1
8305,White,M,24.3,3.1,NG,-0.36,0.598988095,0
8306,White,F,37,2.4,NG,-0.6,0.691071429,1
8307,White,F,41,3.2,SE,-1.36,0.817261905,1
8308,White,F,32,3,NG,0.54,0.685714286,1
8309,White,F,37,2.2,NG,-0.22,0.67202381,1
8310,White,M,34,3.2,NG,2.05,0.729761905,1
8311,White,M,36,2.7,NG,0.07,0.707142857,1
8312,White,M,29,2.8,NG,-0.78,0.629166667,1
8313,White,M,38,3,NG,0.81,0.760714286,1
8314,White,F,33,2.6,NG,-0.36,0.660119048,1
8315,White,F,30.5,2.7,MS,0.52,0.638392857,1
8316,White,F,34,2.7,NG,0.2,0.682142857,1
8317,White,F,34,2.9,NG,0.38,0.701190476,1
8318,White,F,35,2.5,NE,-0.2,0.675595238,1
8319,White,M,31,3.4,MS,0.91,0.711309524,1
8321,White,F,34,2.5,NE,-1.65,0.663095238,1
8322,White,F,37,3,SC,2.1,0.748214286,1
8323,White,M,36,3.2,SC,-0.78,0.754761905,1
8324,White,F,38,2.6,NG,-0.36,0.722619048,1
8325,White,M,40,2.9,NG,0.89,0.776190476,0
8326,White,M,32.5,3.7,NE,1.52,0.758630952,1
8327,White,F,35,2.6,NE,1.31,0.685119048,1
8328,White,F,32.5,2.4,GL,0.67,0.634821429,1
8329,White,F,35,3.3,NG,1.39,0.751785714,1
8330,White,M,28,3.5,Mt,-1.18,0.683333333,0
8331,White,F,36,3.9,NG,-0.01,0.821428571,1
8332,White,M,39,3.1,NG,0.44,0.782738095,1
8333,White,F,34,2.8,NG,0.52,0.691666667,1
8334,White,F,42,2.5,NG,0.97,0.763095238,1
8335,White,F,36,2.9,NE,-1.28,0.726190476,1
8336,White,M,36,2.9,NE,-0.67,0.726190476,1
8337,White,F,34,3.2,Mt,0.75,0.729761905,1
8339,White,F,19.5,3.4,FW,-0.38,0.567559524,1
8340,White,F,38,2.4,SE,2.16,0.703571429,1
8341,White,F,35,3.3,NE,0.78,0.751785714,1
8342,White,M,34,2.8,NG,-1.42,0.691666667,0
8343,White,F,25.5,2.7,NE,0.73,0.575892857,1
8344,White,F,39,2.6,GL,0.9,0.735119048,1
8345,White,M,37,3.6,MW,1.1,0.805357143,1
8346,White,M,33,3.5,GL,0.25,0.745833333,1
8347,White,M,30,3.1,GL,0.97,0.670238095,1
8348,Asian,M,36,3.3,GL,1.74,0.764285714,1
8349,White,M,36,3.2,GL,-0.14,0.754761905,1
8350,White,F,33,2.5,GL,-0.75,0.650595238,1
8351,White,F,39,2.6,GL,1.42,0.735119048,1
8352,White,F,41,2.6,GL,1.22,0.760119048,1
8353,White,F,35,3.3,GL,0.94,0.751785714,1
8354,White,F,28,3,MW,-0.43,0.635714286,1
8355,White,F,31,2.2,GL,-0.46,0.59702381,1
8356,White,F,25.5,3.7,GL,0.65,0.671130952,1
8357,White,M,35,3.6,GL,1.18,0.780357143,1
8358,White,M,37,3.3,GL,0.65,0.776785714,1
8359,White,F,42,3,GL,1.05,0.810714286,1
8360,White,M,40,2.4,GL,0.41,0.728571429,1
8361,White,F,40,2.8,GL,1.42,0.766666667,1
8362,White,F,33,3.3,GL,0.21,0.726785714,1
8364,White,M,41,3.6,GL,1.05,0.855357143,1
8365,White,M,32,3.5,GL,1.34,0.733333333,1
8366,White,M,36,3.2,GL,-1.4,0.754761905,1
8367,White,F,37,2.8,GL,-0.1,0.729166667,1
8368,White,M,40,3.4,MS,0.73,0.823809524,1
8370,White,M,38,3.7,GL,0.81,0.827380952,1
8371,Black,M,25.5,2.2,GL,-2.14,0.52827381,0
8372,White,F,36,2.5,GL,-0.27,0.688095238,1
8373,White,M,38.5,2.6,GL,-0.69,0.728869048,1
8374,White,M,30.3,3.5,GL,0.97,0.712083333,1
8375,White,F,31.5,3.1,NE,-1.72,0.688988095,1
8376,White,F,33,2.8,GL,-0.55,0.679166667,1
8377,White,M,37,3.2,MW,-0.59,0.767261905,1
8378,White,M,38,3.4,GL,0.09,0.798809524,1
8379,White,M,35,3.3,GL,0.86,0.751785714,1
8380,White,F,35,2.9,GL,-0.84,0.713690476,1
8381,White,F,32,3.7,GL,1.62,0.752380952,1
8382,White,F,39,3.1,GL,1.82,0.782738095,1
8383,White,M,40,3.5,GL,1.54,0.833333333,1
8384,White,M,35,2.8,GL,-0.23,0.704166667,1
8385,White,F,35,2.5,MW,-0.55,0.675595238,1
8386,White,F,39,2.7,GL,1.1,0.744642857,1
8387,White,F,38,3.7,GL,0.53,0.827380952,1
8388,White,F,42,4,GL,2.02,0.905952381,1
8389,White,F,40,2.3,GL,-0.92,0.719047619,1
8390,White,F,37,2.9,GL,-0.31,0.738690476,1
8391,White,F,36,3,GL,-0.68,0.735714286,1
8392,White,F,37,3,GL,0.94,0.748214286,1
8393,White,M,34,3.9,GL,0.57,0.796428571,1
8394,White,F,30,3,GL,0.65,0.660714286,1
8395,White,F,33,2.4,GL,0.01,0.641071429,1
8397,White,M,35.5,3.6,GL,0.81,0.786607143,1
8398,White,F,40,3.1,GL,1.38,0.795238095,1
8399,White,M,36,2.8,GL,-0.07,0.716666667,1
8400,Asian,M,30,3.5,GL,-1.6,0.708333333,1
8401,Black,M,28,2.8,GL,-2.31,0.616666667,1
8402,White,M,33,3.2,NG,0.01,0.717261905,1
8403,White,M,31,3.2,GL,-0.51,0.692261905,1
8406,White,M,30,3.1,GL,-0.43,0.670238095,0
8409,White,F,33,3.7,GL,0.13,0.764880952,1
8410,White,F,39,3.7,GL,-0.03,0.839880952,1
8411,White,M,35,2.9,GL,-1.36,0.713690476,1
8412,White,M,44,3.9,GL,1.74,0.921428571,1
8413,White,F,41,2.4,Mt,0.09,0.741071429,0
8414,White,M,35,3.2,GL,-0.96,0.742261905,1
8415,Asian,M,35,3,GL,-1.18,0.723214286,1
8417,White,F,35,3.2,GL,1.7,0.742261905,1
8418,Hispanic,F,27.5,2.4,SC,-0.79,0.572321429,0
8419,White,F,41,2.6,GL,-0.07,0.760119048,1
8420,White,F,35.5,3.4,GL,0.85,0.767559524,1
8421,White,M,34,3.5,GL,-1.41,0.758333333,1
8422,White,M,40,2.4,GL,-0.23,0.728571429,1
8423,White,M,36,2.7,GL,0.81,0.707142857,1
8424,White,F,31,2.7,GL,-1.99,0.644642857,1
8425,White,M,34,3.3,GL,-1.44,0.739285714,1
8426,White,M,30.5,3.4,GL,0.25,0.705059524,1
8427,White,M,38,3.8,GL,1.38,0.836904762,1
8428,White,M,31,3.4,GL,-0.03,0.711309524,1
8429,Hispanic,M,35,3,FW,0.45,0.723214286,0
8430,White,M,25.5,3.6,GL,-0.63,0.661607143,1
8431,White,F,33,2.8,MS,0.45,0.679166667,1
8432,White,F,33,3.4,GL,-0.07,0.736309524,1
8433,Black,M,32,3,GL,-0.59,0.685714286,1
8435,Mexican,M,30,2.8,GL,-1.48,0.641666667,0
8436,White,F,40,3.2,GL,0.57,0.804761905,1
8437,Black,F,22,2.5,GL,-1.64,0.513095238,0
8438,White,M,35.7,3,MS,-1.72,0.731964286,0
8439,White,F,36,3.2,GL,-0.39,0.754761905,1
8441,White,F,35,3.5,GL,1.26,0.770833333,1
8442,White,M,32,3,GL,0.09,0.685714286,1
8443,White,M,31,3.2,MS,-1.56,0.692261905,0
8444,White,M,37,3.4,GL,0.09,0.786309524,1
8445,White,F,35,2.4,SC,0.53,0.666071429,1
8446,White,F,32.5,3.2,GL,0.29,0.711011905,1
8447,White,F,32,3.3,GL,-1.16,0.714285714,1
8448,White,M,25,2.7,GL,-1.44,0.569642857,0
8449,White,M,29,2.5,GL,-0.75,0.600595238,0
8450,White,F,35,3,GL,-2,0.723214286,1
8451,White,M,32,3.5,GL,0.05,0.733333333,1
8452,White,F,37,3.3,GL,-0.15,0.776785714,1
8453,White,F,40,3.3,GL,-0.59,0.814285714,1
8454,White,F,39,3.3,GL,-0.64,0.801785714,1
8455,White,M,37,3.3,GL,0.33,0.776785714,1
8456,White,M,33,3.5,GL,0.17,0.745833333,1
8457,White,M,36,3.6,GL,0.85,0.792857143,1
8459,White,F,37,3,GL,0.77,0.748214286,1
8460,White,M,33,3.7,GL,-0.38,0.764880952,1
8461,White,F,30.5,3.6,GL,1.54,0.724107143,1
8462,White,F,38,2.8,GL,-0.35,0.741666667,1
8463,White,F,36,2.9,GL,-0.92,0.726190476,0
8464,White,F,39,2.7,GL,0.01,0.744642857,0
8466,White,M,21,2.7,NE,-0.24,0.519642857,1
8468,White,M,27,2.6,NE,1.06,0.585119048,0
8470,White,F,29.3,2.5,SE,0.28,0.604345238,1
8473,White,F,22,3.2,NE,0.46,0.579761905,1
8474,White,F,27,2.4,GL,0.6,0.566071429,1
8476,White,F,23,2.7,NE,0.35,0.544642857,1
8477,White,M,26,3.2,NE,-0.28,0.629761905,1
8478,White,F,29.5,2.5,GL,0.69,0.606845238,1
8479,White,F,28.5,3.1,GL,0.35,0.651488095,1
8480,White,M,37,3.5,GL,0.8,0.795833333,1
8481,White,M,36,3.5,GL,0.9,0.783333333,1
8482,White,F,25,2.9,GL,-0.49,0.588690476,1
8484,White,F,32,2.2,GL,0.25,0.60952381,1
8486,White,F,32,2.7,NE,0.16,0.657142857,0
8488,White,F,21.5,2.8,FW,0.4,0.535416667,1
8491,White,F,25.5,3.1,GL,0.99,0.613988095,1
8494,White,F,26,2.8,NE,-0.46,0.591666667,1
8496,White,F,30,2.8,FW,-0.09,0.641666667,0
8499,White,F,28.5,2.7,GL,-0.14,0.613392857,1
8500,White,F,33.5,3.7,GL,0.69,0.771130952,1
8503,White,M,26,3,GL,-0.28,0.610714286,1
8504,White,M,28,2.8,GL,-0.19,0.616666667,1
8505,White,F,42,3.2,GL,0.84,0.829761905,1
8506,White,F,22.7,3.1,NE,-0.46,0.578988095,1
8508,White,F,29,2.7,SE,1.14,0.619642857,1
8509,Other,M,30,2.5,NE,0.55,0.613095238,1
8510,White,M,38,2.9,GL,0.13,0.751190476,0
8511,White,F,24.5,2.9,MS,0.2,0.582440476,1
8512,White,F,31,2.2,SE,0.5,0.59702381,1
8513,White,M,34,3.6,Mt,1.09,0.767857143,1
8514,White,F,30,2.9,NE,1.24,0.651190476,1
8515,White,F,25,2.6,FW,0.9,0.560119048,1
8516,White,M,25,2.5,SE,0.25,0.550595238,0
8518,White,F,26.5,2.7,NE,0.16,0.588392857,1
8520,White,F,17,3.5,Mt,0.2,0.545833333,0
8522,White,F,26,2.5,NE,-0.58,0.563095238,1
8523,Amerindian,M,34,4,NW,1.28,0.805952381,1
8524,White,M,37,3.1,GL,0.99,0.757738095,1
8526,White,M,30,3.3,GL,0.99,0.689285714,1
8528,White,F,23,2.7,GL,-0.19,0.544642857,1
8532,White,F,31,2.5,MS,0.6,0.625595238,1
8533,White,M,40,3.3,GL,0.99,0.814285714,1
8534,White,M,41,3.2,GL,1.64,0.817261905,1
8535,White,F,37,2.7,GL,1.54,0.719642857,1
8537,White,M,27.3,2.5,FW,1.34,0.579345238,0
8538,White,F,31,2.1,MS,0.16,0.5875,1
8539,White,F,24.5,3.3,SE,0.87,0.620535714,1
8540,White,F,36,2.2,GL,1.49,0.65952381,1
8541,White,M,41,2.9,GL,2.02,0.788690476,1
8544,White,F,26,2.6,SC,1.28,0.572619048,0
8545,White,M,25.5,2.7,MS,-0.09,0.575892857,0
8546,White,F,31.3,2.4,GL,-0.4,0.619821429,1
8547,White,F,28,2.3,NE,0.46,0.569047619,1
8548,White,M,39,2.9,GL,1.39,0.763690476,1
8549,White,M,39,3.3,GL,2.02,0.801785714,1
8550,White,F,28,2.3,NE,-0.09,0.569047619,1
8552,White,F,30.7,2.3,GL,0.16,0.602797619,1
8553,White,F,30,2.7,Mt,-0.39,0.632142857,1
8555,White,M,33,2.4,SC,-0.24,0.641071429,1
8557,White,F,28,2.4,NE,0.46,0.578571429,1
8558,White,F,24,2.8,GL,0.84,0.566666667,1
8559,White,F,28,2.7,NE,0.16,0.607142857,1
8561,White,M,24.5,2.8,NE,-0.68,0.572916667,1
8565,Black,F,18,3.3,SE,-2.12,0.539285714,0
8566,White,F,31,2.4,GL,0.1,0.616071429,1
8567,White,F,31,2.2,GL,-0.14,0.59702381,0
8569,White,F,27,2.5,NE,-0.39,0.575595238,1
8571,White,M,33,2.6,GL,1.34,0.660119048,1
8572,White,F,32,2.4,GL,0.99,0.628571429,1
8573,White,M,26.7,3.2,GL,0.2,0.638511905,1
8574,Mexican,F,28,2.2,GL,-0.31,0.55952381,1
8575,White,M,39,3.5,GL,0.4,0.820833333,1
8577,White,F,26,3.1,MS,-0.64,0.620238095,0
8578,White,F,27.5,2.9,GL,-0.34,0.619940476,1
8580,White,F,27,2.6,NE,0.94,0.585119048,1
8581,White,F,24.3,3,NE,-0.05,0.589464286,0
8582,White,M,26.5,3.1,GL,-0.19,0.626488095,1
8583,White,F,30.5,2.7,NG,0.31,0.638392857,1
8586,White,M,27.5,3.8,SE,0.46,0.705654762,1
8589,White,M,32,2.6,GL,0.16,0.647619048,1
8590,White,F,33.7,3.2,MW,1.43,0.726011905,1
8591,White,F,40,3.1,GL,-0.34,0.795238095,1
8593,White,F,28,3.4,SE,-0.43,0.673809524,1
8594,White,F,22,3,MS,0.8,0.560714286,1
8595,White,M,29,2.6,MS,0.2,0.610119048,0
8596,White,F,24,2.7,SE,1.39,0.557142857,1
8597,White,F,29.7,2.5,NE,0.35,0.609345238,1
8599,White,F,34,2.4,MS,1.43,0.653571429,1
8600,White,F,39,2.8,GL,0.55,0.754166667,1
8605,White,F,22,3,NG,-0.83,0.560714286,1
8609,White,F,33,1.9,NE,1.05,0.593452381,1
8610,White,F,24.3,3.8,SE,1.14,0.665654762,1
8612,White,F,28.5,3,MW,0.25,0.641964286,1
8614,White,M,32,2.7,MS,0.16,0.657142857,1
8615,White,F,27,2.7,FW,0.31,0.594642857,0
8617,White,M,19.5,3.2,GL,0.16,0.548511905,1
8618,White,F,18.3,2.7,GL,0.1,0.485892857,1
8619,White,M,37,3.4,GL,0.12,0.786309524,1
8621,White,M,25,2.6,GL,-0.58,0.560119048,0
8622,White,M,34,2.3,GL,1.2,0.644047619,1
8623,White,M,33,3.1,GL,1.24,0.707738095,1
8624,White,F,38,3.7,GL,1.54,0.827380952,1
8625,White,F,35,2.7,MS,1.2,0.694642857,1
8626,White,M,32,2.6,GL,1.88,0.647619048,1
8627,White,F,23.7,2.8,NE,0.28,0.562916667,0
8629,White,F,29.7,2.5,MS,-0.14,0.609345238,1
8630,White,F,30,2.1,NE,0.99,0.575,1
8631,White,F,43,2.8,GL,0.6,0.804166667,1
8632,White,F,24.5,2.4,GL,-0.43,0.534821429,1
8634,White,F,25,2.4,SE,-0.93,0.541071429,0
8635,White,M,37,3.2,NG,-0.3,0.767261905,1
8636,White,F,29.5,3.2,NG,1.97,0.673511905,1
8637,White,F,38,2.8,NG,-0.16,0.741666667,1
8638,White,F,36,2.7,NG,-1.11,0.707142857,0
8639,White,F,41,2.7,NG,-2.1,0.769642857,0
8640,White,M,35,2.9,NG,1.72,0.713690476,1
8641,White,M,35.5,3.3,NG,2.11,0.758035714,1
8643,White,F,30,3.9,NG,0.75,0.746428571,1
8644,White,F,34.5,2.8,NG,-0.18,0.697916667,1
8645,White,F,32,3.5,MW,0.39,0.733333333,1
8646,Asian,F,25,2.5,NG,-1.86,0.550595238,0
8647,White,F,39.5,3.2,NG,2.24,0.798511905,1
8648,White,M,37,3.1,NG,-0.13,0.757738095,0
8650,White,F,41,3.2,NG,1.24,0.817261905,1
8651,White,M,31,3.5,NG,-2.21,0.720833333,0
8652,White,M,39,3.1,NG,-0.08,0.782738095,1
8653,White,M,39,2.6,NG,0.37,0.735119048,1
8654,White,F,39,3.1,NE,0.66,0.782738095,1
8655,White,M,31,3.7,FW,1.09,0.739880952,1
8656,Asian,F,40,3,FW,0.78,0.785714286,1
8660,White,F,37,3,FW,0.8,0.748214286,1
8661,White,M,39,3.6,FW,1.9,0.830357143,1
8662,Amerindian,F,37,2.9,FW,0.34,0.738690476,1
8663,Other,F,39,2.6,FW,0.66,0.735119048,1
8664,Asian,F,37,2.4,MS,-0.44,0.691071429,0
8665,White,F,37,3.5,FW,-0.1,0.795833333,1
8666,White,M,34.5,3.1,FW,-0.46,0.726488095,0
8667,White,M,35,3,FW,0.71,0.723214286,1
8669,Hispanic,F,32,3.4,FW,0.2,0.723809524,1
8671,White,F,35,3.2,SC,-0.59,0.742261905,1
8672,White,F,35,3.3,FW,0.48,0.751785714,1
8673,White,M,40,3.5,FW,0.3,0.833333333,1
8674,White,F,40,2.8,FW,-0.16,0.766666667,1
8675,White,F,40,2.6,NG,1.49,0.747619048,1
8677,Hispanic,M,27,3.2,SE,-0.71,0.642261905,0
8678,Mexican,F,31,2.8,FW,-0.23,0.654166667,0
8680,Mexican,F,30,2.6,FW,0.31,0.622619048,1
8681,White,F,35,3,FW,-0.87,0.723214286,1
8682,White,F,34,3,SE,-0.85,0.710714286,1
8683,White,F,33.5,3.7,FW,0.43,0.771130952,1
8685,Hispanic,M,31,3.4,SE,0.04,0.711309524,1
8687,White,M,34,4,Mt,-0.66,0.805952381,1
8688,White,M,47,3.6,FW,1.27,0.930357143,1
8689,Black,M,29.5,3,FW,-0.1,0.654464286,1
8690,White,M,40,3.1,NE,0.28,0.795238095,1
8691,White,M,34,3.6,FW,1.22,0.767857143,1
8693,White,F,36,3.2,Mt,-0.71,0.754761905,1
8695,White,M,41,3.6,FW,1.43,0.855357143,1
8696,Mexican,F,32,2.7,FW,-0.22,0.657142857,1
8697,White,F,34,3,SC,-0.57,0.710714286,1
8698,White,F,36,3.2,Mt,0.39,0.754761905,1
8699,White,M,40,2.9,FW,0.51,0.776190476,1
8700,White,M,36,3.3,FW,1.02,0.764285714,1
8702,White,M,37,3,FW,-0.55,0.748214286,1
8703,White,M,35,3.1,FW,-0.28,0.732738095,1
8704,White,F,33,3.5,FW,-0.76,0.745833333,1
8705,White,M,44,2.1,FW,0.51,0.75,1
8706,Hispanic,M,35,2.7,FW,1,0.694642857,1
8707,White,M,41,2.6,SE,0.72,0.760119048,1
8708,White,M,38,2.8,FW,-1.33,0.741666667,1
8709,White,M,34,2.8,FW,-1.15,0.691666667,1
8710,White,F,38,2.8,FW,0.66,0.741666667,1
8712,White,M,31,3.7,Mt,0.01,0.739880952,1
8713,White,F,40,3.5,FW,1.49,0.833333333,1
8714,White,M,34,3.3,FW,-0.29,0.739285714,1
8715,White,M,38,3.1,FW,1.12,0.770238095,1
8716,White,F,41,2.7,FW,2.15,0.769642857,1
8717,White,F,45,2.6,FW,0.94,0.810119048,1
8718,White,M,38,3.2,FW,-0.59,0.779761905,1
8719,White,M,35,3.1,FW,-0.08,0.732738095,1
8720,White,F,32,3.1,FW,1.09,0.695238095,1
8721,White,M,35,3.4,FW,1.52,0.761309524,1
8722,White,M,38,2.7,FW,1.2,0.732142857,1
8723,Asian,M,39,2.7,FW,-0.51,0.744642857,1
8725,Mexican,M,31,3.1,FW,0.2,0.682738095,1
8728,White,M,40,3,FW,2.24,0.785714286,1
8729,White,M,38,3,FW,0.46,0.760714286,1
8730,White,M,41,3.2,FW,0.53,0.817261905,1
8731,White,F,32,3.6,FW,0.5,0.742857143,1
8732,White,F,32,2.8,SE,0.98,0.666666667,1
8734,Asian,F,34,2.6,FW,-1.8,0.672619048,0
8735,Asian,M,31,3.4,FW,-0.19,0.711309524,1
8736,White,F,41,2.4,MS,0.12,0.741071429,1
8738,White,F,34,3,FW,1.28,0.710714286,1
8740,Mexican,M,28,3.3,FW,-0.5,0.664285714,1
8741,White,M,34,3.3,FW,0.14,0.739285714,1
8742,Asian,M,28,3.2,FW,-1.44,0.654761905,1
8743,White,M,38,3.2,FW,-0.07,0.779761905,1
8744,White,F,35,3.2,FW,0.87,0.742261905,1
8746,White,M,39.5,3.4,MW,1.58,0.817559524,1
8748,White,M,36,2.9,FW,-0.21,0.726190476,1
8749,White,F,34,3.1,FW,-0.4,0.720238095,1
8750,White,M,35,3,FW,0.73,0.723214286,1
8751,White,F,37,3,GL,0.86,0.748214286,1
8752,White,M,35,3.5,FW,-0.12,0.770833333,1
8753,White,F,36,3.1,FW,2.16,0.745238095,1
8754,White,M,35,3.1,FW,0.57,0.732738095,1
8755,White,M,32.5,3.4,FW,-0.31,0.730059524,1
8756,White,F,36,3,FW,1.22,0.735714286,1
8757,White,M,38,3.2,FW,0.69,0.779761905,1
8758,White,M,29,3.8,FW,0.24,0.724404762,1
8760,White,M,32.5,3.3,NE,0.6,0.720535714,1
8761,White,F,34,3.2,Mt,-0.62,0.729761905,1
8762,White,F,34,3.2,FW,-0.45,0.729761905,1
8763,White,F,34,3.6,FW,0.85,0.767857143,1
8764,White,F,36,3.4,FW,1.66,0.773809524,1
8765,White,M,27.5,3.6,FW,2.21,0.686607143,1
8766,White,F,36,3,FW,0.76,0.735714286,1
8767,White,F,36,3.3,NE,0.71,0.764285714,1
8770,White,F,38,3,FW,0,0.760714286,1
8771,White,M,31,3.5,FW,0.22,0.720833333,1
8772,Other,F,41,2.6,FW,-0.58,0.760119048,1
8774,Mexican,F,28,2.7,FW,0.21,0.607142857,0
8775,Asian,F,31.5,2.8,FW,0.82,0.660416667,1
8776,White,F,36,3.1,Mt,0.18,0.745238095,1
8777,White,F,43,3.1,FW,1.97,0.832738095,1
8778,White,M,41,3.3,Mt,0.35,0.826785714,1
8780,White,F,37,2.5,FW,-0.97,0.700595238,0
8781,Asian,M,30,2.8,FW,-0.32,0.641666667,0
8782,Black,F,32,2.7,MS,0.01,0.657142857,0
8783,White,F,37,3,FW,1.72,0.748214286,1
8784,Mexican,M,29,3.5,FW,1.2,0.695833333,1
8786,White,M,39,2.8,FW,-0.77,0.754166667,1
8788,White,F,35,2.7,FW,-0.38,0.694642857,0
8789,White,M,35,3.4,FW,-0.08,0.761309524,1
8790,White,M,33.5,3.3,FW,0.6,0.733035714,1
8791,White,M,41,2.5,FW,-0.24,0.750595238,1
8792,Asian,F,38,2.4,FW,-2.15,0.703571429,1
8794,White,M,28.5,3.6,FW,1.04,0.699107143,1
8795,White,F,40,3.6,FW,1.76,0.842857143,1
8797,Other,M,38,3.2,FW,0.22,0.779761905,1
8798,White,F,36,3,FW,0.19,0.735714286,1
8799,Other,F,36,2.9,NE,0.66,0.726190476,1
8800,White,F,36,3.1,FW,-0.21,0.745238095,1
8801,Black,F,39,2.1,FW,-0.11,0.6875,1
8802,White,M,32.5,3.4,FW,1.02,0.730059524,1
8804,Hispanic,F,36,2.7,FW,-0.61,0.707142857,0
8805,White,F,29,3.5,FW,-0.71,0.695833333,0
8807,White,M,35,3.3,FW,-0.57,0.751785714,0
8808,White,F,37,2.9,FW,-0.75,0.738690476,1
8809,White,M,36,3.3,FW,-0.44,0.764285714,1
8811,White,M,40,3,FW,-0.29,0.785714286,1
8815,Other,F,43,3.6,FW,1.1,0.880357143,1
8816,White,F,35,3.1,FW,0.53,0.732738095,1
8817,White,F,34,3.6,FW,0.47,0.767857143,1
8818,White,M,35,3.2,FW,1.56,0.742261905,1
8819,White,F,38,2.8,SC,0.2,0.741666667,1
8820,White,F,36,3.2,FW,-0.51,0.754761905,1
8821,White,M,39,2.7,FW,0.15,0.744642857,0
8822,White,F,33,3.5,FW,-0.55,0.745833333,1
8823,Other,M,36,3.5,FW,0.76,0.783333333,1
8824,Mexican,F,33.5,2.6,FW,0.34,0.666369048,1
8826,White,M,35,3.1,Mt,-0.04,0.732738095,1
8827,White,F,42,2.3,FW,0.81,0.744047619,1
8829,White,M,31.5,3.1,NG,-0.02,0.688988095,0
8830,White,F,37,3,FW,-1.77,0.748214286,1
8831,White,M,39,3.2,FW,0.8,0.792261905,1
8832,Mexican,M,37,3,FW,0.06,0.748214286,1
8833,White,F,36,3.5,FW,2.03,0.783333333,1
8834,Amerindian,M,36,2.6,GL,0.4,0.697619048,1
8835,Black,M,28,3,NG,-1.46,0.635714286,1
8836,White,F,34,2.8,FW,-0.2,0.691666667,0
8837,White,F,35,3.4,NE,0.3,0.761309524,1
8838,White,F,33,3.3,FW,2.13,0.726785714,1
8839,White,M,43,3.7,FW,0.54,0.889880952,1
8842,Asian,F,34,3.1,FW,0.91,0.720238095,1
8843,White,M,37,3,FW,0.89,0.748214286,1
8844,White,F,33,2.9,FW,0.01,0.688690476,1
8845,White,F,35,3.5,FW,0.67,0.770833333,1
8846,White,F,36,3.1,NE,-0.23,0.745238095,1
8847,Black,M,36,3.2,FW,0.26,0.754761905,1
8848,White,M,39,2.8,FW,0.2,0.754166667,1
8849,White,F,32.5,3.3,NE,0.1,0.720535714,1
8850,White,F,41,2.5,FW,0.1,0.750595238,1
8851,White,F,36,3,FW,0.81,0.735714286,1
8855,White,F,38,4,FW,0.65,0.855952381,1
8856,White,M,34.5,2.9,FW,-0.5,0.707440476,0
8857,White,F,41,3.7,FW,1.06,0.864880952,1
8858,White,F,48,3.2,NE,1.78,0.904761905,1
8859,Asian,M,35,3,FW,-0.17,0.723214286,1
8860,White,M,39,2.8,FW,0.18,0.754166667,1
8861,White,F,33,3.6,FW,0.44,0.755357143,1
8863,Asian,F,31,3.3,FW,-0.26,0.701785714,1
8865,White,F,40,3.4,GL,-0.49,0.823809524,0
8866,White,F,33,3.8,GL,0.39,0.774404762,0
8867,Black,M,32,2.8,GL,-0.89,0.666666667,1
8869,Black,F,25,3,GL,-0.36,0.598214286,1
8873,White,M,33,3.1,GL,0.43,0.707738095,1
8874,White,F,36,3.5,GL,0.84,0.783333333,1
8875,White,F,43,3.3,GL,0.14,0.851785714,1
8876,Puertorican,M,26,3.4,GL,-1.51,0.648809524,0
8877,White,M,40,3.4,GL,-0.66,0.823809524,1
8878,White,M,35,3.5,GL,0.86,0.770833333,1
8879,Black,F,31,2.8,GL,-0.78,0.654166667,0
8880,White,M,43,3.5,NE,0.73,0.870833333,1
8881,White,F,38,3.8,GL,0.04,0.836904762,1
8882,White,F,41,3.5,GL,1.34,0.845833333,1
8883,Hispanic,F,33,3.8,GL,1.03,0.774404762,1
8884,White,M,38.5,3.8,GL,0.64,0.843154762,1
8885,White,F,45,3.8,GL,1.71,0.924404762,1
8886,White,F,34.5,3.1,GL,-1.18,0.726488095,1
8887,White,F,42,3.3,GL,-0.44,0.839285714,1
8888,White,M,34.7,3.9,GL,1.11,0.805178571,1
8889,Other,M,37,4,GL,0.83,0.843452381,1
8890,White,F,47,3.2,GL,-1.38,0.892261905,1
8892,White,F,41,3.1,GL,1.71,0.807738095,1
8893,White,M,38,3.3,MW,-1.38,0.789285714,1
8894,White,F,40,3.1,GL,1.03,0.795238095,1
8895,White,F,39,3.6,GL,0.04,0.830357143,0
8896,Black,F,35,2.6,GL,-1.04,0.685119048,1
8897,White,M,38,3.4,GL,-1.04,0.798809524,1
8898,Hispanic,M,27,2.8,GL,-1.36,0.604166667,0
8899,Black,M,29,3,GL,-1.71,0.648214286,0
8900,White,M,39,3.5,GL,1.31,0.820833333,1
8901,White,F,40,3.9,GL,0.43,0.871428571,1
8902,Asian,F,36,3.2,GL,-0.51,0.754761905,0
8903,White,F,40,3.3,GL,-1.56,0.814285714,1
8904,White,M,39,3.8,GL,0.08,0.849404762,1
8906,White,M,38,3.4,GL,0.36,0.798809524,1
8908,White,F,34,3.3,GL,-0.01,0.739285714,1
8909,White,M,37,3.4,GL,1.24,0.786309524,1
8910,Black,M,29,3,GL,-0.42,0.648214286,1
8913,White,M,42,3.8,GL,1.31,0.886904762,1
8915,White,F,42,3.9,FW,1.95,0.896428571,1
8916,White,F,45,2.6,GL,0.48,0.810119048,1
8917,White,F,41,3,GL,1.45,0.798214286,1
8918,White,M,44,2.9,GL,1.61,0.826190476,1
8919,White,F,40,3.7,GL,-0.81,0.852380952,1
8920,White,F,42,3,GL,1.45,0.810714286,1
8922,White,M,37,3.8,GL,1.8,0.824404762,1
8924,Other,F,28,3.1,GL,-0.09,0.645238095,1
8925,Amerindian,M,29,2.9,GL,-1.36,0.638690476,0
8926,White,M,38,3.4,GL,0.83,0.798809524,1
8927,Black,M,21,3.5,GL,-0.39,0.595833333,0
8929,Other,M,32,2.7,GL,-0.79,0.657142857,0
8930,White,M,38,3.3,GL,0.58,0.789285714,1
8931,White,F,36,3.6,GL,0.68,0.792857143,1
8932,White,M,40,3.2,GL,-1.08,0.804761905,1
8933,White,F,34,3.5,GL,-0.54,0.758333333,1
8934,Black,M,24,3.4,GL,-0.37,0.623809524,1
8935,Black,M,27,3.4,GL,-1.81,0.661309524,1
8936,White,F,36,3.4,GL,-0.04,0.773809524,1
8937,Black,M,29,2.9,GL,-1.24,0.638690476,0
8938,White,M,42,2.9,GL,-0.26,0.801190476,1
8939,White,M,39,3.3,GL,0.01,0.801785714,1
8940,White,F,36,3.5,GL,0.01,0.783333333,1
8941,White,M,40,3.2,GL,1.01,0.804761905,1
8942,White,F,42,3.5,GL,0.54,0.858333333,1
8943,Black,M,24,3.1,GL,-1.34,0.595238095,0
8944,White,F,38,3.4,GL,0.36,0.798809524,1
8945,White,M,42,3.1,GL,0.99,0.820238095,1
8946,White,M,39,3.5,GL,1.21,0.820833333,1
8947,Hispanic,F,39,2.8,GL,0.98,0.754166667,1
8949,White,M,35,3.5,GL,1.36,0.770833333,1
8950,White,F,38,3.2,GL,-0.04,0.779761905,1
8951,Black,M,37,3.2,GL,0.26,0.767261905,1
8952,White,M,41,3.1,GL,-1.56,0.807738095,1
8953,White,F,35,3.6,GL,-0.49,0.780357143,1
8954,White,F,37,3.3,GL,0.69,0.776785714,1
8955,Asian,M,37,3.5,GL,-0.48,0.795833333,0
8956,White,F,41,3.2,GL,-0.78,0.817261905,1
8957,White,M,37,3.6,GL,-0.53,0.805357143,0
8958,White,F,39,3.4,GL,1.09,0.811309524,1
8959,White,F,37,3.7,GL,1.34,0.814880952,1
8960,White,F,44,3.2,GL,0.83,0.854761905,1
8961,White,M,42,3.5,GL,-0.11,0.858333333,1
8963,White,M,40,3.2,GL,0.74,0.804761905,1
8964,White,F,38,3,GL,0.48,0.760714286,1
8965,White,F,43,3,GL,0.06,0.823214286,1
8966,White,M,42,3.4,GL,0.18,0.848809524,1
8967,White,M,33,3.7,GL,0.04,0.764880952,1
8968,Mexican,M,32,3.3,GL,0.63,0.714285714,1
8969,White,M,44,2.8,GL,-0.06,0.816666667,1
8970,White,F,39,3.7,GL,0.13,0.839880952,0
8971,White,M,39,3.2,GL,0.59,0.792261905,1
8972,White,M,33.5,3.7,GL,0.31,0.771130952,1
8973,White,M,42,3.5,GL,-0.31,0.858333333,1
8974,White,F,37,3.3,GL,0.66,0.776785714,1
8975,White,F,38,3.1,GL,-1.19,0.770238095,1
8976,White,M,39,3.7,GL,-1.13,0.839880952,0
8977,White,F,35,3.6,GL,0.16,0.780357143,1
8978,White,F,34,3.7,GL,-0.34,0.777380952,1
8981,White,M,41,3.3,GL,0.28,0.826785714,1
8982,White,M,33,3.9,GL,-0.63,0.783928571,1
8983,White,F,34,3.6,GL,-0.14,0.767857143,1
8984,White,F,47,3.1,GL,1.5,0.882738095,1
8985,White,M,39,3.6,GL,-0.83,0.830357143,1
8986,White,M,41,3.3,GL,1.33,0.826785714,1
8987,White,F,33,3.7,GL,-0.53,0.764880952,1
8988,Hispanic,M,28,2.9,GL,-2.09,0.626190476,0
8989,White,M,36,3.9,GL,0.08,0.821428571,1
8990,White,F,36,3.5,GL,0.91,0.783333333,1
8991,White,M,41,3.5,GL,-0.26,0.845833333,1
8993,Black,F,33,2.5,GL,-0.14,0.650595238,1
8994,White,F,33,3.8,GL,-0.78,0.774404762,0
8998,Hispanic,F,33,3.7,GL,-1.13,0.764880952,0
9000,Amerindian,M,30,3.8,GL,0.28,0.736904762,1
9001,White,M,44,3.1,GL,0.61,0.845238095,1
9004,White,M,39,3.1,GL,-0.36,0.782738095,1
9005,White,F,33,4,GL,0.48,0.793452381,1
9007,White,M,42,4,GL,1.95,0.905952381,1
9013,Black,M,32,3.2,GL,-1.74,0.704761905,1
9017,White,M,38,3.2,GL,0.19,0.779761905,1
9019,White,M,40,3.5,GL,-0.34,0.833333333,1
9020,White,M,36.5,3.4,GL,0.23,0.780059524,1
9021,White,M,37,3.5,GL,1.65,0.795833333,1
9022,White,F,40,3.4,GL,0.36,0.823809524,1
9023,White,F,43,2.9,GL,0.16,0.813690476,1
9024,White,F,43,3,GL,0.73,0.823214286,1
9025,White,F,41,3.3,GL,0.21,0.826785714,1
9026,White,F,40,3.5,GL,0.46,0.833333333,1
9027,Black,M,28,3.2,GL,-1.61,0.654761905,0
9029,White,F,40,3.1,GL,0.58,0.795238095,1
9030,White,M,42,3,GL,-0.22,0.810714286,1
9031,White,M,41,3.1,GL,-0.91,0.807738095,1
9032,White,F,35,3.7,GL,-0.07,0.789880952,1
9034,White,M,38,3.3,GL,1.31,0.789285714,0
9035,White,F,40,3.1,GL,-0.06,0.795238095,1
9036,Other,F,37,3.9,GL,1.13,0.833928571,1
9037,White,F,37,3.7,GL,0.04,0.814880952,1
9038,White,F,35,3.6,GL,1.01,0.780357143,1
9039,White,F,35,3.6,GL,-1.19,0.780357143,1
9040,White,F,40,2.8,GL,1.29,0.766666667,1
9041,White,F,43,3.2,GL,0.88,0.842261905,1
9042,White,F,43,3.1,GL,1.83,0.832738095,1
9043,White,M,34,3.3,GL,0.39,0.739285714,0
9044,White,M,40,3.4,GL,0.94,0.823809524,1
9045,Other,M,42,3.2,GL,1.09,0.829761905,1
9046,White,F,35,3.6,GL,-0.73,0.780357143,1
9047,White,F,37,3.4,GL,0.81,0.786309524,1
9050,White,F,39,4,GL,1.19,0.868452381,1
9051,White,F,39.5,3.3,GL,0.66,0.808035714,1
9052,White,M,39,3.3,GL,-0.89,0.801785714,1
9053,White,F,35.5,3.5,GL,1.48,0.777083333,1
9054,Black,M,26,3,GL,-1.38,0.610714286,0
9055,White,M,41,3,GL,-2.03,0.798214286,1
9057,White,M,43,3.4,GL,0.38,0.861309524,1
9058,White,F,36,3.7,GL,0.43,0.802380952,1
9059,White,F,42,3.5,GL,-0.61,0.858333333,1
9061,White,F,37,3.4,GL,-0.02,0.786309524,1
9062,White,F,42,3.5,GL,1.56,0.858333333,1
9063,White,M,42,3.1,GL,0.46,0.820238095,1
9064,Black,F,42,2.9,GL,0.13,0.801190476,1
9065,White,M,40,3.5,GL,1.03,0.833333333,1
9066,White,M,39,3.6,GL,0.96,0.830357143,1
9067,Hispanic,M,32.5,2.7,GL,-0.98,0.663392857,0
9068,Amerindian,F,37,3.3,GL,-0.74,0.776785714,0
9069,White,F,38,3.3,GL,0.49,0.789285714,1
9070,White,F,41,3,GL,-1.14,0.798214286,1
9071,White,F,41,3.1,GL,-0.84,0.807738095,1
9072,White,F,29,3.6,FW,0.03,0.705357143,1
9073,White,F,33,3.3,FW,-0.42,0.726785714,1
9074,White,M,38,3.3,FW,1.21,0.789285714,1
9075,Asian,M,27.5,3.6,FW,-0.06,0.686607143,1
9076,White,M,30,3.3,FW,0.01,0.689285714,1
9078,Asian,F,30.5,3.6,FW,-0.24,0.724107143,1
9080,White,M,33,3.1,FW,-0.71,0.707738095,1
9081,White,M,34,3.4,FW,-0.06,0.748809524,1
9082,Black,M,29,3.1,FW,0.29,0.657738095,1
9083,White,M,33,3.5,FW,-0.48,0.745833333,1
9084,White,M,30,3.2,FW,-0.46,0.679761905,1
9085,White,F,37,3.1,FW,0.26,0.757738095,1
9089,Other,F,29,3.4,FW,0.98,0.686309524,1
9091,White,F,32,3,FW,-0.96,0.685714286,1
9092,Puertorican,M,38,3.2,FW,2.25,0.779761905,1
9093,White,M,39,3.5,NG,0.76,0.820833333,1
9094,Asian,F,33,3.3,FW,-0.14,0.726785714,0
9095,White,M,30,3.5,FW,1.32,0.708333333,1
9096,Asian,F,33,3.2,FW,-0.82,0.717261905,0
9097,Asian,F,31,3.4,FW,0.33,0.711309524,1
9102,Asian,M,39,2.7,FW,0.38,0.744642857,1
9103,White,F,34,3.3,FW,0.87,0.739285714,1
9106,White,F,39,3.2,FW,0.01,0.792261905,1
9107,White,M,35,2.9,FW,-1.27,0.713690476,0
9109,White,F,28.5,2.9,FW,-0.66,0.632440476,1
9110,White,M,31,3.3,FW,0.01,0.701785714,1
9111,Asian,F,32,3.1,FW,-0.84,0.695238095,1
9112,White,F,37,2.9,FW,0.94,0.738690476,1
9113,Asian,F,28,3.2,FW,-0.55,0.654761905,0
9115,White,M,38,3.1,FW,1.84,0.770238095,1
9117,White,F,35,3.2,Mt,-0.17,0.742261905,1
9118,Other,M,35,3.2,FW,-0.51,0.742261905,0
9119,White,M,33,3.4,FW,1.55,0.736309524,1
9121,White,M,31.5,3,FW,-0.12,0.679464286,0
9122,White,F,32,3,FW,0.33,0.685714286,1
9123,Other,F,35,2.4,FW,0.83,0.666071429,1
9124,White,M,37,3.4,FW,-0.1,0.786309524,1
9125,White,M,27,3.6,FW,-0.75,0.680357143,1
9126,White,M,34,3.3,SE,0.37,0.739285714,1
9128,Other,M,31,3.1,FW,-0.89,0.682738095,1
9129,White,M,34,3.1,FW,0.65,0.720238095,1
9130,White,F,38,3.4,FW,0.8,0.798809524,1
9131,White,M,31.5,3.1,FW,-0.35,0.688988095,1
9132,White,M,36,2.9,FW,-0.53,0.726190476,0
9133,White,F,34,2.9,FW,0.62,0.701190476,1
9134,Mexican,M,32,3.1,FW,-0.55,0.695238095,1
9135,White,M,34,3,FW,-0.5,0.710714286,0
9136,White,F,35,3.5,FW,0.69,0.770833333,0
9137,White,M,36,3.2,SE,-0.59,0.754761905,1
9138,White,F,33,2.8,Mt,-0.1,0.679166667,1
9140,White,F,33,3.2,FW,0.6,0.717261905,1
9141,White,F,36,3.4,FW,1.64,0.773809524,1
9142,Other,F,32,3.1,FW,0.96,0.695238095,1
9143,White,F,34.5,3.3,FW,0.64,0.745535714,1
9144,White,F,32,3.2,FW,0.44,0.704761905,1
9146,White,F,34,3,FW,0.49,0.710714286,1
9147,Asian,M,37,3.7,FW,1.41,0.814880952,1
9149,Asian,F,37,3.2,FW,-0.39,0.767261905,1
9151,White,F,31,3.3,Mt,0.13,0.701785714,1
9153,White,F,35,2.8,FW,1.32,0.704166667,1
9155,Asian,M,33.7,3.1,SE,-0.55,0.716488095,1
9159,White,M,32,3.1,GL,-0.44,0.695238095,0
9160,Asian,F,37,3,FW,-0.86,0.748214286,0
9161,White,M,32,3.4,FW,1.03,0.723809524,1
9162,White,M,35,3.3,FW,-0.32,0.751785714,1
9163,White,M,39,3.4,Mt,0.85,0.811309524,1
9164,White,F,35,3,FW,0.74,0.723214286,1
9165,White,M,37,3.1,FW,1.63,0.757738095,1
9166,White,M,32,3.1,FW,0.28,0.695238095,1
9168,White,F,31,3.1,FW,1.84,0.682738095,1
9170,White,F,38,2.8,FW,0.21,0.741666667,1
9171,Asian,M,33,3,FW,0.78,0.698214286,1
9172,White,F,33,3.3,FW,0.92,0.726785714,1
9175,Asian,M,35,3.2,FW,1.19,0.742261905,1
9176,White,M,32,3.6,FW,-0.77,0.742857143,0
9178,White,M,36.5,3.8,FW,0.55,0.818154762,1
9180,Asian,M,37,3.5,FW,-0.33,0.795833333,1
9181,Hispanic,F,39,3.1,FW,1.64,0.782738095,1
9182,White,F,31,3.4,FW,-0.37,0.711309524,1
9183,White,F,36,3,FW,0.4,0.735714286,1
9185,White,F,35,3.7,FW,0.78,0.789880952,1
9186,White,F,36,2.7,FW,-0.05,0.707142857,1
9189,White,F,34,3.2,FW,0.24,0.729761905,1
9192,White,M,34,3.4,NE,0.8,0.748809524,1
9193,White,F,29.5,3.3,FW,-0.59,0.683035714,1
9194,Hispanic,M,27,3.6,NE,1.32,0.680357143,1
9195,White,M,37,2.9,FW,-0.53,0.738690476,1
9196,Asian,M,32,3.3,FW,-0.26,0.714285714,1
9198,Mexican,M,38,3.1,FW,-0.37,0.770238095,1
9202,White,M,31,3.4,FW,1.03,0.711309524,1
9203,White,F,41,3.5,FW,1.55,0.845833333,1
9204,White,M,35,3.8,FW,0.13,0.799404762,1
9205,White,M,35,3,FW,0.69,0.723214286,1
9207,White,M,41,3.5,FW,2.15,0.845833333,1
9208,White,M,41,3.9,GL,1.01,0.883928571,1
9209,Other,F,32,3.1,FW,0.08,0.695238095,1
9210,Asian,F,36,2.5,FW,-0.03,0.688095238,1
9211,Black,M,29,3.2,SE,0.19,0.667261905,1
9212,Black,F,25.7,2.8,FW,-0.51,0.587916667,0
9213,White,M,33,2.9,FW,0.91,0.688690476,1
9214,White,M,31.5,3.2,FW,0.04,0.698511905,1
9215,White,F,35,2.9,FW,-0.69,0.713690476,1
9216,White,M,34,3.2,SE,0.35,0.729761905,1
9217,Asian,M,33,3.6,FW,1.28,0.755357143,1
9218,White,F,39,2.9,FW,0.49,0.763690476,1
9219,Asian,F,32,2.9,FW,-0.51,0.676190476,1
9221,White,F,30.5,3.3,Mt,-0.23,0.695535714,1
9222,White,F,33.5,3.5,FW,0.91,0.752083333,1
9224,White,F,33.5,3.2,FW,-0.32,0.723511905,1
9226,White,M,34,3.5,FW,0.38,0.758333333,1
9227,White,M,35,3.2,FW,-0.66,0.742261905,0
9228,White,M,32,3.3,FW,0.17,0.714285714,1
9229,White,M,31,3.4,FW,1.64,0.711309524,1
9230,Black,M,36,3.4,FW,0.83,0.773809524,1
9232,White,F,38,3.6,FW,1.01,0.817857143,1
9234,White,M,35,3.1,FW,0.6,0.732738095,1
9235,White,M,34,3.3,FW,0.22,0.739285714,1
9236,White,M,33,3,FW,0.4,0.698214286,1
9237,White,F,29.5,3,FW,0.01,0.654464286,1
9238,White,F,42,3.1,FW,1.18,0.820238095,1
9242,White,M,34,3,FW,0.4,0.710714286,1
9245,White,M,38,3.2,FW,0.01,0.779761905,1
9246,White,F,31,3.6,FW,0.56,0.730357143,1
9248,White,M,35,2.9,FW,1.7,0.713690476,1
9249,White,F,32,3.4,FW,0.22,0.723809524,1
9251,White,M,43,3.4,FW,0.73,0.861309524,1
9253,Asian,M,36,3.6,FW,1.1,0.792857143,1
9254,White,F,39,2.8,FW,0.28,0.754166667,0
9255,White,F,28,3.2,FW,-0.23,0.654761905,1
9256,White,M,43,3,FW,0.89,0.823214286,1
9258,White,F,40,2.8,GL,0.33,0.766666667,1
9259,White,F,34,3.7,FW,0.22,0.777380952,0
9260,Hispanic,F,35,2.9,FW,-0.46,0.713690476,1
9261,Mexican,F,34,3.8,FW,-0.06,0.786904762,1
9262,White,F,39,3.5,FW,0.76,0.820833333,1
9263,Asian,F,34,2.9,FW,-0.51,0.701190476,1
9264,White,M,31,3,FW,-1.04,0.673214286,0
9265,Asian,F,31,3,FW,-0.39,0.673214286,1
9269,White,M,37,3.5,FW,1.82,0.795833333,1
9270,White,F,40,3.2,FW,0.26,0.804761905,1
9271,White,M,40,3.4,FW,-0.1,0.823809524,1
9272,Black,M,27,2.7,FW,-1.9,0.594642857,0
9273,White,M,43,3.6,FW,0.71,0.880357143,1
9274,White,F,36,2.8,SE,0.53,0.716666667,1
9275,White,M,41,3.3,FW,1.05,0.826785714,1
9277,White,F,38,3.7,FW,0.33,0.827380952,1
9278,White,F,39,3.4,FW,0.42,0.811309524,1
9279,White,F,39,2.9,FW,0.13,0.763690476,1
9280,White,F,37,3.4,FW,0.26,0.786309524,1
9281,Hispanic,F,34,2.7,FW,0.19,0.682142857,1
9283,White,M,47,3.2,FW,1.77,0.892261905,1
9284,Other,F,40,3.3,FW,1.39,0.814285714,1
9286,White,F,33,3.4,FW,-0.68,0.736309524,0
9287,Hispanic,F,32,3.5,FW,-0.51,0.733333333,0
9289,Black,M,27.5,3.3,FW,0.4,0.658035714,1
9291,White,M,46,3.4,FW,0.46,0.898809524,1
9294,White,F,42,3.1,FW,0.65,0.820238095,1
9295,White,F,41,2.4,FW,0.28,0.741071429,1
9296,White,M,36,2.9,FW,0.37,0.726190476,1
9297,White,F,33,3.4,SC,-0.24,0.736309524,1
9298,White,F,30,3.3,FW,-0.06,0.689285714,1
9299,White,M,38,3.1,NE,-0.59,0.770238095,1
9302,White,M,36,2.7,FW,0.06,0.707142857,1
9305,White,M,38,4,FW,1.39,0.855952381,1
9306,White,M,33,2.8,FW,0.44,0.679166667,1
9307,White,F,46,3.6,FW,0.74,0.917857143,1
9308,Asian,F,36,3.7,FW,0.64,0.802380952,1
9309,White,M,30,3.4,FW,-0.51,0.698809524,0
9310,White,M,31,3,FW,-0.39,0.673214286,0
9311,White,F,30.5,3.3,FW,0.21,0.695535714,1
9312,White,M,28,3.7,FW,-0.62,0.702380952,1
9313,White,F,33,3.1,FW,0.12,0.707738095,1
9314,White,M,32,3,FW,0.55,0.685714286,1
9316,White,F,36,3.5,FW,0.83,0.783333333,1
9317,White,F,34,3.4,FW,1.07,0.748809524,1
9318,White,F,31,3.4,NE,-0.36,0.711309524,1
9319,White,F,40,3.6,NE,-0.3,0.842857143,1
9320,White,M,42,3.1,NE,-0.39,0.820238095,1
9321,White,F,42,3.4,NE,-0.84,0.848809524,1
9322,White,F,45,2.9,NE,-0.39,0.838690476,1
9323,Black,F,30,3.6,NG,0.36,0.717857143,1
9324,White,F,46,3.1,NE,1.42,0.870238095,1
9325,White,M,43,3.4,NE,2.11,0.861309524,1
9326,White,M,42,3.7,NE,0.29,0.877380952,1
9327,White,M,36,4,NE,-0.28,0.830952381,1
9328,White,F,25,3,NE,-1.54,0.598214286,0
9329,White,M,41,3.2,NE,0.55,0.817261905,1
9331,White,M,37,3.6,NE,0.77,0.805357143,1
9332,White,F,35.5,3.6,NE,-0.09,0.786607143,1
9333,White,F,48,2.8,GL,0.33,0.866666667,1
9334,White,F,43,3,SE,0.53,0.823214286,1
9337,White,F,43,3.1,NE,0.11,0.832738095,1
9338,White,F,43,3,NE,0.64,0.823214286,1
9339,Black,M,30,3.5,NE,-0.21,0.708333333,1
9340,White,F,42,3.7,NE,1.44,0.877380952,1
9341,White,F,40,3.6,NE,-0.78,0.842857143,1
9342,White,F,36,3.6,NE,0.94,0.792857143,1
9343,Asian,M,39.5,2.6,NE,0.44,0.741369048,1
9345,Asian,F,27,2.9,NE,-0.72,0.613690476,0
9346,Black,F,31,2.8,SE,-2.17,0.654166667,1
9348,White,M,39,2.9,NE,0.59,0.763690476,1
9349,Other,F,37,3.6,NE,0.29,0.805357143,1
9350,White,M,39,3.6,NE,0.85,0.830357143,1
9351,Black,M,32,2.6,NE,-0.65,0.647619048,1
9352,Asian,M,30,3.3,NE,-1.08,0.689285714,0
9353,Puertorican,F,26,3.1,NE,-2.06,0.620238095,0
9355,White,M,37,3.4,NE,1.81,0.786309524,1
9356,Asian,M,28,3.3,NE,0.85,0.664285714,1
9357,White,F,40,3.4,NE,0.87,0.823809524,0
9358,White,M,34,3.4,NE,0.66,0.748809524,1
9359,Black,F,25,2.1,NE,-2.54,0.5125,0
9360,Black,M,25,2.5,NE,-1.65,0.550595238,0
9361,White,M,34,3.4,NE,-0.43,0.748809524,1
9362,Asian,M,38,3.4,NE,0.01,0.798809524,1
9363,White,M,41,3.5,NE,-0.86,0.845833333,0
9364,Amerindian,F,24,2.5,SE,-2.41,0.538095238,0
9365,Asian,F,35,3,NE,-1.02,0.723214286,1
9366,Asian,M,39,2.9,SE,-0.62,0.763690476,1
9367,White,F,42,3.7,NE,0.59,0.877380952,1
9368,White,M,44,3.3,NE,-0.08,0.864285714,1
9369,White,F,40,3.4,NE,1.72,0.823809524,1
9370,White,F,42,3.6,NE,1.22,0.867857143,1
9371,White,F,36.5,3.6,NE,1.11,0.799107143,1
9373,White,F,45,3,NE,1.03,0.848214286,1
9374,Asian,M,29.5,3.4,NE,-0.93,0.692559524,1
9375,White,M,41,3.6,NE,0.05,0.855357143,1
9376,White,M,41,3.2,NE,0.92,0.817261905,1
9377,White,M,40,3.6,NE,0.83,0.842857143,1
9380,Asian,F,32,3,NE,0.79,0.685714286,1
9381,White,M,36,3.1,NE,-0.15,0.745238095,1
9382,White,M,39,3.6,NE,0.16,0.830357143,1
9383,White,M,34,3.9,NE,0.55,0.796428571,1
9386,White,F,47,2.5,NE,-0.76,0.825595238,1
9387,White,F,43,3,NE,-0.23,0.823214286,0
9388,Hispanic,M,35,3.1,NE,-0.67,0.732738095,1
9390,Hispanic,F,42,3.3,NE,-0.34,0.839285714,1
9391,White,F,46,2.4,NE,0.68,0.803571429,1
9392,Puertorican,M,34,3.7,NE,0.98,0.777380952,1
9395,White,M,43.5,3,NE,0.18,0.829464286,1
9396,White,F,39,3.2,NE,-0.02,0.792261905,1
9397,White,F,39.5,3.7,NE,0.2,0.846130952,1
9398,White,F,42,3.5,NG,0.07,0.858333333,1
9399,White,F,40,3.4,NE,0.03,0.823809524,1
9401,White,F,39,3.6,NG,-0.58,0.830357143,1
9402,White,M,42,3.4,NE,0.09,0.848809524,1
9403,Hispanic,F,21,2.9,NE,-1.78,0.538690476,0
9404,White,F,43,3,NE,0.03,0.823214286,1
9405,White,F,40,3.2,NE,0.94,0.804761905,1
9406,White,F,37,3.6,NE,0.66,0.805357143,1
9407,White,F,37,3,NE,0.72,0.748214286,1
9408,White,F,40,3.1,NE,1.27,0.795238095,1
9409,White,M,37,3.9,NE,0.16,0.833928571,1
9410,White,F,45,3.1,NE,0.79,0.857738095,1
9411,White,M,34,3.1,NE,0.35,0.720238095,1
9413,White,F,38,3.4,NE,-1.39,0.798809524,1
9414,Hispanic,M,28,3.2,NE,-0.67,0.654761905,0
9417,White,M,37,3.4,NE,-0.47,0.786309524,1
9418,White,F,39.5,3.4,NE,0.87,0.817559524,1
9419,White,F,45,2.3,NE,0.59,0.781547619,1
9420,White,F,41,3.6,NE,0.48,0.855357143,1
9421,White,M,41,3.6,NE,-1.02,0.855357143,1
9422,White,M,42,3.3,NE,-1.26,0.839285714,1
9423,Black,M,28,3.1,NE,-0.58,0.645238095,1
9424,Black,F,28,3.1,NE,-2.17,0.645238095,0
9425,White,F,38,4,NE,0.59,0.855952381,1
9427,White,F,42,3.5,NE,1.42,0.858333333,1
9428,Black,M,30,3.2,NE,-1.49,0.679761905,0
9430,Puertorican,F,38,2.6,NE,0.4,0.722619048,1
9431,White,F,39,3.5,NE,-0.71,0.820833333,1
9433,Amerindian,M,29,3,NE,-2.84,0.648214286,1
9435,White,F,28,3.1,NE,-1.82,0.645238095,0
9436,White,F,47,3,NE,-0.34,0.873214286,1
9438,White,F,41,3,NE,-0.39,0.798214286,1
9443,Black,F,37,2.9,NE,-0.76,0.738690476,1
9445,Black,M,36,2.8,NE,0.31,0.716666667,1
9446,White,F,39,3.4,NE,0.29,0.811309524,1
9448,White,F,38,3.7,NE,0.01,0.827380952,1
9451,White,M,44,3.2,NE,0.98,0.854761905,1
9452,White,M,43,3,GL,1.05,0.823214286,1
9453,White,F,44,3.5,NE,-0.69,0.883333333,1
9459,White,F,41,3.3,NE,0.2,0.826785714,1
9460,White,F,44,3.2,NE,-0.34,0.854761905,1
9461,White,F,40,3.3,NE,0.55,0.814285714,1
9463,White,F,41,3.4,NE,1.42,0.836309524,1
9464,White,M,42,3.3,NE,0.24,0.839285714,1
9465,White,M,38,3.6,NE,0.57,0.817857143,1
9466,White,M,39,2.9,NE,0.57,0.763690476,1
9468,White,M,40,3.6,NE,0.79,0.842857143,1
9469,White,M,41,3.6,NE,1.09,0.855357143,1
9470,Hispanic,M,41,3.4,NE,-0.02,0.836309524,1
9472,White,M,43,4,NE,1.93,0.918452381,1
9473,White,F,42,3,NE,0.55,0.810714286,1
9474,Asian,M,32.5,3.5,NE,0.16,0.739583333,1
9475,White,F,45,3.3,NE,0.7,0.876785714,1
9476,White,M,40,3,NE,0.22,0.785714286,1
9477,White,M,40,3.4,NE,1.35,0.823809524,1
9478,White,M,40,3.5,NE,0.92,0.833333333,1
9479,White,F,39,3.5,NE,2.07,0.820833333,1
9480,White,F,40,3.1,NE,0.94,0.795238095,1
9481,White,F,39,4,NE,1.77,0.868452381,1
9482,White,F,45,3,NE,1.16,0.848214286,1
9483,White,M,42,3.5,NE,-0.02,0.858333333,1
9485,Asian,F,39,2.8,NE,-0.6,0.754166667,0
9486,White,F,34,3.5,NE,0.42,0.758333333,1
9487,White,M,42,3.5,NE,-0.73,0.858333333,1
9488,White,M,41,3.9,NE,0.87,0.883928571,1
9489,White,M,42,3.2,NE,-0.49,0.829761905,1
9490,White,M,44,3.4,NE,-0.65,0.873809524,1
9491,White,F,39,3.5,NE,-0.08,0.820833333,1
9492,White,F,41,3.4,NE,1.57,0.836309524,1
9493,White,F,39,3.5,NE,0.85,0.820833333,1
9494,Asian,F,30,3.1,NE,-0.1,0.670238095,1
9495,White,F,39,3.3,NE,-0.1,0.801785714,1
9496,White,F,41,3.2,NE,0.9,0.817261905,1
9497,White,F,38,3.7,NE,0.87,0.827380952,1
9498,White,F,40,3.3,NE,0.16,0.814285714,1
9499,Puertorican,M,20.3,2.4,NE,-2.19,0.482321429,0
9500,Asian,F,39,2.9,NE,0.2,0.763690476,1
9501,White,F,41,3.4,NE,1.09,0.836309524,1
9502,White,F,41,3.2,MS,0.09,0.817261905,0
9503,Other,M,36,3.6,NE,0.33,0.792857143,1
9504,Black,F,30,2.6,SE,-0.97,0.622619048,0
9505,White,M,35,3,NE,-0.6,0.723214286,1
9510,White,F,42,3.2,GL,-0.18,0.829761905,1
9513,White,F,43,3.6,MW,2.11,0.880357143,1
9514,White,F,39,3.6,GL,1.04,0.830357143,1
9517,White,F,42,3.4,NE,2.05,0.848809524,1
9519,White,M,40,3,GL,0.94,0.785714286,1
9528,White,M,37,3.9,GL,-0.49,0.833928571,1
9530,White,F,44,3,GL,0.48,0.835714286,1
9533,White,F,40,3.2,GL,-0.42,0.804761905,1
9537,White,M,38,3.9,GL,2,0.846428571,1
9539,White,F,42,3.2,GL,0.04,0.829761905,1
9541,White,F,35,3.7,NE,-0.85,0.789880952,1
9545,White,F,43,3.7,GL,0.25,0.889880952,1
9553,White,F,47,2.8,GL,-0.58,0.854166667,1
9556,White,F,44,3.2,Mt,-1.23,0.854761905,1
9561,Asian,M,42,3.3,NE,0.35,0.839285714,1
9567,White,M,38,3.3,NE,0.33,0.789285714,1
9572,White,M,41,3.1,NG,-0.61,0.807738095,1
9573,White,M,39,3.3,NE,-0.22,0.801785714,1
9585,White,F,37,3,FW,-0.37,0.748214286,1
9587,White,M,36,3.8,GL,0.19,0.811904762,1
9588,White,M,44,3.7,GL,0.78,0.902380952,1
9589,White,F,40,3,GL,-0.02,0.785714286,1
9591,White,M,39,3.5,GL,-0.01,0.820833333,1
9594,White,F,36.5,3.6,FW,-0.1,0.799107143,1
9598,White,M,47,3.1,NE,0.1,0.882738095,1
9599,White,M,40,3.4,GL,0.07,0.823809524,1
9602,White,F,40,3.8,NE,1.27,0.861904762,1
9608,White,M,44,3.2,MS,-0.23,0.854761905,1
9609,White,M,39,3.7,MW,0,0.839880952,1
9611,Black,M,30,2.6,NE,-0.33,0.622619048,1
9612,White,M,36.5,3.1,NE,1.52,0.751488095,1
9618,White,F,39,3.4,NE,0.16,0.811309524,1
9621,White,M,45,3.4,FW,0.78,0.886309524,1
9622,White,F,42,2.9,Mt,0.24,0.801190476,1
9630,White,F,42,3.2,FW,-0.24,0.829761905,1
9632,White,F,40,3.3,GL,-0.33,0.814285714,1
9633,White,F,42,3.1,GL,-0.07,0.820238095,1
9634,White,M,40,3.2,MW,0.92,0.804761905,1
9636,Asian,M,35,3.4,FW,-0.07,0.761309524,1
9637,White,M,42,3.7,GL,1.26,0.877380952,1
9638,White,M,36,3.5,Mt,-0.78,0.783333333,1
9641,White,F,41.5,3.3,NE,1.83,0.833035714,1
9644,White,M,44,3.4,NE,2.21,0.873809524,1
9645,White,F,32,2.4,MS,-1.15,0.628571429,1
9648,White,M,39,3.5,MW,0.89,0.820833333,1
9650,Mexican,F,29.5,3.2,SC,-0.02,0.673511905,1
9651,White,M,45,3.5,FW,2.09,0.895833333,1
9656,White,F,41,3.2,GL,0.32,0.817261905,1
9657,Mexican,M,28,2.9,Mt,-0.66,0.626190476,0
9662,White,F,42,3,NE,0.15,0.810714286,1
9665,White,F,35,3.8,NE,-0.15,0.799404762,1
9674,Black,M,25,3.3,NE,-0.09,0.626785714,0
9678,White,M,43,3.4,GL,2.11,0.861309524,1
9684,Mexican,F,32,2.7,GL,-2.22,0.657142857,1
9685,Asian,M,43,3.1,NE,-2.84,0.832738095,1
9687,White,M,39,3.4,GL,-0.41,0.811309524,1
9693,White,F,43,3.8,GL,1.76,0.899404762,1
9694,White,F,39,3.8,GL,0.41,0.849404762,1
9698,White,F,38,3.5,NE,0.13,0.808333333,1
9702,White,F,37,3.9,GL,-0.24,0.833928571,1
9708,White,M,39,2.8,NE,-0.63,0.754166667,1
9709,White,M,36,3.7,NE,-0.5,0.802380952,1
9712,White,F,40,3.6,GL,1.09,0.842857143,1
9714,White,M,44.5,3.1,GL,-0.19,0.851488095,1
9717,White,F,42,3.5,GL,0.92,0.858333333,1
9718,Black,F,26,2.9,MS,-1.7,0.601190476,0
9720,Amerindian,M,30,2.8,SC,-1.81,0.641666667,0
9721,White,F,43,3.5,GL,0.62,0.870833333,1
9723,Black,M,22,3,SE,-2.04,0.560714286,0
9726,Hispanic,F,22.5,3.1,SE,-0.65,0.576488095,0
9728,White,F,39,3.6,FW,-0.05,0.830357143,1
9729,Black,M,29,2.8,GL,-0.96,0.629166667,1
9733,White,F,45,3.1,GL,0.06,0.857738095,1
9741,White,M,40,3.2,FW,0.88,0.804761905,1
9744,White,M,37,3.5,FW,0.3,0.795833333,1
9745,Hispanic,M,38,3.8,SC,1.3,0.836904762,1
9746,White,F,41,3.2,GL,-1.57,0.817261905,1
9757,White,M,42,3.8,Mt,0.16,0.886904762,1
9761,White,M,39,3.7,NE,0.16,0.839880952,1
9762,Puertorican,F,27,3.6,NE,-1.9,0.680357143,0
9766,White,F,44,3.4,GL,0.43,0.873809524,1
9778,White,F,27,4,SC,-0.11,0.718452381,1
9780,White,F,41,2.7,SC,0.84,0.769642857,1
9782,White,M,37,3.1,SC,-0.37,0.757738095,1
9786,White,M,35,3,SC,-0.16,0.723214286,1
9793,White,F,33,3.4,SC,0.52,0.736309524,1
9796,White,M,29,3.6,SC,0.45,0.705357143,1
9797,White,F,27.5,3.1,SC,0.25,0.638988095,1
9799,White,M,42,3.1,SC,0.16,0.820238095,1
9803,White,M,37,3.4,SC,1.14,0.786309524,1
9804,White,F,28,3.4,SC,-0.56,0.673809524,1
9805,White,F,27,3.4,SC,-0.73,0.661309524,1
9806,White,F,35,3,SC,-0.03,0.723214286,1
9811,White,M,38,3.6,SC,0.81,0.817857143,1
9812,Asian,F,29,3.5,SC,0.04,0.695833333,1
9815,White,F,36,3,SC,0.61,0.735714286,1
9818,White,F,37,2.6,SC,-0.16,0.710119048,1
9819,White,M,30,3.7,SC,1.66,0.727380952,1
9820,White,F,27,3.4,SC,-0.62,0.661309524,1
9821,White,M,32,3.6,SC,1.75,0.742857143,1
9823,White,M,37.5,2.8,SC,1.9,0.735416667,1
9825,White,M,40,3.2,SC,0.56,0.804761905,1
9826,White,F,36,3.3,SC,-0.46,0.764285714,1
9829,White,F,33,3.4,SC,-0.53,0.736309524,1
9830,White,M,31,3.2,GL,0.32,0.692261905,1
9832,White,F,36,2.1,SC,0.22,0.65,1
9835,White,F,34,3.7,SC,0.61,0.777380952,1
9836,White,F,29,3.8,SC,-0.03,0.724404762,1
9839,White,F,30,3.2,SC,-0.16,0.679761905,1
9841,White,M,33,3.8,SC,1.5,0.774404762,1
9842,White,M,33,3.9,SC,1.7,0.783928571,1
9843,White,M,36.5,3.7,SC,1.61,0.808630952,1
9844,White,F,36,3.1,SC,-0.77,0.745238095,1
9845,White,M,34,3.3,SC,1.31,0.739285714,1
9847,White,M,30,3.3,SC,-0.48,0.689285714,1
9848,White,M,39,3.5,SC,1.13,0.820833333,1
9849,White,M,34,3.9,SC,1.22,0.796428571,1
9850,White,M,33,3.5,SC,0.38,0.745833333,1
9851,White,F,33,3,SC,1.65,0.698214286,1
9852,White,M,35,3.6,SC,1.06,0.780357143,1
9854,White,M,38,3.3,SC,0.36,0.789285714,1
9855,White,M,35,3.3,SC,-0.14,0.751785714,1
9856,White,M,35,3.1,SC,0.25,0.732738095,1
9857,White,M,32,3.8,SC,-0.32,0.761904762,1
9859,Black,M,22,3.3,SC,-0.16,0.589285714,1
9860,White,M,34,3.2,Mt,0.38,0.729761905,0
9861,White,F,33,3.2,SC,-0.16,0.717261905,1
9862,White,M,39,3.6,SC,1.88,0.830357143,1
9863,White,M,29,3.4,MS,0.54,0.686309524,1
9864,White,F,31,3.2,SC,0.04,0.692261905,1
9865,Black,M,24,2.5,SC,-1.28,0.538095238,1
9868,White,F,36,3,SC,-0.62,0.735714286,1
9870,White,M,32,4,SC,1.29,0.780952381,1
9872,White,F,36,3.2,SC,0.32,0.754761905,1
9873,White,M,30.5,3.5,SC,0.78,0.714583333,1
9875,White,M,34,3.8,SC,1.29,0.786904762,1
9876,White,F,29,3.7,SC,0.98,0.714880952,1
9878,White,M,30,3.4,SC,-0.27,0.698809524,1
10060,White,F,43,3.5,NE,0.2,0.870833333,1
10062,White,F,45,3.4,NE,0.97,0.886309524,1
10063,White,F,41,3.6,NE,1.27,0.855357143,1
10064,White,F,48,3.7,Mt,2.02,0.952380952,1
10065,White,F,44,3.3,FW,0.1,0.864285714,1
10066,Other,M,44,3.5,FW,-0.2,0.883333333,1
10067,Mexican,F,30.5,3,FW,-1.99,0.666964286,0
10069,Asian,M,43,3.6,FW,-0.87,0.880357143,1
10070,White,F,45,3.7,FW,1.67,0.914880952,1
10071,Black,F,42,2.7,FW,0.57,0.782142857,1
10072,Mexican,F,34,3.2,FW,-1.6,0.729761905,0
10073,Asian,M,37,3.6,FW,-0.66,0.805357143,1
10074,Asian,F,35,3.2,FW,-0.34,0.742261905,1
10075,White,M,41,4,NE,1.29,0.893452381,1
10076,White,F,44,3.6,FW,-0.09,0.892857143,1
10077,White,F,46,3.7,FW,1.12,0.927380952,1
10078,White,M,44,4,FW,-0.43,0.930952381,1
10079,Mexican,F,33,3.1,FW,-1.31,0.707738095,1
10080,Other,F,43,3.7,FW,0.31,0.889880952,1
10081,White,F,40.5,3.8,FW,-0.92,0.868154762,1
10082,White,F,47,3.6,FW,0.46,0.930357143,1
10083,White,M,42,3.9,FW,0.06,0.896428571,1
10084,White,M,48,3.7,FW,1.11,0.952380952,1
10085,White,M,42,3.7,FW,0.34,0.877380952,1
10086,White,F,46,3.3,FW,1.05,0.889285714,1
10087,White,F,42,3.6,FW,-0.43,0.867857143,1
10088,Asian,F,34,3.3,FW,-0.17,0.739285714,1
10090,White,F,44,3.4,FW,1.16,0.873809524,1
10091,White,F,43,3.8,NE,-0.3,0.899404762,1
10093,White,F,42,3.8,FW,-0.98,0.886904762,1
10094,White,F,43,3.9,FW,1.64,0.908928571,1
10095,Black,F,32,3,FW,-1.77,0.685714286,0
10096,Mexican,M,34,3.3,FW,-0.71,0.739285714,1
10097,Asian,M,37,2.7,FW,-1.01,0.719642857,1
10098,Mexican,F,39,3,FW,-0.9,0.773214286,1
10100,White,M,45,3.6,FW,0.06,0.905357143,1
10101,White,F,46,3.5,FW,1.3,0.908333333,1
10102,White,M,44,3.5,NE,-0.78,0.883333333,1
10103,Black,F,31.5,3.2,FW,-1.49,0.698511905,1
10104,White,F,40,3.7,FW,0.14,0.852380952,1
10105,Hispanic,M,32,3.4,FW,-1.13,0.723809524,0
10106,Asian,M,42,3.7,FW,-0.48,0.877380952,1
10107,White,M,46,3.2,Mt,-0.85,0.879761905,1
10108,White,M,43,3.4,FW,-0.35,0.861309524,1
10109,White,F,46,3.4,FW,0.7,0.898809524,1
10110,White,F,42,3.4,FW,0.69,0.848809524,1
10111,White,F,45,3.6,FW,0.55,0.905357143,1
10112,White,M,41,3.8,FW,0.7,0.874404762,1
10113,White,M,39,4,FW,0.21,0.868452381,1
10114,White,F,45,3.4,MS,-0.3,0.886309524,1
10115,White,F,44,3.5,NE,1,0.883333333,1
10116,White,F,43,3.4,FW,1.29,0.861309524,1
10117,White,M,45,3.6,FW,0.37,0.905357143,1
10118,White,M,43,3.3,FW,0.51,0.851785714,1
10119,White,F,45,3.5,FW,0.23,0.895833333,1
10120,Mexican,F,36,3.1,FW,-0.14,0.745238095,1
10121,White,F,44,3.4,FW,-0.02,0.873809524,1
10122,Asian,F,42,3.7,FW,-0.19,0.877380952,1
10123,Amerindian,F,39.5,3.2,FW,-0.09,0.798511905,1
10124,White,F,44,3.6,FW,1.54,0.892857143,1
10125,White,M,44,3.7,FW,0.32,0.902380952,1
10126,White,M,40,3.8,FW,1.21,0.861904762,1
10127,Mexican,F,36.5,3.1,FW,-0.22,0.751488095,1
10128,White,M,45,3.5,FW,-0.22,0.895833333,1
10129,White,F,40,3.9,FW,-0.03,0.871428571,1
10130,Black,F,34,2.7,FW,0.43,0.682142857,0
10131,White,F,48,3.5,FW,0.85,0.933333333,1
10132,White,M,45,3.9,FW,0.2,0.933928571,1
10134,White,M,45,3.8,FW,-1.13,0.924404762,1
10135,White,F,41,3.8,FW,-0.08,0.874404762,1
10136,Asian,M,44,4,FW,1.79,0.930952381,1
10137,White,M,44,3.5,FW,-0.15,0.883333333,1
10138,White,F,41,3.5,SC,0.26,0.845833333,1
10141,White,F,43,3.8,FW,0.31,0.899404762,1
10142,White,F,46,3.5,FW,0.48,0.908333333,1
10143,White,F,41,3.8,FW,1.17,0.874404762,1
10144,White,F,46,3.8,FW,0.03,0.936904762,1
10145,Asian,M,43,3.4,FW,-0.8,0.861309524,1
10146,White,F,45,3.6,GL,1.16,0.905357143,1
10147,White,F,42.5,3.7,FW,-0.46,0.883630952,1
10148,Mexican,F,39,3,FW,0.22,0.773214286,1
10150,Black,F,40,2.8,FW,-1.43,0.766666667,1
10151,White,F,45,4,FW,1.71,0.943452381,1
10152,White,F,45,3.4,NE,-0.29,0.886309524,1
10153,Hispanic,F,42,3.6,FW,1.11,0.867857143,1
10154,Mexican,M,34,3.2,FW,-1.49,0.729761905,0
10155,Hispanic,F,36,3,FW,-1.61,0.735714286,1
10156,Black,F,34,3.3,MS,-0.49,0.739285714,1
10157,Black,F,42,2.9,FW,0.96,0.801190476,1
10158,Asian,F,36,3.4,FW,-0.99,0.773809524,0
10159,Asian,M,40,3.6,FW,-0.09,0.842857143,1
10162,White,M,35,3.6,Mt,-0.57,0.780357143,1
10163,White,F,44,3.6,FW,0.55,0.892857143,1
10164,White,M,43,3.6,FW,1.36,0.880357143,1
10165,Other,F,44,3.5,FW,0.46,0.883333333,1
10166,White,F,42,3.7,FW,-0.17,0.877380952,1
10167,White,F,47,3.4,FW,0.32,0.911309524,1
10169,White,M,47,3.6,FW,0.39,0.930357143,1
10170,White,F,46,3.7,NE,-0.85,0.927380952,1
10171,Asian,M,36,3.3,FW,-0.25,0.764285714,1
10172,White,F,45,3.4,FW,0.62,0.886309524,1
10173,White,M,45,3.7,GL,1.51,0.914880952,1
10174,White,M,45,3.8,FW,1.98,0.924404762,1
10175,White,M,41.5,3.6,SC,-0.93,0.861607143,1
10176,White,M,43,3.8,FW,0.03,0.899404762,1
10177,White,F,46,3.4,FW,1.12,0.898809524,1
10179,White,F,47,3.4,FW,1.22,0.911309524,1
10180,Mexican,M,36,3.2,FW,-2.01,0.754761905,0
10181,White,F,40,3.9,SC,-0.01,0.871428571,1
10182,Asian,M,46,3.5,FW,-0.62,0.908333333,1
10183,White,F,45,3.6,FW,1.04,0.905357143,1
10184,White,M,41,3.7,FW,1.86,0.864880952,1
10185,Amerindian,M,32,2.9,FW,-1.22,0.676190476,0
10186,White,F,46,3.9,FW,0.92,0.946428571,1
10187,White,F,48,3.6,FW,0.84,0.942857143,1
10188,Mexican,F,36,3,FW,-0.56,0.735714286,1
10189,White,M,42,3.9,FW,1.3,0.896428571,1
10190,White,M,46,3.5,NE,0.32,0.908333333,1
10191,Asian,F,41,3.8,FW,-0.97,0.874404762,1
10192,White,F,40,3.9,FW,0.6,0.871428571,1
10193,White,F,48,3.5,NE,1.25,0.933333333,1
10194,Black,M,34,3.2,FW,-1.31,0.729761905,0
10195,White,M,42,3.7,FW,1.18,0.877380952,1
10196,Black,F,40,2.9,SE,-1.76,0.776190476,1
10197,Black,F,42,3,MS,-2.14,0.810714286,0
10198,White,F,45,3.7,FW,-1.29,0.914880952,1
10199,White,F,42,4,FW,1.48,0.905952381,1
10201,White,F,45,3.4,FW,-0.23,0.886309524,1
10202,White,M,47,3.2,FW,0.4,0.892261905,1
10203,White,F,42,3.7,FW,0.9,0.877380952,1
10204,White,M,42,3.5,FW,-0.81,0.858333333,1
10205,Asian,M,44,3.5,FW,-0.29,0.883333333,1
10206,White,F,48,3.7,FW,1.84,0.952380952,1
10209,White,F,45,3.9,FW,-0.47,0.933928571,1
10210,White,F,40,3.8,FW,-0.6,0.861904762,1
10211,White,M,48,2.8,FW,0.08,0.866666667,1
10212,White,F,42,3.1,FW,-0.43,0.820238095,1
10213,White,F,43,3.6,GL,0.63,0.880357143,1
10215,White,F,42,3.9,FW,-0.89,0.896428571,1
10216,Mexican,M,32,3.2,FW,-0.69,0.704761905,0
10217,White,F,48,3.5,FW,0.99,0.933333333,1
10218,Mexican,F,39,2.9,FW,-0.54,0.763690476,1
10219,White,F,43,3.5,NE,0.72,0.870833333,1
10220,White,F,42,3.6,FW,-0.19,0.867857143,1
10221,White,F,42,3.8,FW,1.44,0.886904762,1
10222,White,M,48,3.3,FW,-0.12,0.914285714,1
10223,White,F,42,3.8,FW,-0.01,0.886904762,1
10224,Asian,M,41,3.7,FW,-0.14,0.864880952,1
10227,Asian,F,45,3.8,FW,0.3,0.924404762,1
10228,Mexican,F,39,3.4,FW,-1.01,0.811309524,1
10229,Asian,F,46,2.9,FW,0.51,0.851190476,1
10230,Black,F,42,2.5,NE,-1.62,0.763095238,0
10231,White,F,43,3.5,FW,0.9,0.870833333,1
10232,White,M,48,3.6,FW,1.71,0.942857143,1
10233,White,F,42,3.4,FW,1.39,0.848809524,1
10234,White,M,47,3.5,FW,0.35,0.920833333,1
10235,White,F,42.5,3.4,FW,0.19,0.855059524,1
10236,White,F,44,3.2,FW,-0.23,0.854761905,1
10237,Black,M,34,3.1,FW,-1.85,0.720238095,0
10238,White,F,46,4,FW,0.24,0.955952381,1
10239,White,F,44,3.5,FW,-1.98,0.883333333,1
10240,Black,M,38,3.2,FW,-1.33,0.779761905,1
10241,White,M,44,3.6,FW,0.56,0.892857143,1
10243,Black,F,34,2.9,GL,-0.14,0.701190476,1
10244,Black,M,30.5,3.2,MS,-1.92,0.686011905,0
10245,Black,F,32,2.4,FW,-0.53,0.628571429,0
10246,Black,F,32,3.4,FW,-1.78,0.723809524,1
10247,White,F,48,3.5,FW,0.06,0.933333333,1
10248,White,F,47,3.4,FW,-0.06,0.911309524,1
10249,White,F,42,3.7,FW,-1.06,0.877380952,1
10251,White,F,43,3.7,FW,0.61,0.889880952,1
10252,Mexican,F,37,3,FW,-1.56,0.748214286,1
10253,White,F,43,3.9,FW,-0.32,0.908928571,1
10254,Asian,M,48,3.5,FW,2.41,0.933333333,1
10255,White,M,44,3.6,FW,1.38,0.892857143,1
10257,White,F,44,3.5,FW,0.32,0.883333333,0
10258,White,F,43,3.5,FW,-0.41,0.870833333,1
10259,Mexican,F,36,3.3,FW,-0.18,0.764285714,1
10260,Asian,F,40,3.7,FW,-1.06,0.852380952,0
10261,White,M,45,3.7,FW,1.04,0.914880952,1
10262,White,F,41,3.6,FW,1.06,0.855357143,1
10263,Mexican,F,37,3.2,FW,-0.86,0.767261905,1
10264,Hispanic,F,35,3.1,FW,-0.74,0.732738095,0
10265,Mexican,M,38,3,FW,-0.78,0.760714286,1
10266,Mexican,M,41,2.9,FW,0.21,0.788690476,1
10268,Asian,F,35,3.9,FW,-0.9,0.808928571,1
10269,Asian,F,42,2.6,FW,-0.94,0.772619048,0
10270,White,F,44,3.5,FW,1.63,0.883333333,1
10271,Black,F,47,2.5,FW,-0.47,0.825595238,1
10272,White,F,45,3.7,FW,-0.12,0.914880952,1
10273,Asian,F,42,3.4,FW,-1.21,0.848809524,1
10274,White,F,48,3.8,FW,1.3,0.961904762,1
10275,White,M,41,3.8,FW,0.14,0.874404762,1
10276,White,F,45,3.8,FW,0.2,0.924404762,1
10277,White,F,45,3.7,FW,-0.24,0.914880952,1
10278,White,F,45,3.5,FW,1.61,0.895833333,1
10279,White,F,44,4,FW,0.1,0.930952381,1
10280,Mexican,M,44,3.3,FW,0.16,0.864285714,1
10281,Asian,M,44,3.5,FW,-0.21,0.883333333,1
10282,Mexican,F,44,3.1,FW,0.64,0.845238095,1
10283,White,F,45,3.3,FW,-0.46,0.876785714,1
10284,Asian,M,45,3.6,FW,0.39,0.905357143,1
10285,Asian,F,44,3.5,FW,-0.54,0.883333333,1
10286,Hispanic,M,42,3.6,FW,1.5,0.867857143,1
10287,Asian,F,36,3.2,FW,-0.91,0.754761905,1
10289,White,M,41,3.7,FW,0.22,0.864880952,1
10290,Mexican,F,41,3.2,FW,-0.76,0.817261905,1
10291,Asian,F,38,3.2,NE,-0.35,0.779761905,1
10292,Other,M,37,3.5,FW,-1.35,0.795833333,0
10293,White,F,46,3.3,FW,0.94,0.889285714,1
10294,White,M,40.5,3.7,FW,0.83,0.858630952,1
10295,White,F,46,3.4,FW,0.59,0.898809524,1
10296,White,F,41,3.8,FW,0.14,0.874404762,1
10297,White,F,44,3.9,FW,0.19,0.921428571,1
10298,White,M,44,3.7,FW,-0.62,0.902380952,1
10299,White,M,44,3.4,FW,0.59,0.873809524,1
10300,White,M,30,3.2,Mt,-1.03,0.679761905,1
10301,Hispanic,F,39,3.5,Mt,-0.16,0.820833333,0
10303,White,F,32.5,3.8,FW,-0.08,0.768154762,1
10304,Hispanic,F,28,3.4,Mt,-2.23,0.673809524,0
10306,White,F,42,3.6,Mt,0.91,0.867857143,1
10307,Amerindian,F,29,1.9,NG,-0.81,0.543452381,1
10308,White,F,43,3.7,Mt,0.48,0.889880952,1
10309,White,M,48,3.4,Mt,0.91,0.923809524,1
10310,White,F,42,3.9,Mt,0.39,0.896428571,1
10311,White,M,40,3.9,Mt,2.22,0.871428571,1
10312,White,M,37,3.6,Mt,-0.55,0.805357143,1
10314,White,M,36,3.8,Mt,1.41,0.811904762,1
10315,White,F,36,3.5,FW,0.39,0.783333333,1
10316,Other,M,31.5,3.6,Mt,-1,0.736607143,1
10318,Hispanic,M,25,2.9,Mt,-0.94,0.588690476,1
10319,White,M,41,3.6,FW,1.45,0.855357143,1
10320,White,M,39,3.2,Mt,-0.6,0.792261905,1
10321,White,M,33,3.7,SC,0.27,0.764880952,1
10322,White,F,38,3.9,Mt,0.2,0.846428571,1
10324,White,M,38,3.5,Mt,-0.36,0.808333333,1
10325,White,F,35,4,Mt,0.33,0.818452381,1
10326,White,M,35,3.7,Mt,0.74,0.789880952,1
10328,White,F,43,3.3,Mt,1.62,0.851785714,1
10329,White,F,41,3.6,Mt,-0.06,0.855357143,1
10330,White,M,35,3.8,Mt,-1.03,0.799404762,1
10331,White,F,39,3.3,Mt,1.32,0.801785714,1
10332,White,F,40,2.7,Mt,-0.87,0.757142857,1
10333,White,F,39,3.6,FW,1.1,0.830357143,1
10334,White,F,39,3.7,Mt,-0.04,0.839880952,1
10335,White,M,34,3.5,Mt,-0.62,0.758333333,1
10336,Asian,M,29,3.2,Mt,-1.24,0.667261905,1
10337,White,M,44,3.4,Mt,1.45,0.873809524,1
10338,White,F,37,3.9,Mt,0.5,0.833928571,1
10339,White,F,39,3.9,Mt,1.51,0.858928571,1
10340,White,F,42,3.7,Mt,0.01,0.877380952,1
10341,White,F,40,3.7,Mt,0.24,0.852380952,1
10342,White,M,34,3.5,Mt,-0.9,0.758333333,1
10343,White,M,39,3.3,Mt,-0.72,0.801785714,0
10344,White,F,40,3.7,GL,-0.96,0.852380952,1
10345,White,F,47,3.1,Mt,0.76,0.882738095,1
10346,White,M,35,3.7,Mt,-1.35,0.789880952,1
10347,White,F,41,3.6,Mt,1.04,0.855357143,1
10348,White,M,37,2.8,Mt,-0.34,0.729166667,1
10349,White,F,42,2.8,Mt,-0.81,0.791666667,1
10350,White,F,39,3.3,Mt,-0.79,0.801785714,1
10351,White,M,39,3.4,Mt,-1.28,0.811309524,1
10352,White,F,40,3.7,Mt,0.76,0.852380952,1
10353,Mexican,F,25,2.7,MS,-2.08,0.569642857,0
10354,White,F,32,3,Mt,0.5,0.685714286,1
10355,White,F,42,3.4,Mt,0.8,0.848809524,1
10356,White,M,44,3.9,Mt,0.97,0.921428571,1
10357,White,M,38,3.1,Mt,-0.01,0.770238095,1
10358,White,F,38,3.9,Mt,0.35,0.846428571,1
10359,Asian,M,31,2.9,FW,-2.79,0.663690476,0
10360,White,F,45,2.8,Mt,-0.08,0.829166667,1
10361,White,M,39,3.8,Mt,-2.14,0.849404762,0
10362,White,F,40,3.8,MS,-0.68,0.861904762,0
10363,White,M,39,3.5,Mt,-1.11,0.820833333,1
10364,Mexican,F,39,2.8,Mt,0.11,0.754166667,1
10365,White,F,39,3.4,FW,0.29,0.811309524,1
10366,White,F,35,3.6,Mt,1.73,0.780357143,1
10367,White,M,42,3.4,NG,-0.25,0.848809524,1
10368,White,M,46,2.6,Mt,0.97,0.822619048,1
10369,White,F,33,3.4,NE,0.89,0.736309524,1
10370,White,F,38,3.6,Mt,0.57,0.817857143,1
10371,White,F,36,3.8,Mt,-0.44,0.811904762,1
10372,White,F,40,3,Mt,-0.77,0.785714286,1
10373,White,M,37,3.7,FW,0.59,0.814880952,1
10374,White,M,42,3.1,Mt,-0.12,0.820238095,1
10375,White,F,37.5,3.4,MS,-0.08,0.792559524,1
10377,White,M,38,3.3,Mt,-0.83,0.789285714,1
10379,White,M,38,3.3,Mt,-0.75,0.789285714,1
10380,White,F,33,3.6,Mt,0.18,0.755357143,1
10381,White,F,39,3.3,Mt,1.79,0.801785714,1
10382,White,F,47,2.8,Mt,0.82,0.854166667,1
10383,White,F,39,3.5,Mt,-0.68,0.820833333,1
10385,White,F,39.5,2.8,Mt,-1.05,0.760416667,1
10386,White,F,36,3.4,FW,1.15,0.773809524,1
10387,White,F,39,3.4,Mt,2.14,0.811309524,1
10388,White,F,37,2.7,Mt,0.76,0.719642857,1
10389,White,M,33,3.6,Mt,-0.62,0.755357143,1
10390,White,F,42,3.1,Mt,0.01,0.820238095,1
10391,White,F,42,3.4,Mt,0.01,0.848809524,1
10392,White,M,36,3.5,Mt,1.02,0.783333333,1
10393,White,M,37,3.5,SC,0.54,0.795833333,1
10394,White,F,36,3.7,Mt,-0.42,0.802380952,1
10395,White,F,35,3.6,Mt,-0.42,0.780357143,1
10396,White,M,43,3.3,Mt,0.67,0.851785714,1
10398,White,F,41,3.9,Mt,1,0.883928571,1
10399,White,F,42,3.9,Mt,0.82,0.896428571,1
10400,Other,M,30,3.5,Mt,-0.47,0.708333333,1
10401,Puertorican,M,36,2.9,FW,-0.21,0.726190476,0
10402,White,F,37,3.8,Mt,0.85,0.824404762,1
10403,Hispanic,F,31,3.2,FW,0.07,0.692261905,1
10404,White,F,40,3.1,Mt,0.22,0.795238095,1
10405,White,F,34.5,2.9,Mt,0.16,0.707440476,1
10406,White,F,40,3.4,Mt,1.38,0.823809524,1
10407,White,M,42,2.8,Mt,0.37,0.791666667,1
10408,White,F,42.5,3,Mt,2.18,0.816964286,1
10409,White,M,38,3.4,NW,0.14,0.798809524,1
10410,White,F,41,3.3,Mt,0.24,0.826785714,1
10411,White,M,41,2.8,Mt,-0.79,0.779166667,1
10412,White,M,33,3.8,Mt,-0.06,0.774404762,1
10413,White,M,41,3,FW,-0.53,0.798214286,1
10414,White,F,34,3,MW,0.9,0.710714286,1
10415,White,F,37,3.6,Mt,0.61,0.805357143,1
10417,White,M,38,3.5,NW,1.16,0.808333333,1
10418,White,F,39,3.2,FW,0.27,0.792261905,1
10419,White,F,39,2.6,FW,0.69,0.735119048,1
10420,White,M,40,3,FW,-0.31,0.785714286,1
10421,White,F,33,2.3,MS,-0.26,0.631547619,0
10422,White,M,29,2.7,FW,-2.09,0.619642857,1
10424,Asian,F,28,3.4,FW,-0.81,0.673809524,1
10426,White,M,37,3.4,FW,0.03,0.786309524,1
10427,White,M,35,3.5,FW,-0.6,0.770833333,1
10429,White,F,37,3.4,FW,0.27,0.786309524,1
10431,White,M,37,3.5,FW,-0.28,0.795833333,1
10433,White,F,38,3.2,FW,-0.36,0.779761905,1
10434,White,F,29,3,MW,0.22,0.648214286,1
10435,White,F,41,3.8,FW,1.03,0.874404762,1
10436,White,M,42,3.6,FW,0.16,0.867857143,1
10437,White,M,38,3.5,FW,1.29,0.808333333,1
10438,White,F,37,3,FW,0.74,0.748214286,1
10439,White,M,43,3,FW,0.58,0.823214286,1
10440,White,M,37,3.6,FW,2.21,0.805357143,1
10441,White,M,38.5,2.8,FW,0.63,0.747916667,1
10444,White,F,41,3.4,MW,-0.48,0.836309524,1
10445,White,F,33.5,2.7,FW,-0.97,0.675892857,1
10446,Asian,F,34,3.1,FW,-0.78,0.720238095,1
10447,White,F,39,2.4,FW,-0.76,0.716071429,1
10452,White,M,33,3.1,FW,0.61,0.707738095,0
10453,Black,M,24,3.2,FW,-1.78,0.604761905,0
10454,White,M,39,3.1,FW,0.56,0.782738095,1
10456,White,F,33,3.5,FW,0.69,0.745833333,1
10457,White,M,42,2.8,FW,0.92,0.791666667,0
10458,Asian,M,35,3.5,FW,-0.65,0.770833333,1
10459,White,F,40,2.3,Mt,-1.07,0.719047619,1
10460,White,M,29.5,3.2,FW,-0.63,0.673511905,1
10461,White,M,40,3.8,FW,1.32,0.861904762,1
10462,White,F,39,2.4,FW,-0.55,0.716071429,0
10465,White,M,37.5,3.5,FW,0.29,0.802083333,1
10466,White,M,33.7,2.6,FW,-0.99,0.668869048,1
10467,White,M,38,3.3,FW,-0.65,0.789285714,1
10468,White,M,33,3.5,FW,0.14,0.745833333,1
10469,White,F,32,2.8,FW,0.16,0.666666667,1
10470,White,M,40,3.1,FW,0.84,0.795238095,1
10471,White,M,31,3.5,MW,0.61,0.720833333,1
10472,White,M,42,3.5,FW,2.5,0.858333333,1
10474,White,M,47,3.9,FW,1.89,0.958928571,1
10475,White,M,42,3.2,FW,1,0.829761905,1
10476,Asian,F,39,3,FW,-0.1,0.773214286,1
10477,Asian,M,29,2.8,FW,0.08,0.629166667,1
10480,White,F,36,2.9,MW,2.15,0.726190476,1
10482,White,M,38,3.3,FW,0.61,0.789285714,1
10483,White,F,36,3.2,FW,0.77,0.754761905,1
10485,White,M,37,3.2,GL,0.11,0.767261905,1
10486,White,M,35,3,SE,-0.07,0.723214286,1
10487,White,M,40,3.5,FW,1.42,0.833333333,1
10488,White,F,39,3.8,FW,2.39,0.849404762,1
10490,White,M,35,3.3,FW,-0.18,0.751785714,1
10491,Amerindian,M,40,2.5,MW,-0.94,0.738095238,0
10492,White,F,37,2.9,FW,0.03,0.738690476,1
10493,Black,F,24,3.6,FW,-1.54,0.642857143,0
10494,Asian,M,38,2.9,FW,0.74,0.751190476,1
10496,White,M,33,3.8,FW,-0.55,0.774404762,1
10497,White,F,35,3.4,FW,-0.28,0.761309524,1
10498,White,M,33,3,FW,-0.26,0.698214286,1
10499,White,F,36,3.2,NW,-0.07,0.754761905,0
10500,White,M,32,3.3,FW,0.5,0.714285714,1
10501,White,F,30,2.9,Mt,-0.31,0.651190476,1
10502,White,F,33,3.2,GL,-0.07,0.717261905,1
10503,White,M,39.5,3.5,FW,0.37,0.827083333,1
10506,White,F,29.5,3.3,NW,-1.46,0.683035714,0
10507,White,F,39,3.6,FW,-0.02,0.830357143,1
10508,White,F,34,3.6,FW,-0.63,0.767857143,0
10509,White,F,41,3,SC,-0.52,0.798214286,1
10510,Asian,M,42,2.9,MS,-0.15,0.801190476,1
10512,White,F,42,3.1,FW,-1.39,0.820238095,1
10514,White,M,38.5,3.7,FW,-0.65,0.833630952,1
10515,White,M,35,3.4,FW,-0.26,0.761309524,1
10516,Asian,F,39,3.3,FW,-0.21,0.801785714,0
10517,White,M,33,3,FW,-0.34,0.698214286,1
10518,White,M,38,3.5,FW,1.05,0.808333333,1
10519,White,F,39,3,FW,0.24,0.773214286,1
10520,White,M,36,3.9,FW,0.45,0.821428571,0
10521,White,F,40,2.9,FW,-0.49,0.776190476,1
10522,Asian,F,31,2.9,FW,0,0.663690476,1
10523,Other,F,41,2.5,FW,-0.89,0.750595238,0
10524,White,F,44,3.1,MW,0,0.845238095,1
10526,White,M,34,3.5,NW,-0.44,0.758333333,1
10528,White,M,38,3.5,FW,-0.07,0.808333333,1
10529,White,F,39,2.6,FW,-0.34,0.735119048,1
10530,White,M,37,3.3,FW,0.11,0.776785714,1
10531,White,M,33,3.4,FW,1.68,0.736309524,1
10532,White,F,44,3.2,FW,1.19,0.854761905,1
10533,White,F,30,3.1,FW,-0.47,0.670238095,1
10534,White,M,35,2.9,FW,1.26,0.713690476,1
10535,White,F,30,2.9,MW,-0.16,0.651190476,1
10536,White,F,36,3.1,FW,-1.02,0.745238095,1
10539,White,F,37,3.2,FW,-0.23,0.767261905,1
10540,White,F,46,3.6,FW,1.84,0.917857143,1
10541,White,F,45,3.7,FW,1.71,0.914880952,1
10542,Black,M,37,2.4,FW,-0.89,0.691071429,1
10543,Asian,F,40,2,FW,1.71,0.69047619,1
10545,White,F,36,3.5,MW,0.7,0.783333333,1
10547,White,M,31,4,FW,-0.1,0.768452381,1
10548,White,F,36.5,3.1,FW,-0.42,0.751488095,1
10550,White,F,36,3,FW,1.42,0.735714286,1
10551,White,F,39,2.7,FW,1.03,0.744642857,1
10552,White,M,34.5,3.2,FW,1.61,0.736011905,1
10553,White,F,37,3.7,MW,0.77,0.814880952,1
10554,White,M,40,3.7,FW,1.45,0.852380952,1
10555,White,F,37,3.1,FW,1.58,0.757738095,1
10556,Asian,M,27.5,3,FW,-0.89,0.629464286,1
10557,White,M,43,3.4,FW,-0.26,0.861309524,1
10558,White,M,36,3.2,FW,1.08,0.754761905,1
10560,White,M,44,3.9,FW,0.74,0.921428571,1
10561,White,M,37,3.2,FW,-1.15,0.767261905,1
10562,White,F,38,3.2,FW,0.87,0.779761905,1
10563,White,F,29,2.6,Mt,0.06,0.610119048,1
10564,Hispanic,F,37,2.9,FW,-0.13,0.738690476,1
10565,White,M,39,2.8,FW,0.06,0.754166667,1
10566,White,M,39,3.8,FW,1.08,0.849404762,1
10567,Black,M,30,2.7,FW,-0.97,0.632142857,1
10568,White,F,40,3.1,FW,0.53,0.795238095,1
10569,White,F,40,3.1,FW,0.11,0.795238095,1
10570,White,M,36,3.2,FW,-0.84,0.754761905,1
10571,White,F,39,2.5,SE,0.19,0.725595238,1
10572,White,F,37,3.4,FW,0.16,0.786309524,1
10573,White,F,27,2.4,MW,-0.99,0.566071429,0
10574,White,F,41,3.3,FW,0.32,0.826785714,1
10575,White,F,36,2.9,NG,1.42,0.726190476,1
10576,Asian,M,33,2.5,GL,-1.6,0.650595238,1
10577,White,F,40,3.3,FW,0.19,0.814285714,1
10578,White,F,37,3.2,FW,-0.05,0.767261905,1
10579,White,F,44,3,FW,-0.42,0.835714286,1
10580,White,F,35,3.1,FW,-0.84,0.732738095,1
10581,White,F,42,2.9,GL,0.5,0.801190476,1
10584,White,M,27,3.3,MW,-1.17,0.651785714,0
10585,White,M,35.5,3.3,FW,0.21,0.758035714,1
10587,White,F,32.5,2.8,SE,0.16,0.672916667,1
10588,White,F,37.5,3.3,FW,1.66,0.783035714,1
10589,Mexican,F,33,2.2,FW,-1.05,0.62202381,1
10590,White,F,33,3.4,FW,-1.18,0.736309524,1
10591,White,F,40,3.4,FW,0.27,0.823809524,1
10593,White,F,30,3.2,MW,0.96,0.679761905,1
10594,White,F,37,3.8,FW,0.92,0.824404762,1
10595,White,F,40,2.3,FW,0.82,0.719047619,1
10596,White,F,40,2.8,FW,-0.15,0.766666667,1
10597,White,M,35,3.3,FW,0.58,0.751785714,1
10599,White,F,33,3.3,FW,0.82,0.726785714,1
10600,White,F,29,3.7,FW,-0.26,0.714880952,1
10601,White,M,35,3.2,FW,-1.15,0.742261905,1
10602,Asian,F,31,2.6,FW,-0.21,0.635119048,1
10603,Other,M,36.5,3.6,FW,-0.31,0.799107143,1
10604,White,M,37,3.3,MW,-0.1,0.776785714,1
10605,White,F,44,3.1,FW,1.61,0.845238095,1
10606,White,M,35,3,FW,-1.41,0.723214286,1
10607,White,F,38,3.3,FW,0.53,0.789285714,1
10608,White,M,43,3.3,GL,1.58,0.851785714,1
10611,White,F,33,2.4,FW,-0.63,0.641071429,1
10612,White,M,38,3.6,FW,0.74,0.817857143,1
10614,White,F,37.5,3.6,FW,1.5,0.811607143,1
10615,White,F,29.5,3.1,Mt,-1.23,0.663988095,1
10616,White,M,36,3.1,FW,0.24,0.745238095,1
10617,White,M,39,3.6,FW,-0.34,0.830357143,0
10618,White,M,40,3.6,FW,1.4,0.842857143,1
10619,White,M,35,3,FW,0.84,0.723214286,1
10620,White,M,31.5,3,FW,-0.44,0.679464286,1
10621,White,F,40,2.8,MS,-0.23,0.766666667,1
10622,White,M,36,3.9,FW,-0.31,0.821428571,1
10625,White,M,37,3.8,FW,0.92,0.824404762,1
10626,White,F,29,3.4,MW,-0.19,0.686309524,1
10627,Other,F,34,2.5,FW,-1.57,0.663095238,0
10628,White,F,32,4,FW,0.35,0.780952381,1
10629,White,F,35.5,3.8,FW,2.16,0.805654762,1
10630,White,F,37,3.1,FW,0.19,0.757738095,1
10631,White,F,34,3.4,FW,-0.15,0.748809524,1
10633,White,M,36,3.7,FW,0.35,0.802380952,1
10634,Hispanic,M,40,3.9,FW,0.14,0.871428571,1
10635,White,M,33,3.7,FW,1.4,0.764880952,1
10636,Other,F,35,3.3,FW,-0.05,0.751785714,1
10637,White,F,39,2.7,MW,0.18,0.744642857,1
10638,White,F,39,3.3,FW,-0.26,0.801785714,0
10639,White,M,38,3.7,FW,0.69,0.827380952,1
10640,White,M,39.5,3.4,FW,1.13,0.817559524,1
10641,White,F,38,3.1,FW,-0.36,0.770238095,1
10642,White,F,36,3.1,FW,-0.89,0.745238095,1
10643,Other,F,34,3.1,NE,-0.13,0.720238095,1
10644,White,M,35,3,FW,-0.55,0.723214286,1
10647,White,M,41,3,MW,2.18,0.798214286,1
10649,White,F,37,2.7,FW,0.82,0.719642857,1
10650,White,M,27,3,FW,-0.97,0.623214286,1
10652,Asian,M,33,3.1,FW,-0.57,0.707738095,1
10653,White,M,30,3.6,MW,-1.15,0.717857143,1
10654,White,M,40,3.6,FW,1.19,0.842857143,1
10655,White,M,34.5,3.7,FW,1.16,0.783630952,1
10657,White,F,26,3.4,FW,-0.81,0.648809524,1
10658,White,F,38,3.7,MW,0.61,0.827380952,1
10659,White,M,35,3.1,FW,0.9,0.732738095,1
10660,Amerindian,F,32,3.1,FW,-1.65,0.695238095,1
10662,White,F,43,2.1,MS,1.24,0.7375,1
10664,White,F,37,3,FW,-1.31,0.748214286,1
10665,White,M,38,2.9,FW,0.03,0.751190476,1
10666,White,F,36,2.1,FW,-0.07,0.65,1
10669,White,F,39,2.8,FW,-0.49,0.754166667,1
10670,White,F,38,3.5,FW,-0.07,0.808333333,1
10671,White,F,41,2.7,Mt,0.98,0.769642857,1
10672,White,F,36,3.4,FW,-0.65,0.773809524,1
10673,White,F,39,3.1,FW,0.14,0.782738095,1
10674,Asian,F,37,3,FW,-0.97,0.748214286,1
10675,White,F,39,3.2,FW,-0.07,0.792261905,1
10676,White,M,31.5,2.4,FW,-2.02,0.622321429,0
10677,White,M,43,3.3,FW,1.08,0.851785714,1
10678,White,M,34,3.2,FW,-0.84,0.729761905,1
10680,White,F,32.5,3.1,FW,-1.12,0.701488095,0
10681,White,M,40,3,FW,1.47,0.785714286,1
10682,White,M,36,3.4,FW,0.24,0.773809524,1
10683,White,F,36,3.2,Mt,-0.13,0.754761905,1
10684,Hispanic,M,31.3,3.7,FW,-0.68,0.743630952,1
10686,White,M,29,2.9,FW,0.32,0.638690476,1
10687,White,F,33,3.4,NE,-1.04,0.736309524,1
10688,White,M,32,3.5,NE,0.92,0.733333333,1
10689,White,F,32,2.9,GL,0.33,0.676190476,1
10690,White,M,35.3,3.1,NE,0.67,0.736488095,1
10691,White,M,34,3.3,NE,0.61,0.739285714,1
10692,White,M,34,3.5,GL,0.51,0.758333333,1
10693,White,M,33,3.5,NE,0.3,0.745833333,1
10694,White,M,32,3.3,NE,1.47,0.714285714,1
10695,White,M,38,2.8,NE,-0.27,0.741666667,1
10696,White,M,36,3.2,NE,-0.15,0.754761905,1
10697,Other,F,40,3.1,NE,0.71,0.795238095,1
10698,White,M,31,3.8,NE,-0.48,0.749404762,0
10699,White,F,32,3.7,NE,0.55,0.752380952,1
10700,Other,F,31,2.4,NG,-1.52,0.616071429,1
10701,White,F,33,3.5,NE,0.92,0.745833333,1
10702,White,F,33,2,NE,0.3,0.60297619,1
10703,White,M,34,3.9,NE,1.43,0.796428571,1
10704,White,M,38,3.1,NE,1.12,0.770238095,1
10705,White,M,34,3.5,NE,0.82,0.758333333,1
10707,Asian,F,26,3.3,NE,-0.56,0.639285714,1
10708,White,M,36,3.3,NE,0.57,0.764285714,1
10709,White,M,20,2.9,NE,-0.95,0.526190476,1
10710,White,F,32,2.8,NE,-0.58,0.666666667,1
10711,White,M,30,3.2,Mt,-1.13,0.679761905,0
10712,White,F,36,3.2,NE,1.16,0.754761905,1
10713,White,F,42,2.9,NE,-0.15,0.801190476,1
10714,White,M,34,3.4,NE,-0.27,0.748809524,1
10715,White,M,33,3.9,NE,0.05,0.783928571,1
10716,White,M,29,3.1,NE,-0.46,0.657738095,1
10717,White,M,37,3.3,NE,-0.32,0.776785714,1
10718,White,M,35.3,3.4,NE,-0.11,0.765059524,1
10719,White,F,39,3,NE,0.3,0.773214286,1
10721,White,M,36,4,MW,2.93,0.830952381,1
10722,Black,M,23,3.2,NE,-0.56,0.592261905,1
10723,White,F,33,3.3,NE,0.55,0.726785714,1
10724,White,F,37.5,3.4,NE,1.68,0.792559524,1
10725,White,M,37,3.1,NE,-0.21,0.757738095,1
10726,White,F,32,3.4,NE,0.67,0.723809524,1
10727,Black,M,25,2.4,MS,-0.85,0.541071429,0
10728,White,M,33.5,3,NE,-0.21,0.704464286,1
10729,White,M,35,3.7,NE,-0.25,0.789880952,1
10730,Puertorican,F,21,3.4,NG,-0.27,0.586309524,0
10731,White,M,34,3.2,NE,-0.38,0.729761905,1
10732,White,F,34,3.4,MW,-0.64,0.748809524,1
10733,White,M,36,3.2,NE,-0.48,0.754761905,1
10734,White,F,37,3.3,NE,0.24,0.776785714,1
10737,White,F,35,3.6,NE,1.12,0.780357143,1
10738,Hispanic,M,17.5,2.5,NE,-1.53,0.456845238,0
10739,White,M,31,3.9,NE,-0.58,0.758928571,1
10740,White,F,39,3.4,MW,-0.11,0.811309524,1
10741,White,F,32,3.9,NE,1.64,0.771428571,1
10742,White,M,33,3.6,NE,1.37,0.755357143,1
10743,White,F,30.5,3.2,NE,-0.15,0.686011905,1
10744,White,F,41,3.8,NE,0.14,0.874404762,1
10745,White,F,36,3.3,NE,-0.46,0.764285714,1
10746,Other,M,15.5,2.9,NE,-1.3,0.469940476,0
10747,White,M,29.3,3.1,NE,-0.21,0.661488095,1
10748,White,F,37,3.1,NE,-0.01,0.757738095,1
10749,White,F,32,3.6,NE,0.26,0.742857143,1
10751,White,M,27,3.8,MW,-0.03,0.699404762,1
10752,White,F,33,3.4,NE,-0.11,0.736309524,1
10753,White,F,38,3.3,NE,1.64,0.789285714,1
10754,White,M,36,3.6,NE,0.96,0.792857143,1
10755,Black,M,20,3,NE,-0.69,0.535714286,1
10756,White,F,35,3.6,NE,-0.32,0.780357143,0
10757,Hispanic,M,12,2.9,NE,-1.08,0.426190476,0
10758,White,M,37,3.5,NE,0.82,0.795833333,1
10759,White,F,36,3.1,NE,0.47,0.745238095,1
10760,White,F,39,3.2,NE,1.02,0.792261905,1
10761,White,M,28,3.6,NE,-0.17,0.692857143,1
10762,White,M,30,3.7,MW,-0.4,0.727380952,1
10763,White,M,38,2.9,NE,-0.4,0.751190476,1
10764,White,M,38,3.3,NE,0.98,0.789285714,1
10765,White,F,33,3.5,NG,0.57,0.745833333,1
10766,White,M,31,3.4,NE,1.02,0.711309524,1
10767,White,M,37,3.3,NE,-0.05,0.776785714,1
10768,White,F,39,2.5,NE,1.84,0.725595238,1
10769,White,M,36,3.2,NE,0.92,0.754761905,1
10770,White,M,43,2.5,NE,0.36,0.775595238,1
10771,White,F,34,3.4,MW,1.3,0.748809524,1
10772,White,F,30,2.4,NG,0.03,0.603571429,0
10773,White,F,35,3.3,NE,0.75,0.751785714,1
10774,Black,M,24,3.5,NE,0.03,0.633333333,1
10775,White,M,36,3.2,FW,-0.46,0.754761905,0
10776,White,F,42,3.1,NE,-1.18,0.820238095,1
10777,White,M,37,3.1,NE,0.57,0.757738095,1
10778,White,M,41,2.8,NE,-0.42,0.779166667,1
10779,White,M,30,3.5,NE,-0.05,0.708333333,1
10780,White,M,38,3.9,MW,-0.86,0.846428571,0
10781,White,F,33,3.3,NE,-0.38,0.726785714,1
10782,White,M,39,3.3,NE,1.6,0.801785714,1
10783,White,F,33,3.2,NE,-0.69,0.717261905,1
10784,White,F,35,3.3,NE,0.88,0.751785714,1
10785,White,M,35,3.2,FW,-0.15,0.742261905,0
10786,White,M,39,3.3,NE,0.14,0.801785714,1
10787,White,F,41,3.3,NE,1.88,0.826785714,1
10788,White,M,31,3.2,NE,0.65,0.692261905,1
10789,White,F,31.5,2.9,MW,1.06,0.669940476,1
10790,White,M,37,2.9,SC,-0.46,0.738690476,1
10791,White,F,35,3.2,NE,-0.69,0.742261905,0
10792,White,F,39,3.5,NE,1.12,0.820833333,1
10793,White,M,38,3.5,NE,0.03,0.808333333,1
10794,White,F,37,3.2,NE,0.67,0.767261905,1
10795,White,F,37,3,NG,-0.11,0.748214286,1
10796,White,F,36,3.8,NE,1.91,0.811904762,1
10798,White,M,30,3.2,NE,-1.28,0.679761905,0
10799,White,F,31,4,MW,0.09,0.768452381,1
10800,Black,M,28.5,3.3,NE,-0.99,0.670535714,1
10802,White,F,34,2.9,NE,1.27,0.701190476,1
10804,White,F,36,3,NE,0.45,0.735714286,1
10805,White,F,40,2.7,NE,1.49,0.757142857,1
10806,White,F,38,3.3,NE,0.86,0.789285714,1
10807,White,M,24.5,3.7,NE,0.96,0.658630952,1
10808,White,M,29,3.4,MW,1.42,0.686309524,1
10809,White,M,36,3,NE,1.16,0.735714286,1
10810,Black,M,21,3.5,NE,-1.59,0.595833333,1
10811,White,M,30.7,3.7,NE,0.03,0.736130952,1
10812,White,F,39,2.9,MS,1.23,0.763690476,1
10813,White,M,33,3.3,NE,-0.15,0.726785714,1
10815,White,F,40,3,NE,-0.89,0.785714286,1
10816,White,F,36,3.8,NE,0.65,0.811904762,1
10817,Black,M,19,3,NE,-2.02,0.523214286,0
10819,White,F,30,3.2,NE,-0.01,0.679761905,1
10820,White,M,36,3.5,NE,0.34,0.783333333,1
10821,White,M,33,3.3,NE,-0.27,0.726785714,1
10822,White,F,37,3.4,NE,0.67,0.786309524,1
10824,Hispanic,F,37,3.4,NE,0.1,0.786309524,1
10825,White,F,38,3.1,NE,-0.27,0.770238095,0
10826,White,F,33,3.6,NE,0.3,0.755357143,1
10827,White,M,36,3.2,NE,0.36,0.754761905,1
10828,White,F,29,3.5,MW,-1,0.695833333,1
10829,White,M,32,3.2,NE,0.3,0.704761905,1
10830,Puertorican,M,27,3.6,NE,-1.39,0.680357143,1
10831,White,F,36,3.2,NE,0.47,0.754761905,1
10832,White,M,26,2.9,NE,-2.25,0.601190476,0
10833,White,F,36,3,NE,0.2,0.735714286,1
10834,White,M,32.5,2.6,MS,1.29,0.653869048,1
10835,White,F,32,3.4,NE,0.98,0.723809524,1
10836,White,M,37,3.1,NE,0.14,0.757738095,1
10837,White,M,33,3.7,NE,1.12,0.764880952,1
10839,White,M,33,3.3,MW,0.04,0.726785714,1
10840,White,F,32.5,3.5,NE,0.45,0.739583333,1
10841,White,F,36,3.4,NE,-0.25,0.773809524,0
10842,White,F,34,3.5,NE,0.55,0.758333333,1
10843,White,M,36,3,NE,0.05,0.735714286,0
10844,White,M,43,3.1,NE,0.67,0.832738095,1
10845,White,F,38,3.5,NE,1.31,0.808333333,1
10846,White,F,34.5,3.2,NE,1.33,0.736011905,1
10847,White,M,37,3.3,NE,-1.45,0.776785714,1
10848,White,F,43,3,NE,0.82,0.823214286,1
10849,Asian,F,45,3.2,NE,2.05,0.867261905,1
10850,White,F,35,3.2,MW,-0.9,0.742261905,1
10851,White,F,37,4,NE,1.19,0.843452381,1
10852,White,M,36,2.8,NE,-0.17,0.716666667,1
10853,White,F,35,3.5,NE,0.75,0.770833333,1
10854,White,F,38,2.8,NE,0.24,0.741666667,1
10855,White,M,28.5,3.1,NE,-0.36,0.651488095,1
10856,White,F,28.5,2.9,NE,0.61,0.632440476,1
10857,White,F,33,2.6,NE,-0.17,0.660119048,0
10859,Hispanic,F,38,3.3,NE,-0.36,0.789285714,0
10860,White,F,28.7,3,MW,0.38,0.644464286,1
10861,Black,M,20,2.7,NE,-0.54,0.507142857,1
10862,White,F,40,2.9,NE,0.3,0.776190476,1
10863,Black,M,30,2.9,NE,-0.13,0.651190476,1
10864,Black,F,21,2.3,NE,-1.8,0.481547619,0
10865,White,M,35,3.6,NE,-0.79,0.780357143,1
10866,White,F,36,3.2,NE,-0.25,0.754761905,1
10867,White,M,36,3.5,NE,1.54,0.783333333,1
10868,White,F,40,2.8,NE,0.75,0.766666667,1
10869,White,F,41,2.8,NE,1.37,0.779166667,1
10870,White,F,35,3.4,NE,0.2,0.761309524,1
10871,White,M,36,2.7,SE,-1.4,0.707142857,1
10872,White,F,38,2.9,NE,-1.3,0.751190476,0
10873,White,F,36.5,3.5,NE,0.45,0.789583333,1
10874,White,M,37,2.9,NE,-1.51,0.738690476,0
10875,White,F,33,3.3,NE,0.14,0.726785714,1
10876,White,M,35,3.6,NE,-0.42,0.780357143,1
10877,Hispanic,F,27,3.3,NE,0.45,0.651785714,1
10878,White,M,24,2.5,NE,-0.85,0.538095238,1
10879,White,F,28,2.5,NE,-0.52,0.588095238,0
10880,White,M,41,3.6,MW,1.5,0.855357143,1
10881,White,M,40,2.8,NE,1.16,0.766666667,1
10882,White,F,38,3.2,NE,-0.07,0.779761905,1
10883,White,M,32,3.3,NE,-0.64,0.714285714,1
10884,White,F,26.5,3.2,NE,-0.62,0.636011905,0
10885,White,F,38,3.1,NE,1.29,0.770238095,1
10886,White,F,32,3.3,NE,-0.01,0.714285714,1
10887,Black,M,21.7,3.6,NE,-0.69,0.614107143,1
10888,White,F,33,3.4,MW,-0.29,0.736309524,1
10889,Black,M,23.5,3.4,NE,-0.85,0.617559524,0
10891,White,F,29.5,3.5,NE,-0.11,0.702083333,1
10892,White,F,36,2.9,NE,0.1,0.726190476,0
10895,White,M,33,3.4,NE,-0.05,0.736309524,1
10896,White,F,40,3.2,NE,-0.32,0.804761905,1
10897,White,F,38,3.2,NE,1.02,0.779761905,1
10898,White,F,33,3.8,NE,0.05,0.774404762,1
10899,White,F,27,3.6,MW,-0.27,0.680357143,1
10900,White,M,30.3,3.3,NE,0.51,0.693035714,1
10901,White,M,33,3.4,NE,0.47,0.736309524,1
10902,White,F,39,2.9,NE,-0.46,0.763690476,1
10903,Black,M,22.5,2.6,NE,-1.67,0.528869048,1
10904,Black,M,22.5,2.8,NE,-0.93,0.547916667,1
10905,White,F,38,2.7,NE,-0.05,0.732142857,0
10906,White,F,31.3,3,NE,-0.87,0.676964286,1
10907,White,F,31.5,2.8,NE,-0.15,0.660416667,1
10908,White,F,38,3.3,NE,0.05,0.789285714,1
10909,White,M,37,3.8,NE,1.08,0.824404762,1
10910,White,F,37,4,MW,0.48,0.843452381,1
10911,White,F,35,3.5,NE,0.03,0.770833333,1
10912,White,F,34,3.2,NE,-0.21,0.729761905,1
10913,White,F,35,3.2,NE,1.47,0.742261905,1
10914,White,F,34,3.8,NE,0.14,0.786904762,1
10915,White,F,37,3.3,NE,-0.01,0.776785714,1
10916,White,M,35,3.4,NE,-0.21,0.761309524,0
10917,White,M,35,3.3,NE,-1.39,0.751785714,0
10918,White,F,37,3.4,NE,-1.04,0.786309524,1
10919,White,M,37,3.1,MW,-0.6,0.757738095,1
10920,White,F,31,2.8,NE,0.51,0.654166667,0
10922,White,F,30,3.8,NE,0.61,0.736904762,0
10923,White,M,36,3.4,NE,0.2,0.773809524,1
10924,Black,F,18,2.6,NE,-2.1,0.472619048,0
10925,White,F,35.5,3.3,NE,0.03,0.758035714,0
10926,White,F,29,3.1,NE,0.22,0.657738095,1
10927,White,F,30,2.4,NE,-0.48,0.603571429,0
10928,White,F,45,3.8,NE,1.12,0.924404762,1
10929,Other,F,33,2.7,NE,0.03,0.669642857,1
10930,White,F,41,3,NE,0.16,0.798214286,0
10931,White,M,33,3.6,NE,0.42,0.755357143,1
10932,White,F,37,3.5,NE,0.14,0.795833333,0
10933,White,F,39,2.9,NE,1.21,0.763690476,1
10934,White,M,38,3.6,NE,0.84,0.817857143,1
10935,White,M,31.5,3.1,NE,0.79,0.688988095,1
10936,White,M,39,3.2,NE,1.19,0.792261905,1
10937,Hispanic,M,24,2.3,NE,-1.28,0.519047619,0
10938,White,F,36,2.7,NE,0.1,0.707142857,1
10940,White,M,36,3.3,NE,1.06,0.764285714,1
10941,White,M,34,3,NE,0.4,0.710714286,0
10942,Black,M,21,3.1,NE,-1.88,0.557738095,1
10943,White,F,34,2.2,SE,-0.12,0.63452381,1
10944,White,M,35,3.2,NE,0.47,0.742261905,1
10945,White,M,34,3.1,NE,-0.99,0.720238095,1
10946,Black,M,20,3.2,NE,-2.1,0.554761905,0
10947,Black,F,24,2,NE,-2.1,0.49047619,0
10949,White,M,33.5,3.4,NE,0.61,0.742559524,1
10950,Black,M,23,2.8,NE,-2.37,0.554166667,0
10951,White,F,35.5,3.4,NE,0.75,0.767559524,1
10952,White,F,33.5,3.6,NE,-0.77,0.761607143,1
10953,White,F,29,3.4,MS,0.55,0.686309524,1
10954,White,M,30,3.6,NE,0.4,0.717857143,1
10955,Black,M,18,2.8,NE,-1.04,0.491666667,0
10956,Other,F,21.5,3.4,NE,-0.44,0.592559524,1
10957,White,M,35,3.4,NE,0.96,0.761309524,1
10958,White,F,37,2.5,NE,-0.77,0.700595238,0
10959,White,M,27,3.3,NE,-0.11,0.651785714,1
10960,Asian,M,34,3.1,NE,0.2,0.720238095,1
10963,White,F,33,3.4,NE,-0.11,0.736309524,1
10964,White,M,38,3.1,NE,0.36,0.770238095,1
10965,Hispanic,F,35,2.9,NE,0.61,0.713690476,1
10966,White,F,33,3.2,NE,-0.21,0.717261905,1
10967,White,M,32.5,3.4,NG,0.51,0.730059524,1
10968,White,F,35.5,3.2,NE,-1.08,0.748511905,1
10969,White,F,34,3.1,NE,0.86,0.720238095,1
10970,White,F,32,2.7,NE,-1.34,0.657142857,0
10971,White,F,34,3.5,NE,-0.38,0.758333333,1
10972,White,F,34,3.5,NE,-0.15,0.758333333,1
10973,White,M,28.5,3,MW,-1.01,0.641964286,0
10974,White,F,34,3.6,NE,-0.25,0.767857143,1
10975,White,M,26.5,3.2,NE,0.61,0.636011905,1
10976,White,M,34,3.2,NE,0.16,0.729761905,1
10977,White,M,32.5,3.5,NE,-0.01,0.739583333,0
10978,White,F,35,3.7,NE,1.99,0.789880952,1
10979,White,F,36.5,3.1,NE,0.05,0.751488095,1
10980,White,M,32.5,3.3,NE,-0.56,0.720535714,0
10982,White,F,30,2.9,MW,0.38,0.651190476,1
10984,White,M,35.5,3,NE,-0.67,0.729464286,1
10985,White,F,35,3.4,NE,0.47,0.761309524,1
10986,White,M,32,3.8,NE,1.31,0.761904762,1
10987,White,F,39,2.8,NE,-0.19,0.754166667,0
10988,White,M,32,3.5,NE,1.12,0.733333333,1
10989,White,F,30,2.4,NE,-1.36,0.603571429,1
10990,White,F,32.7,3.5,NE,0.28,0.742083333,1
10991,White,M,31,3.7,NE,1.45,0.739880952,1
10992,White,F,42,3.6,MW,0.2,0.867857143,1
10996,White,M,28,2.5,NE,0.94,0.588095238,1
10997,Hispanic,M,41,2.8,NE,1.08,0.779166667,1
10999,Asian,M,26,3.8,NE,-0.67,0.686904762,1
11000,White,F,24.5,3.7,NE,0.47,0.658630952,1
11001,White,F,39,3.6,NE,0.61,0.830357143,1
11002,White,F,36,3.2,NE,0.47,0.754761905,1
11004,White,M,32,3.5,NE,-0.56,0.733333333,0
11005,Asian,F,37,3,NE,0.47,0.748214286,1
11006,Hispanic,F,26,2.9,NE,0.65,0.601190476,0
11007,White,M,34,3.7,NE,0.79,0.777380952,1
11008,White,F,34,3.3,NE,0.94,0.739285714,1
11009,White,F,24,3.1,NE,-1.36,0.595238095,0
11011,Black,M,30,2.1,NE,-0.17,0.575,0
11012,Puertorican,F,22,2.8,NE,-2.06,0.541666667,0
11013,Black,M,25,2.7,NE,-1.08,0.569642857,0
11014,White,M,31,3,MW,0.08,0.673214286,1
11016,Black,F,16,2.9,NE,-0.5,0.476190476,0
11017,Black,F,20.7,2.4,NE,-0.67,0.487321429,0
11020,White,F,29.5,3.5,NE,-0.5,0.702083333,1
11021,White,F,36,3.3,NE,0.42,0.764285714,1
11024,White,F,37,3.1,NE,0.65,0.757738095,1
11025,White,M,31,3.7,MW,0.88,0.739880952,1
11026,White,M,40,3,NE,0.1,0.785714286,1
11027,White,M,39,2.9,NE,1.64,0.763690476,1
11028,White,M,31.5,3.1,NE,1.31,0.688988095,1
11029,White,M,34,3.5,NE,0.14,0.758333333,1
11030,White,M,37,3.4,NE,1.8,0.786309524,1
11032,White,M,33.5,3.4,NE,0.47,0.742559524,1
11033,White,M,36,3.5,NE,-1.45,0.783333333,0
11034,White,M,34,2.7,MW,-0.84,0.682142857,0
11036,Puertorican,M,16.5,2.9,NE,-0.6,0.482440476,0
11037,White,M,38,3.2,NE,0.65,0.779761905,1
11038,White,M,35,3.5,NE,1.43,0.770833333,1
11039,White,M,39,2.8,NE,0.36,0.754166667,1
11040,White,F,32,3.2,NE,0.36,0.704761905,1
11041,Black,M,26,3.3,NE,-0.25,0.639285714,0
11042,White,F,41,2.9,NE,1.64,0.788690476,1
11043,Black,M,18,2.5,NE,-0.3,0.463095238,1
11044,White,F,36,3.3,NE,0.94,0.764285714,1
11045,White,M,31,2.9,Mt,-0.03,0.663690476,1
11046,White,F,33.3,2.8,NE,0.36,0.682916667,1
11047,Black,F,21,2.2,NE,-0.67,0.47202381,1
11048,White,F,39,2.7,GL,1.12,0.744642857,1
11049,White,M,32,3.2,NE,0.36,0.704761905,1
11050,White,M,39,3.3,NE,0.32,0.801785714,1
11051,Black,F,32,2.7,NE,-1.73,0.657142857,0
11052,White,F,31.5,2.6,NG,0.42,0.641369048,1
11053,White,F,31,3.1,MW,-0.13,0.682738095,1
11054,White,F,32,2.8,Mt,-0.37,0.666666667,0
11055,White,F,27,3.4,MW,-1.23,0.661309524,1
11056,White,M,41,3.3,MW,2.39,0.826785714,1
11058,White,F,39.5,2.6,MS,1.52,0.741369048,1
11060,Amerindian,M,27,2.6,MS,-0.46,0.585119048,0
11062,White,F,40,3.7,MS,0.23,0.852380952,1
11063,White,M,36,3,MS,0.69,0.735714286,1
11064,White,F,45,3.1,MS,2.15,0.857738095,1
11065,White,F,37,2.9,MS,0.17,0.738690476,1
11066,White,F,37,3,MS,0.94,0.748214286,1
11067,White,M,33,3.3,MS,0.4,0.726785714,1
11068,White,M,33,3.7,MS,1.83,0.764880952,1
11069,White,F,40,3.7,MS,2.27,0.852380952,1
11072,White,M,29,3.9,MS,0.64,0.733928571,0
11073,Black,M,31,3,MS,0.48,0.673214286,1
11075,White,F,42,2.6,MS,0.42,0.772619048,1
11076,Black,F,28,2.2,MS,-0.65,0.55952381,0
11077,Black,M,19,3.3,NE,-0.88,0.551785714,1
11078,Black,F,20.5,2.7,NE,-1.28,0.513392857,0
11079,Black,M,23,4,MS,-0.29,0.668452381,1
11080,White,M,32,3.6,MS,0.46,0.742857143,0
11081,White,M,34,3.8,MS,1.42,0.786904762,1
11083,Black,M,27,3,MS,0.44,0.623214286,1
11085,Black,M,34,2.2,MS,-0.09,0.63452381,1
11086,Black,F,27.5,2.1,MS,-0.98,0.54375,0
11087,Black,F,25,2.4,SE,-1.23,0.541071429,1
11089,Black,M,18.5,3.5,MS,-0.17,0.564583333,1
11090,White,F,39,2.8,MS,-0.31,0.754166667,1
11091,White,F,32.5,2.9,MS,-0.79,0.682440476,1
11092,Black,M,23,3.2,MS,0.08,0.592261905,0
11093,White,F,37,3,MS,0.79,0.748214286,1
11094,White,F,33,3,MS,0.65,0.698214286,1
11096,Black,M,25,2.5,MS,-0.36,0.550595238,1
11098,White,M,29,3.5,MS,-0.08,0.695833333,0
11099,White,M,39,3,MS,1.56,0.773214286,1
11100,White,F,27,3.3,MS,-1.38,0.651785714,1
11102,Black,F,27.5,2.4,MS,0.83,0.572321429,1
11103,White,M,32,3.4,MS,0.23,0.723809524,1
11104,White,F,35,2.8,MS,0.71,0.704166667,1
11105,Black,M,22,3.3,NE,-0.71,0.589285714,1
11109,Black,M,25,2.9,MS,-0.71,0.588690476,1
11110,Black,F,34,2.3,NE,-0.98,0.644047619,0
11111,White,M,42,3.3,MS,-0.23,0.839285714,1
11112,White,M,21,3.3,MS,0.79,0.576785714,1
11113,Black,F,22,2.9,MS,0.81,0.551190476,1
11114,White,F,29,3.7,MS,1.27,0.714880952,1
11115,Black,F,26,2.9,GL,0.08,0.601190476,1
11116,Black,M,28,2.6,MS,-0.09,0.597619048,1
11117,Black,M,25.5,2.6,MS,0.21,0.566369048,1
11118,White,M,38,3.8,NE,1.56,0.836904762,1
11119,White,M,33,3.2,MS,-0.44,0.717261905,0
11120,Black,F,25,2.6,MS,-0.73,0.560119048,1
11121,White,M,43,2.8,MS,1.27,0.804166667,1
11122,Black,F,29,2.9,MS,-0.06,0.638690476,1
11123,White,M,35.5,2.9,MS,0.65,0.719940476,1
11125,Black,F,25,2.3,NE,0.16,0.531547619,1
11126,Black,M,22,2.7,MS,-1.11,0.532142857,1
11127,Black,M,32,2.6,MS,0.19,0.647619048,1
11128,Black,F,22.5,2.9,MS,-1.28,0.557440476,1
11129,Black,F,25,2.3,MS,-0.32,0.531547619,1
11130,White,M,35,3.2,MW,1.33,0.742261905,1
11131,White,M,40,2.4,MW,0.31,0.728571429,1
11132,White,F,36,3.2,MW,-1.78,0.754761905,1
11133,Other,F,39,3.1,MW,0.51,0.782738095,1
11134,White,F,32,3.2,MW,0.86,0.704761905,1
11135,White,F,36,3.5,MW,-0.04,0.783333333,1
11136,Other,M,43,3.5,MW,2.32,0.870833333,1
11137,White,F,36,2.5,MW,-1.4,0.688095238,1
11138,White,M,41,2.8,MW,0.11,0.779166667,1
11139,White,M,35,3.9,MW,-1.05,0.808928571,1
11140,Amerindian,F,40,3.1,MW,0.88,0.795238095,1
11141,White,F,36,3.2,MW,-0.86,0.754761905,1
11144,White,M,39,3.8,MW,0.39,0.849404762,1
11145,White,M,36,3.6,MW,-0.61,0.792857143,1
11146,White,F,37,3.3,MW,0.11,0.776785714,1
11147,White,M,34,3.9,MW,0.19,0.796428571,1
11149,White,F,33,3.6,MW,0.49,0.755357143,1
11150,White,M,39,2.8,MW,0.44,0.754166667,1
11151,White,M,38,3.3,MW,-0.56,0.789285714,1
11152,White,F,39,2.8,MW,0.34,0.754166667,1
11153,White,F,31,2.7,MW,0.19,0.644642857,1
11154,White,M,36,3.1,MW,-1.45,0.745238095,1
11155,White,M,34,3.8,MW,0.11,0.786904762,1
11156,White,F,42,2.7,MW,0.68,0.782142857,1
11157,Black,M,29,3.6,MW,-2.25,0.705357143,1
11158,White,F,40,2.9,MW,0.04,0.776190476,1
11159,White,M,35,3.6,MW,-0.09,0.780357143,1
11160,White,F,38,3.3,MW,-0.83,0.789285714,1
11162,White,F,36.5,3.1,MW,-0.76,0.751488095,1
11164,White,F,39,2.7,MW,1.43,0.744642857,1
11165,White,M,37,3.2,MW,-0.41,0.767261905,1
11167,White,M,35,2.9,MW,0.73,0.713690476,1
11170,White,F,33,3,MW,-1.3,0.698214286,1
11171,White,F,34.5,3.1,MW,1.88,0.726488095,1
11172,White,M,38,3.5,MW,0.98,0.808333333,1
11175,White,F,42,3.6,SE,-0.43,0.867857143,1
11176,White,M,33,3,SE,2.3,0.698214286,1
11177,White,F,40,3,SE,-0.25,0.785714286,1
11178,White,M,41,3.8,SE,1.81,0.874404762,1
11179,White,M,42,2.5,SE,0.18,0.763095238,1
11180,White,F,33.5,2.1,SE,-0.94,0.61875,1
11181,White,M,42,2.6,SE,-0.73,0.772619048,1
11182,White,F,34,2.4,SE,-0.05,0.653571429,1
11183,White,M,27,3.9,SE,0.9,0.708928571,1
11184,White,M,34,3.1,SE,0.46,0.720238095,1
11185,White,M,37,3.6,SE,0.9,0.805357143,1
11188,White,M,33,3.4,SE,-0.38,0.736309524,1
11189,White,F,30,2.9,SE,-1.24,0.651190476,1
11190,White,F,37,3.3,SE,0.39,0.776785714,1
11191,White,M,43,3.4,SE,0.97,0.861309524,1
11192,White,F,36.5,3.1,SE,-1.39,0.751488095,0
11193,White,F,37,3.2,SE,0.18,0.767261905,1
11194,White,F,35,3.9,SE,-0.55,0.808928571,1
11195,White,M,39,3.5,SE,-0.48,0.820833333,1
11196,White,M,42,3.9,SE,0.51,0.896428571,1
11197,White,F,48,2.9,SE,1.13,0.876190476,1
11198,White,M,40,3.6,SE,0.72,0.842857143,1
11199,White,F,36,3.2,SE,-1.09,0.754761905,1
11200,White,F,36,3.9,MS,1.99,0.821428571,1
11201,White,M,33,3.2,SE,-1.5,0.717261905,1
11202,White,M,36,3.4,SE,1.1,0.773809524,1
11204,White,M,43,3.9,SE,1.13,0.908928571,1
11205,White,M,35,3.5,SE,-0.05,0.770833333,1
11206,White,M,36,3.7,SE,1.3,0.802380952,1
11207,White,M,40,3,SE,0.77,0.785714286,1
11208,White,M,33,3.7,SE,0.39,0.764880952,1
11209,White,M,41,4,SE,0.9,0.893452381,1
11210,White,M,38,3.3,SE,0.18,0.789285714,1
11211,White,F,39.5,2.8,SE,-0.22,0.760416667,1
11212,White,M,32,3.5,SE,1.64,0.733333333,1
11213,White,F,27,2.5,SE,-1.32,0.575595238,1
11214,White,F,38,3.2,MS,0.26,0.779761905,1
11215,Black,M,36,3.1,MS,1.48,0.745238095,1
11217,White,F,33.5,3.4,SE,1.02,0.742559524,1
11218,White,M,36,3.7,SE,0.59,0.802380952,1
11219,White,M,36,2.9,MS,0.54,0.726190476,1
11220,White,F,40,3.6,SE,1.56,0.842857143,1
11221,White,F,36,3.4,SE,-0.38,0.773809524,1
11223,White,M,41,3.1,SE,0.85,0.807738095,1
11224,White,M,35,3.7,SE,0.59,0.789880952,1
11228,White,F,43,2.9,SE,1.61,0.813690476,1
11229,White,F,29,3.1,SE,-2.08,0.657738095,1
11230,Black,F,33,2.4,SE,1.1,0.641071429,1
11231,White,F,38,3.1,SE,-0.22,0.770238095,1
11232,White,F,42,3.7,SE,0.46,0.877380952,1
11233,White,M,35,3.5,SE,0.62,0.770833333,1
11236,White,M,30.5,3.6,SE,0.87,0.724107143,1
11237,White,F,36,3.4,SE,0.11,0.773809524,1
11238,White,F,32,3.2,SE,-0.15,0.704761905,1
11241,White,F,39,3.1,SE,-0.12,0.782738095,1
11242,White,F,36,2.7,SE,-0.05,0.707142857,1
11243,White,F,34.5,3.1,MS,0.51,0.726488095,1
11244,White,F,42,3.7,SE,-0.66,0.877380952,1
11245,White,M,36.5,3.4,SE,0.8,0.780059524,1
11246,White,M,37,3.8,SE,0.64,0.824404762,1
11247,White,F,20,3,SE,-1.14,0.535714286,1
11248,White,M,38,3.6,SE,1.13,0.817857143,1
11251,White,M,36,3.3,SE,-1.09,0.764285714,1
11252,White,F,39,3,SE,-0.76,0.773214286,1
11253,White,M,32,2.9,SE,0.64,0.676190476,1
11254,White,M,41,2.8,MW,-0.55,0.779166667,1
11255,White,M,33.5,4,SE,-0.76,0.799702381,1
11257,Black,F,21,3.5,SE,-1.75,0.595833333,1
11258,White,F,35,3.4,SE,-1.27,0.761309524,0
11259,White,F,42,2.8,SE,-0.89,0.791666667,1
11260,White,F,37,3,SE,0.01,0.748214286,1
11261,White,F,36,3,SE,-1.27,0.735714286,1
11263,White,M,38,3.4,SE,-0.73,0.798809524,1
11265,White,F,40,3.9,SE,0.36,0.871428571,1
11266,White,F,31,2.2,SE,-0.63,0.59702381,1
11267,Black,M,26,2.6,SE,-0.5,0.572619048,1
11268,White,M,33,3.6,SE,1.56,0.755357143,1
11269,White,M,39,3.9,SE,1.66,0.858928571,1
11270,White,M,35,3.2,SE,-0.63,0.742261905,1
11271,White,M,43,2.8,MS,0.08,0.804166667,1
11272,White,F,39,3.1,MS,-0.55,0.782738095,0
11273,White,F,35,2.6,SE,-0.91,0.685119048,1
11274,White,M,36,3.4,SE,-1.27,0.773809524,1
11275,White,F,36,3.5,SE,0.85,0.783333333,1
11276,White,M,37,3.9,SE,1.38,0.833928571,1
11277,White,M,25,2.8,SE,-0.91,0.579166667,0
11278,White,M,37,3.3,SE,-1.39,0.776785714,1
11279,White,F,36.5,3.2,MS,1.23,0.761011905,1
11280,White,F,36,3.3,SE,1.2,0.764285714,1
11282,White,F,37,3.4,SE,-0.55,0.786309524,1
11284,White,M,45,3.3,SE,-0.73,0.876785714,0
11285,Black,F,30,3.8,SE,-0.63,0.736904762,1
11286,White,M,39,3.3,SE,0.9,0.801785714,1
11287,White,M,35,3.4,SE,-0.55,0.761309524,1
11288,White,M,44,2.7,SE,-0.89,0.807142857,1
11289,White,M,37,3.2,SE,-0.89,0.767261905,1
11290,White,M,42,3.7,GL,0.18,0.877380952,1
11291,White,M,39,3.6,SE,1.23,0.830357143,1
11292,White,F,38,3.2,SE,-1.29,0.779761905,1
11293,White,M,40,4,SE,1.71,0.880952381,1
11294,White,M,35,3.9,SE,-0.81,0.808928571,1
11295,White,M,26,3.6,SE,0.26,0.667857143,1
11296,White,F,33,3.9,SE,-0.91,0.783928571,0
11297,Black,F,28,2.6,SE,-1.27,0.597619048,0
11298,White,M,37.5,3.5,SE,-0.63,0.802083333,1
11299,White,F,39,3.5,SE,0.44,0.820833333,1
11301,White,F,38,3.2,SE,-0.38,0.779761905,1
11302,Black,F,39,3.4,GL,1.13,0.811309524,1
11304,Black,F,22.5,2.1,SE,-2.16,0.48125,0
11305,White,F,36,2.8,SE,-1.01,0.716666667,1
11306,White,F,35,3.7,SE,-0.38,0.789880952,1
11307,White,F,37,2.5,SE,0.87,0.700595238,1
11311,White,M,46,3,SE,2.55,0.860714286,1
11312,White,F,41,2.7,SE,1.15,0.769642857,1
11313,White,F,35,3.4,SE,-0.33,0.761309524,1
11314,White,F,40,3,SE,0.95,0.785714286,1
11315,White,F,42,3.7,SE,1.53,0.877380952,1
11316,White,M,37,3.3,NE,0.97,0.776785714,1
11317,White,F,39.7,2.8,SE,-0.05,0.762916667,1
11318,White,M,34,4,SE,2.73,0.805952381,1
11319,Black,F,27,2.7,SE,-1.5,0.594642857,1
11320,White,M,36,3.6,SE,-0.76,0.792857143,1
11321,White,F,35,3.8,MS,-0.55,0.799404762,0
11323,White,M,34,3.7,SE,-0.73,0.777380952,1
11324,White,F,39,2.8,SE,-0.73,0.754166667,1
11326,White,M,37,3.4,SE,0.64,0.786309524,1
11327,Black,F,29,2.3,SE,-0.43,0.581547619,1
11328,White,M,39,3.3,SE,-1.09,0.801785714,1
11329,White,M,36,3.6,SE,0.69,0.792857143,1
11330,Black,M,29,2.3,SE,-1.42,0.581547619,1
11331,White,F,40,3.5,MS,1.02,0.833333333,1
11332,Black,F,30,2.4,SE,-0.91,0.603571429,1
11333,White,F,30,3,SE,-1.42,0.660714286,1
11334,Black,M,32,3.2,SE,0.11,0.704761905,1
11335,White,F,45,2.5,SE,-0.22,0.800595238,1
11336,White,M,32,3.6,SE,0.69,0.742857143,1
11337,White,M,39,3.1,SC,-0.68,0.782738095,1
11338,White,M,35,3.7,SE,-0.99,0.789880952,1
11339,White,F,38,2.9,SE,-0.25,0.751190476,1
11340,White,M,24,2.6,Mt,-0.89,0.547619048,0
11341,White,M,37.5,3.5,SE,0.87,0.802083333,1
11342,Asian,F,34,3.3,SE,0.97,0.739285714,1
11343,White,M,35,3.7,SE,0.29,0.789880952,1
11344,White,M,34,3.7,SE,0.46,0.777380952,1
11345,White,F,39,3.2,SE,0.08,0.792261905,1
11346,White,M,37,3.2,SE,0.9,0.767261905,1
11348,White,F,35,3.6,SE,0.21,0.780357143,1
11349,White,F,41,3,GL,0.29,0.798214286,1
11352,White,M,26.5,2.9,SE,-0.33,0.607440476,0
11353,White,M,38,3.4,SE,0.46,0.798809524,1
11355,White,M,37,3.6,SE,0.18,0.805357143,1
11356,White,M,35,3.9,SE,1.13,0.808928571,1
11358,White,M,41,3.1,SE,-0.68,0.807738095,1
11359,White,F,31,2.1,SE,0.9,0.5875,1
11360,White,F,38,3.4,SE,1.15,0.798809524,1
11361,Black,F,33,2.3,SE,-0.22,0.631547619,1
11363,White,F,29.7,3.6,SE,-1.27,0.714107143,1
11365,White,F,32,3.8,SE,-0.48,0.761904762,1
11366,White,M,35.5,3,SE,-0.18,0.729464286,1
11367,White,M,34.5,3.2,SE,1.01,0.736011905,1
11368,White,M,35,3.1,SE,0.15,0.732738095,1
11369,White,F,42,3.4,SE,1.64,0.848809524,1
11370,White,M,37,3.1,SE,0.62,0.757738095,1
11371,White,M,35,3.2,SE,-1.07,0.742261905,1
11372,White,M,32,2.9,SE,0.47,0.676190476,1
11373,White,F,40,2.9,SE,0.47,0.776190476,1
11374,White,M,33,3.7,SE,1.19,0.764880952,1
11375,White,F,35,3.3,SE,1.09,0.751785714,1
11376,White,F,34,3.4,SE,-0.39,0.748809524,1
11377,White,F,38,3.6,SE,2.02,0.817857143,1
11378,White,F,35,2.9,SE,-1.74,0.713690476,1
11379,White,M,34,3,SE,-0.52,0.710714286,0
11380,White,M,31,3.9,SE,1.4,0.758928571,1
11382,White,M,33,3.6,SE,-0.96,0.755357143,0
11383,White,M,32,3.6,SE,0.41,0.742857143,1
11384,White,F,39,3,SE,-1.43,0.773214286,1
11385,White,F,37,2.2,SE,0.02,0.67202381,1
11386,White,F,34,3.7,SE,-0.37,0.777380952,1
11387,White,M,41,3.1,SE,2.75,0.807738095,1
11388,White,F,37,3.4,SE,0.57,0.786309524,1
11389,White,F,26.3,3.7,SE,-1.14,0.681130952,1
11390,White,M,27.7,3.8,SE,0.8,0.708154762,1
11391,Amerindian,M,32.5,3.1,SE,-1.25,0.701488095,1
11392,White,M,38,3,SE,0.15,0.760714286,1
11393,White,M,37,3.5,SE,0.41,0.795833333,1
11394,White,F,37,3,SE,-0.21,0.748214286,1
11395,White,M,32,3.5,SE,-0.91,0.733333333,1
11396,White,F,36,3.2,SE,-0.26,0.754761905,0
11397,Hispanic,M,34,3.8,SE,-0.57,0.786904762,1
11398,White,M,40,3.4,NG,0.15,0.823809524,1
11399,White,M,35,3.5,SE,0.05,0.770833333,1
11400,White,M,39,3.9,SE,2.18,0.858928571,1
11401,White,M,45,3.5,SE,-0.03,0.895833333,1
11402,White,F,34,2.8,SE,0.26,0.691666667,1
11403,Hispanic,M,36,3,SE,-0.52,0.735714286,1
11404,White,M,36,3.3,SE,0.39,0.764285714,1
11405,White,M,40,3.3,SE,-0.16,0.814285714,1
11406,White,M,29.5,3.9,SE,-0.6,0.740178571,0
11407,White,F,42,2.7,SE,-0.81,0.782142857,1
11408,White,F,37,3.5,MS,-0.7,0.795833333,1
11409,Asian,M,31,3.1,SE,-1.72,0.682738095,0
11410,White,F,45,3.2,NE,0.99,0.867261905,1
11411,Hispanic,F,33.5,3.4,SE,0.6,0.742559524,1
11412,White,M,38,2.6,SE,-1.4,0.722619048,1
11414,Asian,M,33,3.4,SE,0.26,0.736309524,1
11415,White,M,36,2.8,MS,-0.26,0.716666667,1
11418,White,F,34,3.4,SE,-1.35,0.748809524,1
11419,Puertorican,F,28,3,SE,-1.01,0.635714286,1
11420,White,M,35,3.7,SE,0.21,0.789880952,1
11421,Hispanic,M,33,2.7,SE,-1.51,0.669642857,1
11422,White,F,37,2.9,SE,0.34,0.738690476,1
11423,White,F,36,3.3,SE,-0.13,0.764285714,1
11424,White,F,41,3.1,SE,0.88,0.807738095,1
11425,Black,M,28,2.7,SC,-1.4,0.607142857,1
11426,White,F,31.5,3,SE,-0.83,0.679464286,1
11427,Hispanic,M,31,3.8,SE,-1.3,0.749404762,0
11428,Hispanic,M,32,3,SE,-1.17,0.685714286,0
11429,White,M,39,2.7,SE,-0.39,0.744642857,1
11430,White,F,40,3.1,SE,0.96,0.795238095,1
11431,White,F,36,3.6,SE,-0.37,0.792857143,1
11432,White,M,40,3.7,SE,-0.89,0.852380952,1
11433,White,M,31,3.2,SE,0.08,0.692261905,1
11434,Hispanic,F,36,3,SE,0.28,0.735714286,1
11435,White,M,30.5,3.3,SE,-0.83,0.695535714,0
11436,White,F,32,3.2,SE,-0.08,0.704761905,1
11437,Hispanic,M,31,3.6,SE,-0.29,0.730357143,1
11438,White,M,34,3.5,SE,0.23,0.758333333,1
11439,White,F,41.5,3.1,SE,-0.96,0.813988095,1
11440,White,F,34,3.3,SE,-0.03,0.739285714,1
11441,White,F,37,3,SE,-0.7,0.748214286,1
11442,White,M,33,3.4,SE,1.01,0.736309524,1
11443,White,M,38,3.3,SE,1.17,0.789285714,1
11444,Asian,F,34.5,2.7,SE,-1.27,0.688392857,0
11446,White,F,36,2.7,SE,-0.11,0.707142857,1
11448,White,M,32,3.7,SE,-0.76,0.752380952,0
11449,Other,F,33.5,3.1,SE,1.64,0.713988095,1
11450,White,M,32,3.5,SE,1.38,0.733333333,1
11451,Hispanic,F,39,3,SE,0.86,0.773214286,1
11452,Puertorican,F,38,3,SE,0.78,0.760714286,1
11453,White,M,33,3.5,SE,0.28,0.745833333,1
11454,White,M,38,3.4,SE,-0.18,0.798809524,1
11455,White,M,39,2.9,SE,1.19,0.763690476,1
11456,White,M,39,3.3,SE,0.54,0.801785714,1
11457,White,F,39,3.3,SE,0.96,0.801785714,1
11458,White,F,37,2.5,SE,-0.18,0.700595238,1
11459,White,F,35,3.3,SE,0.8,0.751785714,1
11460,White,F,36,2.9,SE,0.91,0.726190476,1
11461,White,F,37,3.1,SE,0.26,0.757738095,1
11462,White,F,36,3.2,SE,-0.18,0.754761905,1
11463,White,F,35,3.6,SE,-1.79,0.780357143,0
11464,White,M,36,3.5,SE,2.02,0.783333333,1
11465,White,F,38,2.9,SE,0.23,0.751190476,1
11466,White,M,36,2.4,SE,-0.37,0.678571429,1
11467,White,M,34,3.5,SE,1.06,0.758333333,1
11468,Hispanic,F,26.5,3.4,SE,-0.03,0.655059524,0
11469,White,F,36,3.4,SE,0.86,0.773809524,1
11470,White,F,38,3,SE,0.7,0.760714286,1
11471,White,F,36,2.7,SE,-1.27,0.707142857,1
11472,White,M,35,3.4,SE,1.04,0.761309524,1
11473,White,M,33,3.9,SE,-0.42,0.783928571,1
11474,White,F,35,2.9,SE,-1.4,0.713690476,1
11475,White,M,33,3.1,SE,-1.72,0.707738095,0
11476,White,F,40,3.2,SE,2.23,0.804761905,1
11477,White,M,37,3.8,SE,1.19,0.824404762,1
11478,White,M,39,3.8,FW,0.95,0.849404762,1
11479,White,F,36,3.5,FW,-0.06,0.783333333,1
11480,White,M,37,2.8,FW,0.72,0.729166667,1
11481,White,F,40,3.2,FW,1.92,0.804761905,1
11483,Hispanic,F,30,3,FW,0.63,0.660714286,1
11484,White,M,32,3.9,FW,0.51,0.771428571,1
11485,White,F,40,2.6,FW,-1.52,0.747619048,0
11487,White,M,35,3.4,FW,0.91,0.761309524,1
11488,White,M,40,3.2,FW,-1.16,0.804761905,1
11489,White,M,36.5,3.5,FW,1.37,0.789583333,1
11490,White,F,36,3,FW,-0.8,0.735714286,1
11491,White,M,34,3.6,FW,-0.25,0.767857143,1
11492,Other,F,42,2.8,FW,0.57,0.791666667,1
11493,White,M,33.5,3.4,FW,0,0.742559524,1
11494,White,M,40,3.6,FW,0.65,0.842857143,1
11495,Asian,M,40,3.4,FW,0.13,0.823809524,1
11496,White,M,39,3.6,FW,0.13,0.830357143,1
11498,White,M,40,3.1,FW,0.46,0.795238095,1
11500,White,F,39,3.4,FW,0.13,0.811309524,1
11501,White,F,42,3.4,FW,1.9,0.848809524,1
11502,Mexican,M,30,3.3,FW,-1.37,0.689285714,0
11503,Asian,M,37,3.4,FW,-1.01,0.786309524,1
11504,White,F,36,3.1,FW,-0.19,0.745238095,1
11505,White,M,40,2.9,FW,-0.76,0.776190476,0
11506,White,F,38,3.3,FW,1.5,0.789285714,1
11507,White,M,40,3.3,FW,1.46,0.814285714,1
11508,White,F,38,3.1,FW,-1.03,0.770238095,1
11509,White,M,36,3.2,FW,0.63,0.754761905,1
11510,Asian,M,35,3.1,NE,-0.51,0.732738095,1
11512,White,M,43,3.6,FW,-1.43,0.880357143,1
11513,White,F,41,3.5,FW,1.03,0.845833333,1
11514,Other,M,38,3.1,FW,0.04,0.770238095,1
11516,White,M,40,3.3,FW,1.2,0.814285714,1
11518,White,M,35,3.3,FW,-0.93,0.751785714,1
11520,White,M,41,2.8,FW,-0.44,0.779166667,1
11522,White,F,42,2.8,FW,0.87,0.791666667,1
11523,Mexican,M,37,3,FW,0.55,0.748214286,1
11524,White,F,39,3.5,FW,2.3,0.820833333,1
11525,White,F,45,2.9,FW,0.59,0.838690476,1
11527,White,F,38,2.6,FW,-0.84,0.722619048,1
11529,White,F,39,3.5,FW,0.34,0.820833333,1
11530,Black,M,22.5,3,FW,-1.39,0.566964286,0
11531,Asian,M,33,2.9,FW,0.32,0.688690476,1
11532,Asian,M,35.5,2.7,FW,-1.58,0.700892857,1
11533,White,M,38,2.9,FW,-1.39,0.751190476,0
11534,Asian,F,40,3.2,FW,0.4,0.804761905,1
11535,White,M,41,3.5,FW,1.69,0.845833333,1
11536,Asian,M,38,3.6,FW,-1.01,0.817857143,1
11537,Asian,F,38,2.9,FW,-0.55,0.751190476,1
11538,White,F,39,3.2,FW,0.74,0.792261905,1
11541,Hispanic,M,40,2.8,FW,-0.04,0.766666667,1
11542,White,M,37,3.4,FW,0.76,0.786309524,1
11544,White,M,38,3.3,FW,0.57,0.789285714,1
11545,White,F,42,3,FW,2.36,0.810714286,1
11546,White,F,37,3.6,FW,1.79,0.805357143,1
11547,White,M,40,2.7,FW,0.34,0.757142857,1
11548,White,M,38,3.7,FW,-0.19,0.827380952,1
11549,White,M,35.5,3.5,FW,-0.13,0.777083333,1
11550,White,F,38,3.4,FW,-0.61,0.798809524,1
11551,White,M,39,3.6,FW,0.32,0.830357143,1
11552,White,M,38,3.3,FW,-0.48,0.789285714,1
11553,White,M,42,3,FW,-0.67,0.810714286,1
11554,White,F,36,3.6,FW,-0.89,0.792857143,1
11555,White,F,42,3,FW,1.6,0.810714286,1
11556,Mexican,M,27,2.9,FW,-1.16,0.613690476,0
11558,Puertorican,M,33,3.5,FW,-1.12,0.745833333,1
11559,Other,F,31,2.9,FW,-0.97,0.663690476,1
11560,Other,M,37,3.9,FW,-0.04,0.833928571,1
11561,White,F,39,3.4,FW,0.19,0.811309524,1
11563,White,F,40,3,FW,-0.63,0.785714286,1
11564,White,F,41,3.1,FW,1.14,0.807738095,1
11566,White,F,39,3.1,FW,-0.08,0.782738095,1
11567,Asian,F,32,2.1,FW,-0.53,0.6,0
11568,White,M,33,2.9,FW,-0.44,0.688690476,1
11569,White,M,42,3.5,FW,-0.84,0.858333333,1
11570,White,F,37,3.4,FW,-0.08,0.786309524,1
11571,White,M,42,3.6,FW,1.63,0.867857143,1
11572,White,M,41,3.4,FW,0.91,0.836309524,1
11573,Hispanic,M,41,3.1,FW,-0.78,0.807738095,1
11574,Asian,F,35,2.4,GL,-1.69,0.666071429,1
11577,White,F,38,3,GL,1.35,0.760714286,1
11578,White,M,36,3.5,GL,1.19,0.783333333,1
11579,White,M,33,3.5,GL,0.66,0.745833333,1
11580,White,M,38,3.2,GL,1.49,0.779761905,1
11581,White,F,44,2.1,GL,0.36,0.75,1
11582,Black,M,33,3.5,GL,-0.49,0.745833333,1
11583,Hispanic,F,37,3.3,GL,-1.03,0.776785714,1
11584,White,M,44,2.9,GL,1.68,0.826190476,1
11585,White,M,37,3.4,GL,1.05,0.786309524,1
11588,White,M,36,2.9,GL,0.1,0.726190476,1
11589,White,F,31.5,3.2,GL,0.56,0.698511905,1
11590,Mexican,F,25,2.8,GL,-1.58,0.579166667,0
11591,White,M,34,3.6,GL,0.85,0.767857143,1
11592,White,F,37,3.1,GL,0.6,0.757738095,1
11593,White,M,38,2.9,GL,-0.51,0.751190476,1
11594,White,M,36.5,2.6,NE,1.47,0.703869048,1
11596,White,M,39,2.9,GL,0.66,0.763690476,1
11597,White,M,32,3.5,GL,-0.79,0.733333333,1
11599,White,M,36,3.1,GL,0.46,0.745238095,1
11600,White,M,36,3.4,GL,-1.42,0.773809524,0
11601,White,M,42,3.5,GL,1.09,0.858333333,1
11602,White,F,34,3,GL,-1.09,0.710714286,1
11603,White,M,34,2.9,GL,-0.14,0.701190476,1
11606,White,F,37,3.5,GL,0.2,0.795833333,1
11608,White,M,37,2.4,Mt,-0.33,0.691071429,1
11609,White,F,37,3.2,GL,1.78,0.767261905,1
11610,White,M,35,3.4,GL,-0.79,0.761309524,1
11611,White,F,34,3.3,GL,-0.39,0.739285714,0
11612,White,M,34,3.1,GL,-1.34,0.720238095,1
11613,White,F,36,2.6,GL,-0.49,0.697619048,1
11614,White,F,40,2.8,GL,-0.2,0.766666667,1
11615,White,F,33,3,GL,0.56,0.698214286,1
11616,White,F,35,3.3,GL,-0.39,0.751785714,0
11617,White,F,28,2,GL,-0.63,0.54047619,1
11618,Black,M,29.5,2.8,GL,-0.33,0.635416667,1
11620,White,F,39,3.1,GL,1.66,0.782738095,1
11621,White,M,33,3.4,GL,-0.04,0.736309524,1
11623,White,F,41,2.5,MS,1.39,0.750595238,1
11624,Black,F,33,2.5,GL,0.56,0.650595238,1
11627,White,M,42,3.7,GL,-1.52,0.877380952,1
11628,Black,F,32,2.9,GL,-1.58,0.676190476,1
11630,Asian,M,31,3,GL,0.06,0.673214286,1
11631,Hispanic,F,29,2.4,GL,-0.41,0.591071429,1
11633,Black,F,27,2.8,GL,-0.77,0.604166667,1
11634,White,M,36,3.6,SE,-0.81,0.792857143,1
11635,White,M,38,3.2,GL,0.08,0.779761905,1
11636,White,M,37,3.5,GL,0.02,0.795833333,1
11639,White,M,40,2.8,GL,-0.04,0.766666667,1
11640,White,M,41,3.4,NE,0.66,0.836309524,1
11642,White,M,36,3.7,GL,-0.33,0.802380952,1
11643,White,M,31,3.5,GL,-0.53,0.720833333,1
11646,Hispanic,F,29,3.5,SE,-0.93,0.695833333,1
11647,White,F,43,3.6,GL,0.4,0.880357143,1
11648,White,F,34,3.3,GL,1.19,0.739285714,1
11649,White,F,37,2.7,GL,-0.24,0.719642857,1
11650,White,F,40,3.2,GL,-0.29,0.804761905,1
11652,Asian,F,34,3.1,GL,0.56,0.720238095,0
11653,Black,F,23,2.6,GL,-0.33,0.535119048,0
11656,White,F,36,3.7,GL,-0.73,0.802380952,0
11657,White,F,41,2.5,GL,0.1,0.750595238,0
11658,White,M,34,3.3,GL,-0.69,0.739285714,1
11659,White,F,40,2.7,GL,1.49,0.757142857,1
11660,White,F,38,2.8,GL,-1.98,0.741666667,1
11661,White,F,41,2.9,GL,1.29,0.788690476,1
11662,White,M,39,2.5,NE,0.38,0.725595238,1
11663,White,M,40,3.2,GL,0.1,0.804761905,1
11665,White,F,37,3.5,GL,1.15,0.795833333,1
11666,White,F,41,2.5,GL,0.85,0.750595238,1
11668,White,F,36,2.3,GL,0.5,0.669047619,1
11670,White,M,34,3.5,GL,0.5,0.758333333,1
11671,Other,M,27,3.7,GL,-0.51,0.689880952,1
11672,White,M,37,3.6,GL,-0.31,0.805357143,1
11673,White,F,46,2.7,GL,0.56,0.832142857,1
11674,Black,M,29,2.1,GL,-1.3,0.5625,1
11675,White,F,36,2.8,GL,-0.41,0.716666667,1
11676,White,F,40,3.6,GL,1.57,0.842857143,1
11679,White,F,43,3.4,GL,0.32,0.861309524,1
11680,White,F,37,3.1,GL,0.56,0.757738095,1
11681,White,M,41,3.2,GL,0.77,0.817261905,1
11682,White,M,35,3.3,NE,-1.52,0.751785714,1
11683,Puertorican,M,35,2.6,GL,-1.17,0.685119048,1
11685,Black,M,29,2.7,GL,0.12,0.619642857,1
11686,White,F,43,3.1,GL,-0.18,0.832738095,1
11687,Hispanic,F,31,3.1,GL,-0.71,0.682738095,1
11688,White,M,34,3.2,GL,0.91,0.729761905,1
11689,White,M,42,3.7,GL,0.28,0.877380952,1
11690,Asian,F,32,3.2,GL,-1.01,0.704761905,1
11693,White,F,35,2.8,GL,-1.11,0.704166667,1
11694,White,F,34,3,GL,-0.81,0.710714286,1
11695,White,F,38,3.2,GL,-0.18,0.779761905,1
11696,White,F,37,2.8,GL,1.35,0.729166667,1
11697,White,F,32.5,2.8,GL,-0.67,0.672916667,1
11698,White,M,39,3.5,GL,1.41,0.820833333,1
11699,White,M,37,2.9,GL,-0.51,0.738690476,1
11700,White,F,35,3.1,GL,-0.83,0.732738095,1
11701,White,M,42,2.7,GL,1.07,0.782142857,1
11702,White,M,37,3,GL,-0.91,0.748214286,1
11703,White,F,35,3.4,MW,-1.32,0.761309524,0
11706,White,F,41,3.3,GL,1.37,0.826785714,1
11709,White,F,45,3.9,GL,0.71,0.933928571,1
11710,White,F,39,2.7,GL,-0.93,0.744642857,1
11711,White,F,31.5,3.4,GL,-0.27,0.717559524,1
11712,White,M,39,3,GL,-0.33,0.773214286,1
11713,White,F,32.5,3.1,GL,0.28,0.701488095,1
11714,White,F,41,3.2,GL,1.17,0.817261905,1
11715,Asian,M,36.5,3,GL,0.62,0.741964286,1
11716,White,M,41,2.9,GL,0.81,0.788690476,1
11719,Asian,M,30,2.7,GL,-0.73,0.632142857,1
11720,White,F,38,3,MW,0.48,0.760714286,0
11721,Hispanic,M,41,3.1,GL,1.41,0.807738095,1
11722,White,M,40,3,GL,1.15,0.785714286,1
11723,White,M,40,3.5,GL,-0.37,0.833333333,1
11726,White,M,36,3.5,GL,0.22,0.783333333,1
11727,White,F,42,3.8,GL,0.87,0.886904762,1
11728,White,M,39,2.9,GL,-1.03,0.763690476,0
11729,White,M,48,3.2,GL,1.55,0.904761905,1
11730,White,M,35,3.2,FW,0.02,0.742261905,0
11731,White,F,36,3.1,GL,-0.53,0.745238095,1
11732,White,M,42,3.3,GL,-0.02,0.839285714,1
11733,Asian,F,38,2.5,GL,-1.86,0.713095238,1
11734,White,F,38,2.8,GL,0.32,0.741666667,1
11735,White,F,39,2.9,GL,0.08,0.763690476,1
11736,White,F,45,2.6,GL,0.66,0.810119048,1
11737,White,F,43,3,GL,0.22,0.823214286,1
11738,Black,F,35,2.4,GL,-0.71,0.666071429,1
11739,White,F,42,2.9,GL,0.68,0.801190476,1
11740,White,F,38,3.1,GL,0.32,0.770238095,1
11741,White,F,38,3.5,GL,-1.4,0.808333333,1
11742,White,F,40,3.6,GL,1.61,0.842857143,1
11745,White,M,35,3.4,GL,0.75,0.761309524,1
11747,White,M,35,3.1,GL,-0.51,0.732738095,1
11748,White,M,34,3.3,GL,-0.02,0.739285714,1
11749,Asian,M,36,2.8,GL,-1.17,0.716666667,1
11750,Hispanic,F,26,3.2,GL,-1.86,0.629761905,1
11751,White,F,38,2.7,GL,0.12,0.732142857,1
11752,White,M,36,3,GL,0.26,0.735714286,1
11753,White,F,40,3.3,GL,0.46,0.814285714,1
11754,White,F,40,3,GL,1.84,0.785714286,1
11755,White,F,37,3.3,GL,-0.02,0.776785714,1
11756,White,M,42,2.8,GL,1.27,0.791666667,1
11758,White,F,46,3,GL,0.58,0.860714286,1
11759,White,M,38,2.4,GL,1.57,0.703571429,1
11760,White,F,36,3.2,GL,1.47,0.754761905,1
11761,White,M,39,2.5,GL,-0.18,0.725595238,1
11762,White,M,36,3.4,GL,0.66,0.773809524,1
11763,White,M,40,3.2,GL,0.32,0.804761905,1
11764,White,M,34,3.6,GL,0.46,0.767857143,1
11766,White,F,44,3,GL,0.75,0.835714286,1
11767,White,M,40,3.2,GL,1.11,0.804761905,1
11768,Black,M,34,2.5,GL,-1.82,0.663095238,0
11769,White,F,38,3.8,GL,0.26,0.836904762,1
11770,White,M,34,3.3,GL,-0.47,0.739285714,1
11771,White,F,35,3.1,GL,1.15,0.732738095,1
11773,White,F,35,3.3,GL,0.91,0.751785714,1
11774,Mexican,F,34,3.3,GL,-0.08,0.739285714,1
11775,White,F,36,3.2,SE,-0.12,0.754761905,1
11776,White,F,44,3,GL,1.41,0.835714286,1
11777,White,F,43,2.5,SE,-1.6,0.775595238,1
11778,White,M,37,3.2,GL,-0.87,0.767261905,1
11780,White,F,36,2.6,GL,1.45,0.697619048,1
11781,White,M,36,2.8,NG,0.08,0.716666667,1
11782,White,M,43,3.3,GL,0.95,0.851785714,1
11783,White,M,41,3.1,GL,0.06,0.807738095,1
11784,White,M,38,3,GL,-0.12,0.760714286,1
11785,White,F,42,3.2,GL,1.05,0.829761905,1
11787,White,F,39,3.4,GL,0.87,0.811309524,1
11788,White,F,39,2.9,GL,-1.2,0.763690476,1
11789,White,F,39,2.8,NE,0.06,0.754166667,1
11790,White,F,40,3.1,GL,1.17,0.795238095,1
11791,White,F,34.5,2.9,Mt,0.08,0.707440476,1
11792,White,M,40,2.9,GL,-1.22,0.776190476,1
11793,Black,F,24,2.8,SE,-1.86,0.566666667,1
11794,White,F,40,2.8,GL,1.27,0.766666667,1
11796,White,M,40,3.4,GL,1.25,0.823809524,1
11798,White,F,35,2.9,GL,-0.41,0.713690476,1
11799,White,M,41,2.8,GL,0.16,0.779166667,1
11800,White,F,32.5,3.2,SE,-0.53,0.711011905,1
11802,White,M,42,2.9,GL,0.26,0.801190476,1
11804,White,M,42,3.2,Mt,-0.33,0.829761905,1
11805,White,F,34.5,3.1,GL,0.56,0.726488095,1
11806,White,F,37,3.2,GL,0.32,0.767261905,1
11808,White,M,38,3,GL,0.87,0.760714286,1
11809,White,F,39,3.4,GL,0.58,0.811309524,1
11810,White,F,35,3.4,GL,-1.17,0.761309524,1
11811,White,F,44,2.7,GL,-0.14,0.807142857,1
11812,Puertorican,F,26.5,2.9,GL,-0.81,0.607440476,1
11813,White,F,37,3.2,GL,-0.04,0.767261905,1
11814,White,F,35,3.6,GL,1.37,0.780357143,1
11815,White,F,36,3.4,GL,0.71,0.773809524,1
11816,White,F,36,3.4,GL,0.42,0.773809524,1
11817,White,F,43,2.6,GL,0.58,0.785119048,1
11818,Black,M,28,2.2,GL,-2.31,0.55952381,1
11819,Black,M,28.5,2.6,GL,-1.42,0.603869048,1
11820,White,F,36,2.9,NG,-0.18,0.726190476,1
11822,Mexican,F,27,2.3,GL,-1.26,0.556547619,1
11823,White,F,41,3.1,GL,0.87,0.807738095,1
11825,White,M,38,3.2,GL,0.97,0.779761905,1
11826,White,F,42,2.9,GL,0.62,0.801190476,1
11827,White,M,36,3.2,GL,-1.3,0.754761905,1
11828,Other,M,37,2.6,GL,-1.72,0.710119048,1
11829,White,F,40,2.6,FW,-0.04,0.747619048,1
11830,Black,M,34,2.7,GL,-1.9,0.682142857,0
11831,White,F,39,3.1,SE,0.91,0.782738095,1
11832,White,M,37,2.9,GL,0.26,0.738690476,1
11833,White,F,44,2.4,GL,1.65,0.778571429,1
11834,Mexican,F,35,2.7,GL,-0.67,0.694642857,1
11835,Asian,F,35.5,3.1,GL,0.58,0.738988095,1
11836,White,M,37,3,SC,1.15,0.748214286,1
11837,White,M,37,3.5,GL,-1.03,0.795833333,1
11838,White,M,37,3,GL,0.36,0.748214286,1
11839,White,M,35,3.4,GL,-1.11,0.761309524,1
11840,White,M,41,3.8,GL,1.57,0.874404762,1
11841,White,F,38,3,GL,0.97,0.760714286,1
11842,Black,M,28,3.1,GL,-1.13,0.645238095,1
11843,White,M,35,3.7,GL,0.85,0.789880952,1
11844,White,F,42,2.9,GL,0.42,0.801190476,1
11845,Hispanic,F,24.5,2.9,SE,-2.1,0.582440476,0
11847,Mexican,F,37,3.2,NE,-1.56,0.767261905,0
11848,White,M,35.5,3.1,GL,-0.04,0.738988095,1
11849,White,M,35,3.1,GL,-1.46,0.732738095,1
11850,White,F,37,3,GL,-0.61,0.748214286,1
11851,Asian,F,33.5,2.6,GL,-1.03,0.666369048,1
11852,White,F,40,2.5,SC,0.48,0.738095238,1
11853,Black,M,27,3.1,GL,-0.41,0.632738095,1
11854,White,M,39,2.9,GL,-0.02,0.763690476,1
11855,White,M,42,3,GL,0.85,0.810714286,1
11856,White,F,43,3.3,GL,0.18,0.851785714,1
11857,White,F,40,3.2,GL,-0.02,0.804761905,1
11859,White,M,39,3,GL,-1.7,0.773214286,1
11860,Black,M,24,3.3,GL,-1.6,0.614285714,0
11862,White,M,39.5,3.3,GL,0.36,0.808035714,1
11863,White,M,40,3,GL,-0.08,0.785714286,1
11864,Asian,M,29,3.8,GL,-1.2,0.724404762,1
11865,White,M,42,3.4,GL,1.25,0.848809524,1
11867,Black,M,32,2.5,GL,-0.97,0.638095238,1
11868,Asian,F,29.5,3.1,GL,-0.18,0.663988095,1
11869,White,M,42,3.8,Mt,-0.02,0.886904762,1
11870,Asian,F,34,3.4,GL,0.36,0.748809524,1
11872,White,M,36,3.3,GL,-0.04,0.764285714,1
11873,White,M,36.5,2.5,GL,-0.51,0.694345238,1
11874,White,F,43.5,3.5,GL,1.84,0.877083333,1
11875,White,M,41,3.4,GL,0.71,0.836309524,1
11876,White,M,38,3.6,GL,0.77,0.817857143,1
11877,White,M,37,2.9,GL,-0.14,0.738690476,1
11878,White,F,47,3.6,NE,1.41,0.930357143,1
11879,White,F,38,3.1,GL,-0.63,0.770238095,1
11880,White,M,41,3.4,GL,0.26,0.836309524,1
11881,Asian,F,40.5,3.9,NE,1.45,0.877678571,1
11882,White,M,35,3.4,GL,0.71,0.761309524,1
11883,White,F,45,3.8,GL,1.57,0.924404762,1
11884,White,F,34,3.4,GL,-0.02,0.748809524,1
11885,White,F,41,2.9,GL,0.75,0.788690476,1
11886,White,M,41,3,GL,1.01,0.798214286,1
11887,White,F,36,3.4,GL,0.77,0.773809524,1
11888,White,M,37,3,GL,1.05,0.748214286,1
11889,White,M,45,3.2,GL,1.15,0.867261905,1
11890,White,M,39,2.8,MS,-0.14,0.754166667,1
11891,White,F,40,2.9,GL,-0.08,0.776190476,1
11892,White,F,35.5,3.1,GL,0.46,0.738988095,1
11893,White,M,47,3.6,GL,0.95,0.930357143,1
11894,White,M,36,3.2,GL,0.28,0.754761905,1
11895,White,M,42,3.3,GL,1.27,0.839285714,1
11896,White,M,38,3.1,GL,0.32,0.770238095,1
11897,White,M,39,3.4,MS,1.01,0.811309524,1
11898,White,F,37,3.5,GL,0.62,0.795833333,1
11899,White,F,38,2.9,GL,1.45,0.751190476,1
11900,White,M,40,3.5,GL,1.65,0.833333333,1
11901,White,M,38,2.6,GL,-0.24,0.722619048,1
11902,White,M,32.5,2.8,GL,-0.83,0.672916667,0
11903,White,M,41,3.1,GL,0.86,0.807738095,1
11905,White,F,35,2.9,GL,-0.24,0.713690476,1
11906,White,M,33,3.7,GL,-0.33,0.764880952,1
11907,White,M,42,3.1,GL,1.28,0.820238095,1
11908,White,F,31,3.4,GL,-1.45,0.711309524,1
11909,White,M,35,3.1,NW,-1.38,0.732738095,0
11910,White,F,40,2.7,GL,1.61,0.757142857,1
11911,White,F,39,2.9,GL,-0.17,0.763690476,1
11912,White,F,41,2.6,GL,-0.14,0.760119048,1
11913,White,M,39,3.6,MW,2.07,0.830357143,1
11915,White,M,35,3.1,GL,0.07,0.732738095,1
11916,White,F,36,2.4,MW,1.35,0.678571429,1
11917,White,M,31,3.5,NW,-0.96,0.720833333,1
11918,White,M,34,3.2,MW,0.25,0.729761905,1
11920,White,F,35,3.8,GL,-0.7,0.799404762,1
11921,White,M,31,3.5,GL,-0.03,0.720833333,1
11922,White,F,37,3.2,GL,0.7,0.767261905,1
11923,White,F,32,3.5,GL,-0.24,0.733333333,1
11924,White,F,32,4,GL,1.68,0.780952381,1
11925,White,F,35,2.9,GL,0.25,0.713690476,1
11926,White,F,33,3.3,GL,0.32,0.726785714,1
11927,White,F,34,3.3,GL,-0.82,0.739285714,1
11929,Black,M,26,2.6,NE,-1.26,0.572619048,0
11930,Black,M,30,2.7,NE,-1.69,0.632142857,0
11931,Black,M,23.5,3.3,NE,-2.72,0.608035714,0
11932,White,F,34.5,3.1,NE,0.05,0.726488095,1
11933,White,F,40,2.9,NE,1.96,0.776190476,1
11935,White,M,38,3.2,NE,-0.84,0.779761905,1
11936,Black,M,27,2.7,NE,-1.65,0.594642857,1
11937,White,M,39,3.2,NE,-0.33,0.792261905,1
11938,White,F,39,3.3,NG,0.55,0.801785714,1
11939,Puertorican,F,29,3,NE,-2.11,0.648214286,1
11940,White,F,39,3,NE,-0.12,0.773214286,1
11941,White,F,40,3.3,NE,1.13,0.814285714,1
11942,White,F,42,3.1,NE,1.57,0.820238095,1
11943,White,F,39,3.4,NE,1.71,0.811309524,1
11944,White,F,39,3.3,NG,2.47,0.801785714,1
11946,White,M,32.7,3.1,NE,-0.37,0.703988095,1
11947,White,F,29,3,NG,-0.44,0.648214286,1
11949,White,F,22,2.7,NE,-1.8,0.532142857,1
11950,White,F,37,3.6,NG,-0.55,0.805357143,1
11951,White,F,38,3.3,NE,0.12,0.789285714,1
11952,White,F,40,3,NE,0.12,0.785714286,1
11953,White,F,39,2.6,NE,-0.04,0.735119048,1
11954,Black,F,29,2.9,SE,-0.64,0.638690476,1
11955,White,M,33,3.3,MS,-0.35,0.726785714,1
11957,White,F,39,2.5,NE,-0.21,0.725595238,1
11958,Other,F,47,2.5,NE,0.59,0.825595238,1
11959,White,F,38,3.4,MS,2.34,0.798809524,1
11960,White,F,40,2.6,NE,-0.06,0.747619048,1
11961,White,F,32.5,3.8,NE,-0.91,0.768154762,1
11962,White,F,37,3.7,NE,1.08,0.814880952,1
11963,White,F,37,3,NE,-0.59,0.748214286,1
11964,White,F,36,3.4,NE,0.37,0.773809524,1
11965,White,F,36,3.3,NE,-0.17,0.764285714,1
11966,White,M,35,3.4,GL,-0.49,0.761309524,1
11967,White,M,39,3.3,NE,1.19,0.801785714,1
11968,White,F,37,2.3,NE,-0.8,0.681547619,1
11969,White,F,38,3.3,NE,0.37,0.789285714,1
11970,White,F,44,2.9,NG,0.61,0.826190476,1
11971,Black,M,26.5,3.2,MS,-0.95,0.636011905,0
11972,White,M,39,2.8,NE,0.61,0.754166667,1
11973,Hispanic,F,25,2.7,NE,0.23,0.569642857,1
11974,White,M,40,3,NE,1.13,0.785714286,1
11975,Asian,M,36,3.3,NE,-1.42,0.764285714,0
11976,White,M,37,3.4,NE,-0.84,0.786309524,1
11978,White,F,39,3.4,NE,0.75,0.811309524,1
11979,White,M,33,2.6,NE,-0.75,0.660119048,1
11980,Black,M,34,3.1,NE,-0.1,0.720238095,0
11981,White,F,36,3.6,NE,1.64,0.792857143,1
11982,White,M,36,3.3,NG,0.3,0.764285714,1
11983,White,F,36,3.1,NE,0.37,0.745238095,1
11984,White,F,36,3,NE,-0.62,0.735714286,1
11985,White,F,45,2.9,NE,0.37,0.838690476,1
11986,Black,F,32,3.3,SE,-0.66,0.714285714,0
11987,White,M,37,3.1,NE,-0.73,0.757738095,1
11988,White,F,33.5,2.8,GL,0.7,0.685416667,1
11989,White,F,34.5,3.5,NE,-0.15,0.764583333,1
11990,White,F,40,2.5,NE,-0.21,0.738095238,1
11992,White,M,39,3.5,SE,0.95,0.820833333,1
11993,White,F,40,2.3,MS,-1.13,0.719047619,1
11994,White,F,32.5,3.2,NG,-0.33,0.711011905,1
11995,White,F,39,2.6,NG,-0.24,0.735119048,1
11997,White,F,36,2.9,NE,-1.04,0.726190476,1
11998,White,F,38,3.1,Mt,1.47,0.770238095,1
11999,Black,M,29,3,NE,-2.16,0.648214286,0
12000,White,M,39,3,NE,0.57,0.773214286,1
12001,White,M,35.5,3.2,NG,-1.13,0.748511905,1
12002,White,F,36,2.8,NE,0.48,0.716666667,1
12003,White,F,39,2.7,NE,-0.66,0.744642857,1
12004,White,M,39,3.5,NE,1.24,0.820833333,1
12005,White,M,37,3.5,NG,1.31,0.795833333,1
12006,White,F,48,3.3,NE,0.7,0.914285714,1
12008,White,F,36,2.9,GL,-0.89,0.726190476,1
12009,White,F,37,3.6,NE,0.59,0.805357143,1
12010,White,M,41,3.2,NE,0.21,0.817261905,1
12011,White,M,41,2.7,NE,1.44,0.769642857,1
12012,White,F,42,3.2,NE,0.75,0.829761905,1
12013,White,M,38,3.3,NE,0.39,0.789285714,1
12014,White,F,38.5,3,NE,-0.08,0.766964286,1
12015,White,M,39.5,3.2,NE,0.03,0.798511905,1
12016,White,F,39,2.7,NE,-0.28,0.744642857,1
12017,White,M,33.5,2.9,NE,-0.21,0.694940476,1
12018,White,F,28,3,GL,-0.19,0.635714286,1
12019,Black,M,33,3,NE,-0.33,0.698214286,0
12020,Hispanic,F,31,3.2,NE,-0.64,0.692261905,1
12021,White,F,40,3.1,NE,-0.06,0.795238095,1
12022,Other,M,41,3.6,NE,0.23,0.855357143,1
12023,White,F,38,3,NE,1.62,0.760714286,1
12024,White,F,41,2.8,FW,0.19,0.779166667,1
12025,White,M,35.5,3.3,NE,-0.37,0.758035714,1
12026,Asian,F,40,3.4,NE,1.33,0.823809524,1
12027,White,M,37.5,3.5,NE,-0.21,0.802083333,0
12028,Hispanic,M,35,3.8,GL,-0.52,0.799404762,1
12029,White,M,38,3.1,NE,0.93,0.770238095,1
12030,White,M,41,3.3,NE,-1.65,0.826785714,0
12031,White,F,41,3.1,NE,-0.59,0.807738095,1
12032,White,F,38,3.5,NE,0.19,0.808333333,1
12033,White,M,29,2.8,NE,-0.59,0.629166667,1
12034,White,M,39,3.3,NE,-0.64,0.801785714,1
12035,White,F,26.5,2.5,NE,-1.65,0.569345238,0
12036,White,M,39,3.2,NE,1.17,0.792261905,1
12037,White,F,40,2.8,NE,-0.15,0.766666667,1
12038,White,M,45,3.6,NE,1.78,0.905357143,1
12039,White,M,40,2.7,GL,0.11,0.757142857,1
12040,White,F,36.5,3.2,NE,-1.13,0.761011905,1
12041,Puertorican,M,24,3.1,NE,-1.18,0.595238095,0
12043,White,F,39,3.2,NE,-0.15,0.792261905,1
12044,White,F,36.5,3.4,NE,1.08,0.780059524,1
12045,White,F,41,2.7,SE,-0.71,0.769642857,0
12047,White,F,37,3.3,NE,-0.08,0.776785714,0
12049,White,M,40,2.7,NE,0.75,0.757142857,1
12050,Black,F,30,2.5,NE,-0.88,0.613095238,0
12051,White,F,37,3.6,NE,1.24,0.805357143,1
12052,White,F,38,3.1,NE,0.84,0.770238095,1
12053,White,M,28,2.9,NE,-0.66,0.626190476,1
12054,White,F,26,2.9,NE,-2.09,0.601190476,0
12055,White,M,30,2.9,NE,0.55,0.651190476,1
12056,White,F,44,3,NE,0.12,0.835714286,1
12057,White,F,41,3.2,NG,0.66,0.817261905,1
12058,White,F,36,3.3,GL,0.74,0.764285714,1
12059,White,M,36,3.3,NE,0.01,0.764285714,1
12060,White,F,38,3,NE,1.33,0.760714286,1
12061,White,F,40,3.2,NG,0.99,0.804761905,1
12062,White,F,41,3.5,NE,-1.29,0.845833333,1
12063,White,M,38,3.5,NE,-0.06,0.808333333,1
12064,Hispanic,F,36,2.7,NE,-0.26,0.707142857,1
12065,White,F,26.5,2.6,NE,-1.44,0.578869048,1
12066,White,F,40,3,NE,0.86,0.785714286,1
12067,White,F,40,2.8,NE,2,0.766666667,1
12068,White,F,41,2.4,NE,0.32,0.741071429,1
12069,White,M,37,3.6,GL,0.23,0.805357143,1
12070,White,F,40,2.6,NE,0.93,0.747619048,1
12071,White,F,41,3.2,NE,-0.68,0.817261905,1
12072,White,F,42,3.3,NE,-1.33,0.839285714,1
12073,White,M,38,3.4,NG,0.52,0.798809524,1
12074,White,F,39,2.7,NE,0.57,0.744642857,1
12075,White,F,24,2.9,NE,-0.91,0.576190476,0
12076,White,F,38,3.4,NE,1.33,0.798809524,1
12077,White,M,36.5,3.5,NE,-0.93,0.789583333,1
12078,White,M,35,3.7,GL,1.02,0.789880952,1
12079,White,M,40,3,NE,1.17,0.785714286,1
12080,White,M,42,3.3,NE,0.28,0.839285714,1
12081,White,F,31,3.9,NE,0.55,0.758928571,1
12082,White,F,37.5,3.3,NE,0.73,0.783035714,1
12084,White,F,41,3.1,NE,0.5,0.807738095,1
12085,White,F,40,3.3,NE,-0.12,0.814285714,0
12086,Asian,F,31,3.6,NE,-1.13,0.730357143,0
12087,White,F,43,3.7,NG,0.61,0.889880952,1
12088,White,M,41,3.3,NE,-0.06,0.826785714,1
12089,White,M,33,2.8,NE,0.97,0.679166667,1
12090,White,M,28.5,2.4,NE,-0.86,0.584821429,0
12091,White,F,39,3.1,NE,-0.06,0.782738095,1
12092,White,F,37,3.6,NE,0.9,0.805357143,1
12093,White,F,37,3.6,NE,-0.01,0.805357143,1
12094,White,M,41,3.4,NE,1.35,0.836309524,1
12095,White,M,46,2.4,NE,1.11,0.803571429,1
12096,White,F,31,2.9,NE,-0.64,0.663690476,1
12097,White,M,35,3,NE,0.28,0.723214286,1
12098,White,M,36,3.3,FW,-0.08,0.764285714,0
12099,White,M,30,3.1,MS,-0.1,0.670238095,0
12101,Black,F,28,3.1,NE,-0.48,0.645238095,1
12102,White,F,37,3.7,NE,-0.08,0.814880952,1
12103,Black,M,30,3,NE,-0.1,0.660714286,1
12104,White,F,44,3.1,NE,1.35,0.845238095,1
12106,White,F,42,3.7,NE,0.46,0.877380952,1
12107,White,M,39,3.1,NE,0.1,0.782738095,1
12108,White,M,27.5,2.7,NE,-1.02,0.600892857,0
12109,White,F,37,3.2,GL,0.74,0.767261905,1
12110,White,M,39,3,NE,0.59,0.773214286,1
12111,White,F,39,2.9,NE,-0.91,0.763690476,1
12112,White,M,40,3.5,NE,-0.64,0.833333333,1
12113,Black,F,29,2.6,NE,-1.22,0.610119048,1
12114,White,M,40,2.8,NG,0.26,0.766666667,1
12115,White,M,48,3.4,NE,0.77,0.923809524,1
12116,White,M,40,3.3,NE,0.23,0.814285714,1
12117,Puertorican,M,34,2.6,NE,-1.44,0.672619048,1
12118,White,M,39,3.6,NE,-0.44,0.830357143,1
12119,White,M,35.5,3.4,GL,-0.21,0.767559524,1
12120,White,M,37,3.1,NE,-0.5,0.757738095,1
12121,White,F,46,2.5,NE,0.21,0.813095238,1
12122,White,M,44,3.7,NE,0.03,0.902380952,1
12123,White,F,39,2.7,NE,0.37,0.744642857,1
12124,White,F,35,3.5,NG,0.3,0.770833333,0
12125,White,M,39,3.3,NE,1.15,0.801785714,1
12126,White,F,40,3.1,NE,-1.58,0.795238095,1
12127,White,M,38,3.1,NE,0.46,0.770238095,1
12129,White,M,48,3.9,NE,2.02,0.971428571,1
12130,Puertorican,F,29,2.9,NE,0.03,0.638690476,0
12131,White,F,39,3.3,NE,0.08,0.801785714,1
12132,White,M,38,3.2,NE,-1.04,0.779761905,1
12133,White,M,36,3.9,NE,0.93,0.821428571,1
12134,Hispanic,M,32,2.7,NE,-0.3,0.657142857,1
12135,White,F,41,2.9,NE,-0.28,0.788690476,1
12136,White,F,40,3,NE,-0.62,0.785714286,1
12137,White,F,32,3.4,NE,-0.75,0.723809524,1
12139,Hispanic,M,24,2.9,NE,-1.38,0.576190476,0
12140,Puertorican,F,36,3,NE,-1.04,0.735714286,1
12141,White,F,37.5,3.4,NE,0.95,0.792559524,1
12142,White,F,44,2.7,NE,0.35,0.807142857,1
12143,White,M,38,2.9,NE,-0.17,0.751190476,1
12144,Asian,F,40,3.2,NE,-0.59,0.804761905,0
12145,White,F,37,3.5,NE,-1.02,0.795833333,1
12146,White,F,37.5,2.8,NE,0.17,0.735416667,1
12147,Hispanic,M,42,3.3,NE,1.33,0.839285714,1
12148,Black,M,25,2.7,NE,0.97,0.569642857,1
12149,White,F,39,3.2,GL,1.37,0.792261905,1
12150,White,F,26.5,3.9,NE,-2.23,0.702678571,0
12151,White,F,38,3.3,NE,-0.95,0.789285714,0
12152,White,M,37,2.5,NE,-0.46,0.700595238,1
12153,White,M,38,3.8,NE,0.9,0.836904762,1
12154,Hispanic,M,36,3.7,NE,0.26,0.802380952,0
12155,White,F,47,3.3,NE,1.64,0.901785714,1
12156,White,F,39.5,3.2,NG,1.49,0.798511905,1
12157,White,F,31,2.7,NE,-1.6,0.644642857,0
12158,White,M,33,3.9,GL,0.28,0.783928571,1
12159,White,M,35.5,3.3,NE,1.22,0.758035714,1
12160,White,F,30,3.2,NE,-1.51,0.679761905,0
12161,White,M,40,3.3,MS,1.96,0.814285714,1
12162,White,F,39,2.9,NE,-0.06,0.763690476,1
12163,White,M,41,3.3,NE,0.48,0.826785714,1
12164,White,F,46,2.9,NE,1.02,0.851190476,1
12165,White,F,39,3,NE,0.68,0.773214286,1
12166,White,F,40,3.1,NE,0.7,0.795238095,1
12167,White,M,29.5,3.3,NE,1.24,0.683035714,1
12168,White,F,40,2.9,NE,-0.21,0.776190476,1
12169,White,F,38,3,GL,1.3,0.760714286,1
12170,White,M,40,2.8,NE,0.64,0.766666667,1
12171,White,F,38,3.2,NE,-1.85,0.779761905,1
12172,White,F,36,3.3,NE,0.43,0.764285714,1
12173,White,F,36,3,NE,-0.8,0.735714286,1
12174,White,F,33,3.1,NE,-0.24,0.707738095,1
12175,White,F,39,3.1,NE,0.61,0.782738095,1
12176,White,F,39,3,NE,0.59,0.773214286,1
12177,White,F,36,2.8,NE,1.02,0.716666667,1
12178,White,F,45,2.7,NE,0.77,0.819642857,1
12179,White,M,34,3.9,GL,1.28,0.796428571,1
12180,White,M,35,3.3,MS,-0.18,0.751785714,1
12181,White,F,38,3.5,MS,-1.95,0.808333333,0
12182,White,M,37,3.7,MS,1.94,0.814880952,1
12183,White,F,32,3.2,MS,-0.14,0.704761905,1
12184,White,F,39,2.5,MS,1.7,0.725595238,1
12185,White,F,38,3.8,MS,1.38,0.836904762,1
12186,White,M,37,3.7,MS,0.95,0.814880952,1
12187,White,F,36,3.1,NE,-1.06,0.745238095,1
12188,White,F,41,3.9,MW,1.94,0.883928571,1
12189,White,F,34,3.9,MS,1.44,0.796428571,1
12191,White,F,42,2.5,MS,0,0.763095238,1
12192,White,M,30.5,3.3,MS,-0.52,0.695535714,1
12193,White,F,34,3.2,MS,-0.96,0.729761905,1
12194,White,M,32,3,MS,-0.72,0.685714286,0
12195,White,F,32,2.8,MS,-1.02,0.666666667,1
12196,White,F,33,3.5,MS,-0.44,0.745833333,0
12197,White,F,42,2.7,NE,1.13,0.782142857,1
12198,White,F,31,3.3,GL,-0.24,0.701785714,1
12199,White,F,33.5,3.1,MS,1.07,0.713988095,1
12200,White,F,32,3,MS,-1.12,0.685714286,0
12201,White,F,33,3.3,GL,1.23,0.726785714,1
12202,White,F,33.5,3.4,NE,0.45,0.742559524,1
12203,White,F,41,3,MS,0.27,0.798214286,0
12204,White,F,37,3.2,MS,0.02,0.767261905,1
12205,Black,M,30,3.2,NE,1.17,0.679761905,1
12206,White,F,39,2.9,MS,-0.74,0.763690476,0
12208,White,F,34,2.7,MS,-1.71,0.682142857,0
12209,White,M,33,3.4,MS,-0.3,0.736309524,1
12210,White,F,40,2.1,MS,-0.28,0.7,1
12212,White,F,30,3.2,GL,-0.84,0.679761905,0
12213,White,F,35.5,2.9,MS,1.19,0.719940476,1
12214,White,F,39,3.3,MS,-0.32,0.801785714,1
12215,White,F,35,3.2,MS,0.15,0.742261905,1
12216,White,F,30,3.3,MS,-1.08,0.689285714,1
12218,White,F,40,3.5,MS,1.96,0.833333333,1
12219,White,F,32,3.7,NE,1.44,0.752380952,1
12221,White,F,34,3.7,GL,0.95,0.777380952,1
12222,White,F,35,2.9,MS,-0.26,0.713690476,1
12223,White,F,43,2.5,SC,0.79,0.775595238,1
12224,White,M,32,3.8,NE,0.17,0.761904762,1
12225,White,F,33,2.9,GL,0.33,0.688690476,1
12226,White,M,35,3.2,MS,0,0.742261905,1
12228,White,M,39,2.9,MS,-0.54,0.763690476,1
12230,White,M,25,3.5,MS,1.15,0.645833333,1
12231,White,F,33.5,3.3,MS,0.47,0.733035714,1
12233,White,F,35,3.3,MS,0.87,0.751785714,1
12234,White,F,32,3.2,MS,0.33,0.704761905,1
12235,White,M,43,3.2,MS,1.05,0.842261905,1
12236,White,F,36,3.1,MS,-0.68,0.745238095,1
12237,White,F,38,3.4,MS,-1.51,0.798809524,1
12238,White,M,27,3.5,MS,-1.31,0.670833333,0
12239,White,M,33,3.1,MS,0.11,0.707738095,1
12240,White,F,34,4,GL,-1.36,0.805952381,1
12241,White,M,32,3.2,MS,-0.44,0.704761905,1
12242,White,M,32,3.8,MS,0.81,0.761904762,1
12243,White,M,30,3.6,MS,0.25,0.717857143,1
12245,White,M,40,3.8,MS,1.94,0.861904762,1
12246,White,M,36,3.4,NE,-0.44,0.773809524,1
12247,White,M,37,3.6,MS,0.23,0.805357143,1
12248,White,M,36,3.6,NE,0.09,0.792857143,1
12249,White,F,29.5,3.5,MS,-0.6,0.702083333,1
12250,White,M,29.5,3.1,MS,0.31,0.663988095,1
12252,White,F,28.5,3.7,MS,-0.6,0.708630952,0
12254,White,F,35,3.2,MS,1.23,0.742261905,1
12255,White,M,33,3.6,MS,1.13,0.755357143,1
12256,White,F,31,3.2,MS,-0.52,0.692261905,1
12257,White,M,34,3.4,MS,0.69,0.748809524,1
12258,Black,M,22,3.7,MS,-1.99,0.627380952,0
12259,White,M,33.5,3.7,MS,0.71,0.771130952,1
12260,White,F,37,2.6,MS,-0.4,0.710119048,1
12263,White,F,42,3.1,MS,-0.74,0.820238095,1
12264,White,M,34,3.4,MS,-0.96,0.748809524,1
12265,White,M,35,3.1,MS,-0.42,0.732738095,1
12266,White,F,36,2.8,SE,0,0.716666667,1
12267,Hispanic,F,24.7,2.8,SE,-1.29,0.575416667,1
12268,White,M,39,2.8,MS,-0.14,0.754166667,1
12269,White,F,34,3.2,MS,-0.44,0.729761905,1
12270,Black,M,22,3.1,MS,-1.63,0.570238095,0
12271,White,M,38,2.8,MS,-0.74,0.741666667,1
12272,White,F,34,2.6,MS,-0.9,0.672619048,1
12273,White,M,36,3.1,GL,-0.24,0.745238095,1
12274,White,F,37,2.8,MS,1.19,0.729166667,1
12275,Asian,F,39,2.6,MS,-0.92,0.735119048,1
12276,White,F,30,3.6,MS,1.42,0.717857143,1
12277,White,F,38,2.6,MS,0.15,0.722619048,1
12278,White,M,35,3.6,MS,1.07,0.780357143,1
12279,White,M,34,3,MS,0.15,0.710714286,1
12280,White,F,33.5,3.5,MS,-1.41,0.752083333,0
12282,White,M,37,2.5,MS,0.37,0.700595238,1
12283,White,F,26.7,3.5,MS,-0.28,0.667083333,1
12285,White,F,38,2.6,MS,-1.47,0.722619048,0
12288,White,M,39,3.5,MS,1.96,0.820833333,1
12289,White,M,33,3.3,MS,0.25,0.726785714,1
12290,White,F,35,2.4,MS,0.47,0.666071429,1
12291,White,F,36,2.8,MS,0.97,0.716666667,1
12292,Black,M,35,2.3,MS,-1.29,0.656547619,0
12293,White,M,35,3.5,MS,1.56,0.770833333,1
12294,White,M,40,2.6,NG,0.35,0.747619048,0
12295,White,F,35,3,GL,0.42,0.723214286,1
12296,White,F,41,3,MS,1.13,0.798214286,1
12297,White,F,36,3.2,MS,-0.42,0.754761905,0
12298,White,F,32,3.5,MS,0.61,0.733333333,1
12299,White,F,34,2.7,MS,0.19,0.682142857,1
12300,White,F,34,3.2,MS,-0.76,0.729761905,0
12301,White,M,43,3.5,MS,2,0.870833333,1
12302,Black,M,28,2.1,MS,-1.06,0.55,0
12303,White,F,34,2.7,MS,-0.92,0.682142857,1
12304,White,M,42,3.7,MS,0.77,0.877380952,1
12305,White,M,35,3.5,MS,0.39,0.770833333,1
12307,White,M,31.5,3.2,NE,-0.14,0.698511905,1
12308,White,F,40,2.8,NE,1.05,0.766666667,1
12309,White,F,35,2.9,MS,0.55,0.713690476,1
12310,White,F,29.5,3.1,MS,-0.68,0.663988095,1
12311,White,F,30,3.5,MS,-0.64,0.708333333,1
12312,White,F,30,3.2,SE,0.02,0.679761905,1
12313,White,M,37,3.7,MS,0.08,0.814880952,1
12314,White,F,36,3.1,NE,1.7,0.745238095,1
12315,White,M,34,3.3,NE,1.13,0.739285714,1
12316,White,M,32,3.4,MS,-1.99,0.723809524,0
12318,White,F,37,2.8,MS,0.93,0.729166667,1
12319,White,M,29,3.3,MS,-0.12,0.676785714,1
12320,White,F,35,3.7,MS,-0.54,0.789880952,1
12321,White,F,34,3.1,MS,-0.08,0.720238095,1
12322,White,M,43,3.2,MS,0.85,0.842261905,1
12324,White,M,33,3.3,MS,-0.3,0.726785714,1
12325,White,M,29,3.9,MS,1.05,0.733928571,1
12326,White,M,36,3.1,MS,0,0.745238095,1
12328,White,M,39,3,Mt,0.49,0.773214286,1
12330,White,M,32,2.8,MS,-1.69,0.666666667,0
12332,White,M,34,3.1,MS,-0.38,0.720238095,0
12333,White,M,38,3,MS,0.47,0.760714286,1
12334,White,M,34,3.4,MS,0.55,0.748809524,1
12335,White,F,36,3,MS,-0.94,0.735714286,0
12336,White,M,36,3,MS,0.61,0.735714286,1
12338,White,F,37,3.9,NE,-0.36,0.833928571,1
12339,White,M,31,3.5,SE,-1.54,0.720833333,0
12340,White,F,34,3.5,MS,-0.32,0.758333333,1
12341,White,F,33,3.6,NE,0,0.755357143,1
12342,White,F,28,3.4,MS,-0.92,0.673809524,1
12343,White,F,36,3.1,MS,-0.74,0.745238095,0
12345,White,F,38,2.8,MS,1.29,0.741666667,1
12346,White,F,35,2.8,MS,0.85,0.704166667,1
12347,White,F,30.5,3.2,GL,-0.08,0.686011905,1
12348,White,M,37,2.8,MS,0.23,0.729166667,1
12349,White,F,32,2.9,MS,-1.49,0.676190476,1
12350,White,F,37,2.1,GL,0.32,0.6625,1
12351,White,M,31,3.4,NE,-0.28,0.711309524,1
12352,Black,F,32,3.2,SE,-0.44,0.704761905,1
12353,White,F,38,2.7,MS,1.07,0.732142857,1
12354,White,F,39,2.7,MS,1.01,0.744642857,1
12355,White,M,37,3.6,MS,0.69,0.805357143,1
12356,White,M,42,3.2,MS,0.99,0.829761905,1
12357,White,F,34.5,2.9,MS,-0.28,0.707440476,0
12358,White,F,31,3.2,MS,-0.6,0.692261905,1
12359,White,F,34,2.4,MS,0.77,0.653571429,1
12360,White,M,39,2.9,GL,0.79,0.763690476,1
12361,White,M,29,3.1,GL,-1.27,0.657738095,1
12362,White,M,31,3.2,GL,-0.31,0.692261905,0
12363,White,F,35,3.4,MS,-0.34,0.761309524,0
12364,Asian,M,27,2.9,GL,0.28,0.613690476,1
12366,White,F,29.5,3,NE,0.22,0.654464286,1
12367,White,M,27.5,2.4,GL,-0.16,0.572321429,0
12370,White,F,33,2.9,GL,0.14,0.688690476,0
12373,White,F,34,2.2,GL,-0.54,0.63452381,1
12374,White,F,29.5,2.6,GL,0.22,0.616369048,1
12376,White,F,44,2.6,GL,-0.05,0.797619048,0
12377,White,F,36,2.4,GL,-0.92,0.678571429,0
12378,White,F,26.3,2.8,GL,0.92,0.595416667,0
12379,White,M,29,2.9,SE,-0.05,0.638690476,1
12380,White,F,36.5,2.1,GL,-0.57,0.65625,0
12382,White,F,34,3.5,MS,0.35,0.758333333,0
12383,White,F,31,2.8,GL,1.1,0.654166667,1
12384,White,F,32,3.2,GL,1.15,0.704761905,1
12385,White,M,35,2.8,GL,-0.4,0.704166667,0
12386,White,F,30,3.3,GL,0.66,0.689285714,1
12388,White,F,34,3.2,GL,1.97,0.729761905,1
12389,White,F,36,2.6,GL,0.74,0.697619048,1
12391,White,F,34,2.6,GL,0.27,0.672619048,1
12392,White,F,28,2.6,GL,0.66,0.597619048,0
12394,White,F,31,2.8,MW,1.01,0.654166667,1
12396,White,F,37,2.9,GL,1.24,0.738690476,1
12398,White,F,38,2.3,SE,0.04,0.694047619,1
12399,White,F,40,2.6,GL,1.04,0.747619048,1
12401,White,F,33,2.4,GL,-0.42,0.641071429,1
12402,White,F,38,2.6,GL,-0.98,0.722619048,1
12403,White,M,31,2.5,GL,-0.92,0.625595238,1
12404,White,F,28.5,2.7,SE,1.44,0.613392857,1
12405,White,M,33,2.8,Mt,-0.13,0.679166667,1
12407,Black,F,33,3,GL,0.86,0.698214286,1
12408,White,M,29,3.3,GL,-0.22,0.676785714,0
12409,White,F,33,2.9,GL,-0.57,0.688690476,1
12410,White,M,34,3.4,GL,0.1,0.748809524,1
12411,White,F,35,2.2,NG,0.63,0.64702381,1
12412,White,F,30.5,2.8,GL,1.06,0.647916667,1
12413,White,F,37,3.2,GL,0.42,0.767261905,1
12414,White,F,38,2.6,GL,1.01,0.722619048,1
12416,White,F,40,2.5,GL,-0.34,0.738095238,0
12418,White,F,32,3.2,GL,1.26,0.704761905,1
12419,White,F,33,2.6,GL,-0.66,0.660119048,1
12421,White,M,34,2.9,GL,-1.3,0.701190476,1
12422,White,M,39,2.7,GL,0.01,0.744642857,0
12424,Hispanic,F,36,3.3,GL,0.51,0.764285714,1
12425,White,M,37,2.6,GL,-0.46,0.710119048,0
12426,White,F,28.5,2.8,GL,-1.06,0.622916667,1
12427,White,M,30.5,3.1,GL,0.22,0.676488095,1
12428,White,F,29.5,2.6,NE,0.98,0.616369048,1
12429,White,F,28,3,GL,0.13,0.635714286,0
12432,White,M,32,2.4,GL,1.1,0.628571429,1
12433,White,M,30.5,3.2,GL,0.8,0.686011905,0
12435,White,M,37,3.8,GL,1.23,0.824404762,1
12436,White,F,35,2.5,GL,0.42,0.675595238,1
12437,White,F,30,2.9,GL,0.07,0.651190476,0
12438,White,F,35,2.4,GL,0.59,0.666071429,0
12439,White,M,34,2.6,GL,0.54,0.672619048,0
12440,White,M,32,3,GL,1.04,0.685714286,1
12442,White,F,28,3.2,GL,-0.6,0.654761905,1
12444,White,F,25,2.5,GL,-0.34,0.550595238,0
12446,White,F,38,3.1,GL,2.38,0.770238095,1
12447,White,M,33,3.5,GL,1.06,0.745833333,1
12448,White,F,32,2.6,GL,0.28,0.647619048,1
12453,Black,M,35,3,GL,1.56,0.723214286,1
12454,White,F,34,3.3,SE,0.02,0.739285714,1
12455,White,F,30,2.7,Mt,-0.28,0.632142857,1
12456,White,F,35,2.4,GL,0.8,0.666071429,1
12457,White,F,32,3.3,GL,0.48,0.714285714,1
12458,White,M,32,2.7,GL,0.13,0.657142857,1
12459,White,M,28,2.9,SE,-0.66,0.626190476,0
12461,White,F,36,3.4,GL,0.07,0.773809524,1
12464,Hispanic,F,24.5,3,GL,-0.05,0.591964286,0
12465,White,M,39,3.5,GL,0.53,0.820833333,1
12467,White,M,32,2.7,GL,0.74,0.657142857,1
12468,White,F,31,3.2,GL,1.3,0.692261905,1
12469,White,M,35.5,2.8,GL,0.33,0.710416667,0
12472,White,M,39,3,GL,0.3,0.773214286,1
12473,White,M,35.5,2.3,GL,2.26,0.662797619,1
12476,White,F,37.5,2.7,GL,-0.42,0.725892857,1
12477,White,F,30.5,2.9,GL,0.77,0.657440476,1
12479,White,F,29,2.6,GL,-0.59,0.610119048,1
12481,White,F,34,2.5,GL,-0.4,0.663095238,0
12482,White,M,26,3,GL,-0.08,0.610714286,1
12483,White,F,34,2.9,GL,0.39,0.701190476,1
12485,White,M,34,3.2,GL,-0.08,0.729761905,0
12487,White,F,31,3.1,GL,0.8,0.682738095,1
12488,White,F,35,2.8,GL,0.01,0.704166667,0
12491,White,F,28,3,GL,0.13,0.635714286,0
12492,White,F,33,2.7,GL,1.79,0.669642857,1
12493,White,F,33,2.7,NE,-0.1,0.669642857,1
12494,Mexican,M,30,2.8,SC,-0.03,0.641666667,1
12495,White,F,33,2.9,GL,0.74,0.688690476,0
12497,White,F,36,2.9,GL,0.98,0.726190476,1
12499,White,F,30,2.5,GL,1.04,0.613095238,1
12501,White,F,36,2.7,GL,0.86,0.707142857,1
12503,White,F,29,3.1,GL,0.19,0.657738095,1
12504,White,F,32,2.8,GL,-0.34,0.666666667,0
12506,White,F,35,2,GL,-0.86,0.62797619,1
12507,White,M,34,3.2,GL,-0.46,0.729761905,0
12508,White,F,28,2.6,GL,0.42,0.597619048,1
12509,White,F,32,2.5,GL,-0.86,0.638095238,0
12513,White,F,35,2.7,GL,1.85,0.694642857,1
12514,White,F,33,2.6,GL,0.01,0.660119048,0
12517,White,F,33,3.1,NG,1.15,0.707738095,1
12518,White,M,30,3.1,GL,0.54,0.670238095,1
12519,Other,M,40,3,GL,2.29,0.785714286,1
12520,White,M,35,3.5,GL,1.08,0.770833333,1
12521,White,M,32,3.6,GL,-0.68,0.742857143,1
12522,White,F,30,3.2,MS,0.24,0.679761905,1
12523,White,M,32.5,3.9,GL,0.62,0.777678571,1
12524,White,F,30,3.3,GL,0.95,0.689285714,1
12525,White,M,34,2.9,GL,0.03,0.701190476,1
12526,White,F,31.5,3,MS,-0.52,0.679464286,1
12527,White,M,26,3.6,GL,-0.47,0.667857143,0
12529,White,F,36,2.8,GL,0.37,0.716666667,1
12531,White,F,32,2.9,GL,-0.88,0.676190476,1
12532,White,F,30,3.3,GL,1.2,0.689285714,1
12533,White,M,35,3.2,GL,2.06,0.742261905,1
12534,White,F,33,2.9,GL,-0.79,0.688690476,1
12535,White,M,33,3.2,GL,0.35,0.717261905,1
12536,Amerindian,M,28,2.5,GL,0.37,0.588095238,0
12537,White,F,30.5,2.6,NE,-1.15,0.628869048,1
12538,White,F,39,3.6,MW,1.26,0.830357143,1
12539,White,M,34,3.2,GL,1.22,0.729761905,1
12540,White,F,31,3,MS,0.98,0.673214286,1
12542,White,F,33,2.9,NE,0.19,0.688690476,1
12543,White,M,30,3.1,GL,-0.25,0.670238095,1
12546,White,M,35,3.1,GL,0.03,0.732738095,1
12547,Other,F,33,3.1,GL,-0.63,0.707738095,1
12549,Black,F,38,2.7,GL,1.17,0.732142857,1
12550,White,F,37,2.7,Mt,1.2,0.719642857,1
12551,White,F,32,2.9,Mt,-0.88,0.676190476,0
12553,Other,F,37,2.6,GL,-0.52,0.710119048,1
12554,White,F,37,2.7,MS,0.21,0.719642857,0
12555,White,M,30,3.2,GL,-1.33,0.679761905,1
12560,White,F,40,3.6,GL,0.22,0.842857143,1
12564,White,M,35,3.4,GL,0.02,0.761309524,1
12565,White,F,40,3.1,GL,1.69,0.795238095,1
12569,White,F,32,2.7,GL,-0.03,0.657142857,1
12570,White,M,30.5,3,GL,-0.25,0.666964286,1
12573,White,F,33,3,GL,-0.17,0.698214286,1
12574,White,M,37,3.3,GL,0.63,0.776785714,1
12575,White,F,31,3,GL,0.83,0.673214286,1
12577,White,M,34,3.2,GL,-1.01,0.729761905,1
12579,White,M,32,3.3,GL,1.3,0.714285714,1
12581,White,F,42,2.5,GL,0.95,0.763095238,1
12582,White,F,38,2.7,FW,0.04,0.732142857,0
12583,White,F,40,2.4,GL,0.49,0.728571429,1
12584,White,M,29,3.2,GL,-1.37,0.667261905,1
12585,White,F,32,2.6,GL,-0.63,0.647619048,1
12586,White,F,31,3.4,GL,-1.06,0.711309524,0
12587,White,F,33,3,GL,-1.42,0.698214286,1
12589,White,F,31.5,2.9,GL,-0.66,0.669940476,0
12590,White,F,32,3.4,GL,-0.14,0.723809524,1
12591,White,F,35,3.1,GL,0.39,0.732738095,1
12592,White,M,33,3.1,GL,-0.36,0.707738095,1
12594,White,M,33,3.6,GL,0.46,0.755357143,1
12595,White,M,42,3.2,GL,0.35,0.829761905,1
12597,White,M,30,2.4,GL,-1.1,0.603571429,1
12598,White,M,30,3.8,GL,-0.22,0.736904762,0
12600,White,F,42,3.8,GL,0.05,0.886904762,1
12601,White,M,40,2.7,GL,-0.14,0.757142857,1
12602,White,F,32.5,3.1,GL,-0.19,0.701488095,1
12604,White,F,38,2.6,GL,-0.3,0.722619048,1
12609,White,F,33,3.1,GL,1.25,0.707738095,1
12610,White,F,35,2.6,GL,-0.39,0.685119048,1
12612,White,M,38,3.7,GL,0.35,0.827380952,1
12614,White,F,34,3.3,GL,0.68,0.739285714,1
12615,White,F,28,3.4,MS,-0.36,0.673809524,1
12617,White,F,37,2.8,GL,0.4,0.729166667,1
12619,White,F,28.5,3.4,GL,0.1,0.680059524,1
12621,White,F,41,3.1,GL,0.81,0.807738095,1
12622,White,F,33,2.8,GL,0,0.679166667,1
12623,Other,M,31,3.2,GL,-0.17,0.692261905,1
12624,White,M,34,3.1,GL,1.03,0.720238095,1
12625,White,M,40,3.1,GL,0.84,0.795238095,1
12626,White,M,43,4,GL,2.18,0.918452381,1
12627,White,F,40,3.2,GL,0.84,0.804761905,1
12628,White,M,32,2.9,GL,0.52,0.676190476,1
12629,White,F,33,3.5,GL,0.62,0.745833333,1
12630,White,F,30,3.7,GL,1.82,0.727380952,1
12631,White,M,32,3.3,GL,0.28,0.714285714,1
12632,White,F,30,2.7,GL,-0.47,0.632142857,1
12633,White,F,31.5,3.3,GL,1.11,0.708035714,1
12634,White,F,37,3,MS,-0.54,0.748214286,1
12635,White,M,30.5,3.3,GL,0.68,0.695535714,1
12637,White,M,30,3.1,MS,1.86,0.670238095,1
12638,White,F,30.5,3.7,MS,1.37,0.733630952,1
12639,White,M,33,3.4,GL,1.65,0.736309524,1
12640,White,F,37,2.4,Mt,-0.17,0.691071429,1
12642,White,F,32,3,GL,0.37,0.685714286,1
12644,White,M,34,3.2,GL,0.15,0.729761905,1
12645,White,F,38,2.9,GL,0.24,0.751190476,1
12646,White,F,31,3.1,GL,-0.39,0.682738095,1
12648,White,F,37,3,GL,-1.15,0.748214286,1
12649,White,M,36,3,NG,0.98,0.735714286,1
12651,White,F,35,3.2,GL,1.3,0.742261905,1
12652,White,M,32,3.2,GL,-0.47,0.704761905,1
12653,White,M,33,3.7,GL,0.57,0.764880952,1
12654,Black,M,20.5,2.9,GL,-1.77,0.532440476,0
12655,White,M,37,2.9,GL,0,0.738690476,1
12656,White,F,33,3.1,GL,-0.71,0.707738095,1
12657,White,F,33,2.9,NE,1.08,0.688690476,1
12658,White,M,37,3.4,GL,0.21,0.786309524,1
12659,White,F,27,3.5,GL,0.24,0.670833333,1
12661,White,M,32,3.1,GL,0.03,0.695238095,1
12662,White,F,33.5,2.9,GL,0.46,0.694940476,1
12663,Hispanic,M,24,3.1,GL,-0.03,0.595238095,1
12664,White,F,33,2.8,GL,0.46,0.679166667,1
12665,White,F,34,2.9,GL,1.08,0.701190476,1
12666,White,F,33,2.8,GL,0.68,0.679166667,1
12668,White,M,37,3.3,NE,0.08,0.776785714,1
12669,White,F,32,3.1,GL,-0.96,0.695238095,1
12670,White,F,29,3.2,GL,-0.17,0.667261905,1
12671,White,M,33,3,NE,-0.39,0.698214286,1
12672,White,F,30,3.5,GL,-0.88,0.708333333,0
12673,White,M,31.5,3.2,GL,0.17,0.698511905,1
12675,White,M,29,3.4,GL,0.27,0.686309524,1
12677,White,M,38,3,GL,1.15,0.760714286,1
12679,White,F,30,3.6,NE,0.98,0.717857143,1
12680,White,F,37,3.3,GL,0.3,0.776785714,1
12681,White,M,31,3.3,GL,0.44,0.701785714,1
12683,White,F,30.5,3.3,GL,0.57,0.695535714,1
12685,White,F,33,2.9,GL,1.44,0.688690476,1
12686,White,M,34,2.9,GL,-0.05,0.701190476,1
12687,White,F,31.5,2.9,GL,-0.25,0.669940476,1
12688,White,M,30,3.5,GL,-1.32,0.708333333,1
12689,White,F,31,3,NE,0.32,0.673214286,1
12690,White,F,31,3.6,NE,0.46,0.730357143,1
12691,White,M,35,3,GL,1.55,0.723214286,1
12692,White,F,32,2.9,NE,0.49,0.676190476,1
12693,White,M,34,3,Mt,-0.14,0.710714286,1
12694,White,M,36,2.6,GL,-0.17,0.697619048,1
12696,White,F,31,3.1,GL,1.18,0.682738095,1
12697,White,F,32,2.9,GL,-0.08,0.676190476,1
12698,White,F,38,3.4,GL,1.6,0.798809524,1
12699,White,M,36,3.3,GL,-0.39,0.764285714,1
12700,White,M,27,3,GL,-0.44,0.623214286,1
12701,White,F,31,3,GL,0.1,0.673214286,1
12704,White,M,35,3.2,GL,1.44,0.742261905,1
12705,White,M,28,3.4,GL,-0.3,0.673809524,1
12706,White,M,32,3.6,GL,0.4,0.742857143,1
12707,White,F,28.5,3.8,GL,-0.86,0.718154762,1
12708,White,F,36,2.5,FW,0.43,0.688095238,1
12709,White,F,39,3.2,FW,0.85,0.792261905,1
12710,White,F,35.5,3.3,FW,-0.2,0.758035714,1
12711,White,F,35,2.7,FW,-0.32,0.694642857,1
12712,Other,F,38,3.4,FW,1.13,0.798809524,1
12714,White,F,36,2.6,FW,1.69,0.697619048,1
12715,White,F,36,2.9,FW,0.26,0.726190476,1
12716,White,F,37,2.5,FW,-0.49,0.700595238,0
12718,Black,M,36,2.3,FW,1.5,0.669047619,1
12720,White,F,36,2.9,FW,0.08,0.726190476,1
12722,White,F,40,3.3,FW,0.18,0.814285714,1
12723,White,F,35,2.7,FW,0.39,0.694642857,1
12724,Black,M,27,2.1,GL,-1.61,0.5375,0
12726,White,F,39,2.8,FW,1.34,0.754166667,1
12729,Asian,F,32.5,3.1,FW,0.71,0.701488095,1
12731,Asian,F,34,2.8,FW,-0.2,0.691666667,0
12732,White,M,34,3,FW,-0.03,0.710714286,0
12733,White,F,34,3.1,FW,2.53,0.720238095,1
12734,White,F,35,2.8,FW,0.64,0.704166667,1
12737,White,M,32,3.4,FW,1.34,0.723809524,1
12738,White,M,37,2.9,FW,-0.34,0.738690476,0
12739,White,M,31,2.6,FW,0.12,0.635119048,1
12740,White,M,36,2.3,FW,1.44,0.669047619,1
12741,White,M,33,3.1,FW,-0.41,0.707738095,1
12742,Other,M,33.5,2.6,FW,-0.62,0.666369048,0
12743,White,M,38,3,FW,-0.45,0.760714286,1
12744,White,F,34.5,3.2,FW,0.75,0.736011905,1
12746,White,F,41,2.3,FW,0.64,0.731547619,1
12749,Other,M,36,2.8,FW,-0.24,0.716666667,1
12750,Asian,M,30.5,3.3,FW,0.16,0.695535714,1
12751,White,F,32,2.6,FW,0.05,0.647619048,0
12752,Asian,F,33,3,FW,0.16,0.698214286,1
12754,White,M,38,2.5,FW,0.52,0.713095238,1
12755,Asian,F,33,3,FW,0.01,0.698214286,0
12757,White,M,35,2.6,FW,1.23,0.685119048,1
12758,White,M,37,2.8,FW,-0.09,0.729166667,1
12760,White,F,41,2.9,FW,2.07,0.788690476,1
12761,Other,F,36,3,FW,1.25,0.735714286,1
12762,White,M,35.5,2.8,FW,-0.76,0.710416667,0
12763,Amerindian,F,33,3.3,FW,0.85,0.726785714,1
12764,White,F,46,2.2,FW,2.72,0.78452381,1
12765,White,F,35,2.5,FW,-0.2,0.675595238,1
12766,Asian,M,34,2.8,FW,-0.13,0.691666667,1
12767,Other,F,29.3,2.7,FW,-0.24,0.623392857,0
12768,White,F,41,2.8,FW,-0.39,0.779166667,1
12770,White,M,35.5,2.5,FW,-0.03,0.681845238,0
12771,White,M,36,2.8,FW,-0.24,0.716666667,0
12772,White,F,39,3.8,FW,2.07,0.849404762,1
12773,Asian,F,32.5,3.4,FW,2.11,0.730059524,1
12776,Asian,F,30,2.7,FW,-0.74,0.632142857,1
12777,Asian,M,30,2.9,FW,-0.2,0.651190476,0
12778,Asian,F,35,2.6,FW,0.66,0.685119048,1
12779,White,M,37,2.9,FW,0.92,0.738690476,1
12782,Other,M,42,3.4,FW,1.17,0.848809524,1
12784,Asian,F,36,2.2,FW,0.81,0.65952381,0
12785,White,M,37,3.8,FW,2.26,0.824404762,1
12788,Asian,F,41,2.5,FW,-0.53,0.750595238,1
12790,White,F,32.5,2.8,FW,-0.45,0.672916667,0
12793,White,M,43,3.2,FW,1.36,0.842261905,1
12795,White,F,37,2.5,FW,1.52,0.700595238,1
12798,Asian,M,33,3.2,FW,0.45,0.717261905,1
12799,Hispanic,M,28,2.9,FW,-0.03,0.626190476,1
12800,White,M,42,2.9,FW,0.1,0.801190476,1
12801,White,M,43,2.7,FW,1.5,0.794642857,1
12802,Asian,M,38,3.6,NE,0.81,0.817857143,1
12803,White,F,35,2.8,FW,1.27,0.704166667,1
12804,Asian,M,40,2.8,FW,0.92,0.766666667,1
12806,Black,M,24.5,2.9,FW,-2.63,0.582440476,0
12807,White,F,39,3,FW,-0.62,0.773214286,1
12808,White,F,34,3,FW,0.96,0.710714286,1
12809,White,F,35,2.6,FW,-0.64,0.685119048,1
12811,White,F,41,2.5,FW,2.58,0.750595238,1
12812,Asian,F,33,2.4,FW,-0.05,0.641071429,0
12813,White,M,34,3,FW,-0.74,0.710714286,1
12814,White,F,42,2.4,FW,-0.49,0.753571429,1
12815,White,M,30.5,3.4,FW,-0.43,0.705059524,0
12816,White,F,35.7,3,FW,-0.13,0.731964286,1
12818,Other,F,34.5,2.9,FW,-0.58,0.707440476,1
12819,Mexican,M,33,4,FW,0.37,0.793452381,1
12822,Hispanic,F,29.5,2.7,FW,-0.43,0.625892857,1
12823,White,F,38,2.3,FW,-0.49,0.694047619,1
12824,White,M,35,2.8,FW,-0.32,0.704166667,1
12825,White,M,40,2.8,FW,0.71,0.766666667,1
12827,Amerindian,M,32,2.5,FW,-0.97,0.638095238,1
12828,White,F,36,2.8,Mt,-0.58,0.716666667,1
12829,White,M,40,3,FW,1.76,0.785714286,1
12830,White,F,33,3.2,FW,-0.7,0.717261905,1
12832,White,M,33,3.2,FW,-0.03,0.717261905,1
12833,White,M,33.5,3,FW,-0.34,0.704464286,1
12834,White,M,35,2.8,FW,-0.85,0.704166667,1
12835,White,M,34.5,3.3,FW,0.77,0.745535714,1
12836,White,F,42,2.4,NE,-0.13,0.753571429,1
12837,White,M,35,2.8,FW,-0.79,0.704166667,1
12838,White,F,38,3,MS,-0.18,0.760714286,0
12839,White,M,32.3,2.5,FW,-0.79,0.641845238,1
12840,White,M,35,2.9,FW,-0.32,0.713690476,1
12843,White,F,35,2.4,NE,0.01,0.666071429,1
12845,Asian,F,32.5,2.9,FW,0.05,0.682440476,1
12846,White,M,37,3.5,FW,0.81,0.795833333,1
12847,White,F,36,2.7,NE,0.2,0.707142857,1
12848,White,M,29.7,2.8,FW,-0.58,0.637916667,1
12849,White,M,43,3,FW,1.42,0.823214286,1
12850,White,M,43,3,FW,0.6,0.823214286,1
12852,White,M,41,2.2,FW,-0.32,0.72202381,1
12854,White,M,37,3,FW,-0.7,0.748214286,1
12855,White,M,39,2.5,FW,-1.58,0.725595238,0
12856,White,M,34,3.1,FW,-0.03,0.720238095,1
12859,White,M,32.5,2.8,FW,-0.28,0.672916667,0
12860,White,F,35,3,Mt,-0.32,0.723214286,1
12861,White,F,37,3,FW,0.62,0.748214286,1
12862,Asian,F,30,3,FW,-0.18,0.660714286,0
12864,White,M,35,2.9,FW,-0.39,0.713690476,1
12865,White,F,37,2.6,FW,-0.32,0.710119048,1
12867,Asian,M,31,2.7,FW,-0.68,0.644642857,0
12868,White,F,37.5,2.9,FW,0.96,0.744940476,1
12870,White,M,39,2.6,FW,-0.97,0.735119048,0
12871,White,F,41,2.7,FW,-0.49,0.769642857,1
12872,White,F,36,2.8,FW,-0.18,0.716666667,1
12873,White,M,40,2.8,FW,-0.13,0.766666667,1
12874,White,M,39,3.4,FW,1.13,0.811309524,1
12875,White,M,31.5,3.2,FW,-0.34,0.698511905,1
12876,White,M,41,2.7,FW,1.65,0.769642857,1
12877,White,M,38,3.4,FW,-0.68,0.798809524,1
12879,Asian,M,27,2.8,FW,-1.18,0.604166667,0
12881,White,M,40,3.3,FW,1.17,0.814285714,1
12882,Asian,M,36,2.9,FW,-0.34,0.726190476,1
12883,White,M,34.5,2.8,FW,-0.09,0.697916667,1
12884,White,F,35,2.9,NE,-0.24,0.713690476,1
12885,Other,M,40,3.6,FW,1.71,0.842857143,1
12887,White,M,40,2.9,FW,0.6,0.776190476,1
12888,Black,M,25,3.3,FW,-0.43,0.626785714,1
12889,White,F,41,2.7,FW,1.52,0.769642857,1
12890,White,M,38,3.3,FW,-0.89,0.789285714,1
12891,Hispanic,F,38,3.3,FW,0.47,0.789285714,1
12893,White,F,40,2.7,FW,0.37,0.757142857,1
12894,White,M,38,2.6,FW,0.05,0.722619048,1
12895,Asian,F,37,2.1,FW,-0.7,0.6625,1
12896,White,M,36,3.6,FW,1.21,0.792857143,1
12897,White,F,37,2.9,FW,-0.64,0.738690476,0
12898,White,M,34,3.1,NE,0.45,0.720238095,1
12899,White,F,32,3.6,FW,-0.24,0.742857143,1
12901,White,F,33,3.3,FW,-0.89,0.726785714,1
12902,White,M,38,2.8,FW,0.52,0.741666667,1
12903,White,F,31,3.3,FW,0.35,0.701785714,1
12904,White,F,43,2.6,FW,0.2,0.785119048,1
12905,Other,M,32,3.3,FW,0.08,0.714285714,1
12907,White,M,38,3.2,FW,0.73,0.779761905,1
12908,White,F,41.5,2.4,FW,-0.18,0.747321429,0
12909,White,F,40,2.9,FW,1.71,0.776190476,1
12910,White,F,34,3.1,FW,1.02,0.720238095,1
12911,White,M,30,3.9,FW,-0.93,0.746428571,1
12914,Hispanic,F,38,2.4,FW,-0.66,0.703571429,1
12916,White,M,34,3,NE,-0.41,0.710714286,1
12981,White,F,46,3.4,SE,1.11,0.898809524,1
12982,White,M,40,3.6,NE,0.94,0.842857143,1
12983,White,F,42,3.5,NE,-1.43,0.858333333,1
12984,Black,F,32,2.7,GL,-1.43,0.657142857,1
12985,Black,M,33,3.9,NE,-1.43,0.783928571,1
12987,Black,M,35,3.1,NE,-1.66,0.732738095,1
12988,White,F,45,3.6,NE,1.37,0.905357143,1
12990,White,F,39,3.7,NE,1.17,0.839880952,1
12991,Black,M,41,2.5,NE,-0.64,0.750595238,1
12992,White,F,44,3.6,NG,0.43,0.892857143,1
12993,White,M,46,3.6,FW,0.49,0.917857143,1
12994,Black,M,37,2.4,SC,-0.47,0.691071429,1
12995,White,M,43,3.5,NE,-1.52,0.870833333,1
12997,Black,F,35,2.6,NE,-1.43,0.685119048,1
12998,Asian,F,41,3.3,FW,2.14,0.826785714,1
12999,White,M,38.5,4,NE,-0.03,0.862202381,1
13000,White,M,43,3.6,NE,0.01,0.880357143,1
13001,Asian,M,35,3.4,NE,-0.86,0.761309524,1
13002,White,F,44,3.5,NE,-1,0.883333333,1
13003,White,F,44,3.3,NE,0.06,0.864285714,1
13004,Black,M,32,3.2,MS,-0.85,0.704761905,0
13005,White,M,44,3.5,NE,-0.23,0.883333333,1
13006,White,M,39,3.7,SE,-0.83,0.839880952,1
13008,White,M,43,3.5,NE,0.58,0.870833333,1
13009,Puertorican,F,35,3.5,NE,-1.45,0.770833333,1
13010,White,F,43,3.5,NE,0.63,0.870833333,1
13012,White,M,42,3.6,NE,-0.45,0.867857143,1
13013,Asian,F,43,3.4,NG,0.06,0.861309524,1
13014,Black,M,34,2.9,NE,-0.2,0.701190476,1
13015,Asian,F,42,3.5,NE,-0.77,0.858333333,1
13016,White,F,45,3.5,NE,-0.83,0.895833333,1
13017,White,F,39,3.8,NE,-0.6,0.849404762,1
13018,White,M,43,3.5,SE,-0.23,0.870833333,1
13019,White,F,47,3.7,SE,0.12,0.939880952,1
13020,White,F,39,3.8,NE,1.11,0.849404762,1
13021,White,M,38,3.5,FW,0.63,0.808333333,1
13023,Hispanic,M,39,3.8,NE,-0.63,0.849404762,1
13024,White,F,44,3.4,GL,1.79,0.873809524,1
13025,Black,M,30,3.6,NE,-1.88,0.717857143,0
13026,White,F,43,4,NE,2.17,0.918452381,1
13027,White,M,43,3.5,NE,0.71,0.870833333,1
13028,White,M,44,3.9,NE,2.22,0.921428571,1
13029,White,F,45,3.4,NE,0.66,0.886309524,1
13030,White,F,42,3.7,GL,-0.34,0.877380952,1
13031,White,F,43,3.8,NE,-0.63,0.899404762,1
13032,White,M,42,3.9,NE,2.6,0.896428571,1
13033,White,F,43,3.7,NE,-0.75,0.889880952,1
13034,White,F,43,3.6,Mt,0.79,0.880357143,1
13036,Asian,F,41,3.7,NG,1.06,0.864880952,1
13037,White,F,44,3.5,MS,-0.92,0.883333333,1
13038,White,F,44,3.5,NE,1.46,0.883333333,1
13039,White,M,41,3.8,NE,-1.09,0.874404762,1
13040,White,M,41,3.8,NE,-0.34,0.874404762,1
13041,White,F,42,3.6,NG,-0.52,0.867857143,1
13043,White,F,43,3.5,SE,0.06,0.870833333,1
13044,White,F,46,3.5,NE,0.43,0.908333333,1
13045,White,F,42,3.6,NE,1.31,0.867857143,1
13046,White,M,41,3.8,NE,1.73,0.874404762,1
13047,White,F,41,3.8,MS,-0.03,0.874404762,1
13048,White,M,46,3.6,NE,-0.07,0.917857143,1
13049,White,M,44,3.3,NE,-1.29,0.864285714,1
13050,White,M,47,3.6,NE,0.82,0.930357143,1
13051,White,M,40,3.7,MS,0.34,0.852380952,1
13052,White,F,43,3.9,NE,1,0.908928571,1
13053,White,F,42,3.8,NE,-0.92,0.886904762,1
13054,Hispanic,M,40,2.9,NE,0.68,0.776190476,1
13055,White,F,41,3.6,NE,0.66,0.855357143,1
13056,Hispanic,F,31.5,3.3,SE,-0.55,0.708035714,1
13057,White,F,41,3.7,NE,0.2,0.864880952,1
13058,White,M,48,3.3,NE,-0.03,0.914285714,1
13059,White,F,41,3.6,NE,-0.8,0.855357143,1
13060,Asian,M,45,3.4,NE,-0.26,0.886309524,1
13061,Hispanic,F,39,2.9,NG,-1.43,0.763690476,0
13062,White,F,46,3.4,NG,-1.06,0.898809524,1
13063,White,F,46,3.5,Mt,-0.5,0.908333333,1
13065,White,F,42,4,GL,-1.66,0.905952381,1
13066,Asian,M,39,3.5,NE,-0.4,0.820833333,1
13067,White,M,40,3.7,NE,0.28,0.852380952,1
13068,White,F,45,3.5,NE,0.85,0.895833333,1
13069,White,F,41,3.8,GL,0.36,0.874404762,1
13070,White,M,39,3.7,NE,0.06,0.839880952,1
13071,Black,F,40,2.7,NE,-1.37,0.757142857,1
13072,White,F,44,3.5,NG,1.33,0.883333333,1
13073,White,F,47,3.5,SC,0.91,0.920833333,1
13074,White,M,42,3.8,NE,0.86,0.886904762,1
13075,White,M,40,3.9,NE,0.06,0.871428571,1
13076,White,M,40,3.6,NE,0.68,0.842857143,1
13077,Black,M,32,3,NE,-0.55,0.685714286,1
13078,White,M,42,3.5,SE,-0.07,0.858333333,1
13080,White,F,41,4,MS,-1.06,0.893452381,1
13081,White,F,46,3.5,NE,-0.34,0.908333333,1
13082,White,F,40.5,3.6,NE,0.11,0.849107143,1
13083,White,F,44,3.3,NE,-0.69,0.864285714,1
13085,White,M,42,3.9,NG,-1.29,0.896428571,1
13086,White,F,48,3.6,NE,1.37,0.942857143,1
13087,White,M,44,3.5,NE,-0.69,0.883333333,1
13088,White,F,38,3,NE,-0.26,0.760714286,1
13089,White,F,40,3.5,NE,1.19,0.833333333,1
13090,White,F,45,3.4,NE,-0.69,0.886309524,1
13091,White,F,42,3.9,NE,-0.32,0.896428571,1
13092,White,F,43,3.5,FW,0.63,0.870833333,1
13094,White,F,40,3.6,NE,1.31,0.842857143,1
13095,White,F,46,3.6,MS,0.8,0.917857143,1
13096,White,M,44,3.6,NE,0.48,0.892857143,1
13097,White,F,43,3.7,Mt,-1.66,0.889880952,1
13099,Black,M,29,3.1,NE,-0.46,0.657738095,1
13100,White,F,40.3,3.6,NG,-0.34,0.846607143,1
13101,Mexican,F,40,3,NE,-1.43,0.785714286,1
13102,White,F,47,3.3,FW,0.03,0.901785714,1
13103,White,F,43,3.7,NE,0.28,0.889880952,1
13104,White,F,45,3.7,NE,0.34,0.914880952,1
13105,White,F,43,3.6,FW,0.2,0.880357143,1
13106,White,F,42,3.8,NG,1.6,0.886904762,1
13107,White,M,42,3.5,NE,0.55,0.858333333,1
13108,Hispanic,M,39,3.4,NE,-0.26,0.811309524,1
13109,White,F,45,3.3,NE,0.68,0.876785714,1
13110,White,F,44,3.4,NG,1.06,0.873809524,1
13111,White,F,42,3.6,NE,0.57,0.867857143,1
13112,White,M,43,3.5,NG,-0.69,0.870833333,1
13113,White,M,44,3.5,NE,-0.32,0.883333333,1
13114,White,F,38,3.8,SE,0.03,0.836904762,1
13115,Asian,M,45,3.4,NE,0.26,0.886309524,1
13117,Asian,F,42,3.8,NE,0.66,0.886904762,1
13118,Asian,F,41,3.5,FW,-0.12,0.845833333,1
13119,White,M,45,3.5,NG,0.71,0.895833333,1
13120,White,M,42,3.6,NE,0.03,0.867857143,1
13121,White,M,41,3.7,NE,-0.32,0.864880952,1
13122,White,M,42,3.3,NE,-1.15,0.839285714,0
13123,Black,M,35,3.3,NE,-1.66,0.751785714,1
13124,White,M,45,3.4,NG,-0.03,0.886309524,1
13125,Hispanic,F,38,3.5,NE,2.29,0.808333333,1
13126,White,M,39,3.9,GL,0.6,0.858928571,1
13127,White,M,45,3.4,NE,0.43,0.886309524,1
13128,White,F,41,3.4,NG,1.17,0.836309524,1
13129,Hispanic,M,42,3.7,NE,0.28,0.877380952,1
13130,Asian,M,38.5,3.7,FW,-1.23,0.833630952,0
13131,White,F,43,3.6,MW,0.79,0.880357143,1
13132,Asian,M,39,3.7,NE,-0.86,0.839880952,1
13133,Black,M,37,2.9,MS,-1.2,0.738690476,1
13134,White,F,46,3.3,NE,1.54,0.889285714,1
13135,White,M,44,3.5,NE,-0.23,0.883333333,1
13136,Black,F,34,3.1,MS,-1.23,0.720238095,1
13137,White,F,41,3.5,GL,-0.23,0.845833333,1
13138,White,F,43,3.7,NE,0.06,0.889880952,1
13139,White,F,41.5,3.7,FW,1.83,0.871130952,1
13140,White,F,43,3.4,NE,-0.86,0.861309524,1
13141,White,M,44,3.6,NE,1.54,0.892857143,1
13142,White,M,45,3.5,NG,-0.26,0.895833333,1
13143,Asian,M,42,3.6,NE,-1.2,0.867857143,1
13144,White,M,40,3.8,NE,-0.63,0.861904762,1
13145,White,M,45,3.8,NE,-0.29,0.924404762,1
13146,Hispanic,M,41.5,3.7,NE,-1.52,0.871130952,1
13147,Asian,F,47,3.5,MS,-0.42,0.920833333,1
13148,White,F,41,3.6,NE,-0.99,0.855357143,1
13149,White,F,46,3.7,NE,1.83,0.927380952,1
13150,White,M,48,3.5,NE,1.98,0.933333333,1
13151,White,M,30,3.9,FW,0.31,0.746428571,1
13152,White,M,41,3.6,NE,0.36,0.855357143,1
13153,White,F,44,3.5,NE,-0.37,0.883333333,1
13154,White,M,46,3.7,NG,2.2,0.927380952,1
13155,White,F,44,3.4,NG,1.11,0.873809524,1
13156,White,F,39,3.9,NE,1.6,0.858928571,1
13157,White,M,45,3.6,NE,0.43,0.905357143,1
13158,Hispanic,F,38,3.5,SE,-0.55,0.808333333,1
13159,White,F,43,3.6,NE,0.08,0.880357143,1
13160,White,F,38.5,3.8,GL,0.49,0.843154762,1
13161,White,F,44,3.5,NE,0.44,0.883333333,1
13162,White,F,44,3.8,NE,1.6,0.911904762,1
13163,White,F,41,3.5,NE,-0.55,0.845833333,1
13164,White,F,42.5,3.6,NE,0.2,0.874107143,1
13165,White,F,42,3.5,NE,-1.12,0.858333333,1
13166,White,M,41,3.7,NE,-0.37,0.864880952,1
13167,White,M,40,3,NE,-0.29,0.785714286,1
13168,White,M,43,3.8,NE,1.37,0.899404762,1
13170,White,F,46,3.7,NE,1.4,0.927380952,1
13171,White,F,42,3.8,NE,-0.09,0.886904762,1
13172,White,M,40,4,NE,-0.17,0.880952381,1
13173,White,F,39,3.2,NE,-0.03,0.792261905,1
13174,White,F,42,3.7,NE,0.8,0.877380952,1
13175,Asian,F,42,3.5,NE,-0.97,0.858333333,1
13176,Asian,F,39.5,3.5,NE,-0.09,0.827083333,1
13177,White,F,42,3.7,SE,0.77,0.877380952,1
13178,Black,F,38,3.1,NE,-2.12,0.770238095,0
13179,White,F,42,3.7,NG,0.14,0.877380952,1
13180,White,F,38,3.7,NE,0.31,0.827380952,1
13181,Black,M,32,3.1,SC,-0.49,0.695238095,1
13182,Asian,M,37,3.8,NE,-0.92,0.824404762,1
13183,White,M,45,3.6,NE,0.66,0.905357143,1
13184,White,F,43,3.6,FW,0.06,0.880357143,1
13185,Hispanic,F,36,3.4,NE,0.9,0.773809524,1
13186,White,M,46,3.4,MS,0.57,0.898809524,1
13187,White,M,43,3.6,NE,0.26,0.880357143,1
13188,White,F,40,3.1,NE,-0.83,0.795238095,1
13190,White,M,39,3.6,NE,-0.69,0.830357143,1
13191,White,M,44,3.5,NE,-0.55,0.883333333,1
13192,White,F,41,3.8,NE,1.37,0.874404762,1
13193,Black,F,32,3.1,FW,-1.09,0.695238095,1
13194,White,F,41,3.7,FW,0.11,0.864880952,1
13195,White,F,45,3.5,NE,0.48,0.895833333,1
13196,Puertorican,M,30,3.4,NG,-1.2,0.698809524,1
13197,White,M,43,3.8,NE,-0.63,0.899404762,1
13198,White,F,40,3.8,NE,1.54,0.861904762,1
13199,Black,M,25,2.6,NG,-1.62,0.560119048,0
13200,White,M,33,2.8,NG,1.36,0.679166667,1
13201,White,M,38,3,NG,0.13,0.760714286,1
13202,White,M,30,2.5,NE,-1.51,0.613095238,0
13203,White,M,32,3.2,NG,-0.44,0.704761905,1
13204,White,M,30,3.1,NG,-0.31,0.670238095,1
13205,White,F,37,3.3,NG,-0.71,0.776785714,1
13206,White,M,31,3.4,NG,1.31,0.711309524,1
13207,White,F,37,2.8,NE,2.19,0.729166667,1
13208,White,M,34,3.5,NG,-1.12,0.758333333,1
13210,White,F,35,2.8,NG,-0.07,0.704166667,1
13212,White,M,30,3.5,NG,-0.05,0.708333333,1
13214,White,F,35,3,NE,0.76,0.723214286,1
13215,White,F,32,3.3,NE,0.02,0.714285714,1
13216,White,F,34,3.4,NG,1.7,0.748809524,1
13217,White,F,37,3.1,NG,-0.13,0.757738095,0
13218,White,F,33,3.1,NG,0.78,0.707738095,1
13219,White,F,33,3.3,NE,1.09,0.726785714,1
13220,White,M,29,3.6,NG,0.46,0.705357143,1
13221,White,M,39,2.6,NE,0.9,0.735119048,1
13222,White,F,41,2.6,NG,0.48,0.760119048,1
13223,White,M,34,3.1,NG,-1.27,0.720238095,1
13224,White,M,32,3.1,NE,0.74,0.695238095,1
13225,White,F,32,2.8,NE,0.63,0.666666667,1
13229,White,M,33,3.4,NG,0.41,0.736309524,1
13231,White,F,34,3.1,NG,1.73,0.720238095,1
13232,White,M,34,3.3,NG,0.08,0.739285714,1
13233,White,F,32,3.6,NE,0.41,0.742857143,1
13234,White,F,42,3,NG,0.04,0.810714286,1
13236,White,F,42,2.8,NG,-0.16,0.791666667,1
13238,White,M,34,3.2,NG,-0.92,0.729761905,1
13240,White,F,39,2.7,NG,1.16,0.744642857,1
13242,Other,M,30.5,2.7,NG,-0.99,0.638392857,0
13243,White,M,33,3.1,NE,0.59,0.707738095,1
13244,White,F,31,3.4,NG,0.44,0.711309524,1
13246,White,M,35,3.5,NG,1.11,0.770833333,1
13247,White,M,39,2.5,NG,1.36,0.725595238,1
13248,White,M,36,2.1,NG,-0.13,0.65,1
13249,Black,M,24,2.7,NG,-2.15,0.557142857,0
13250,White,M,31.5,3.6,NE,0.19,0.736607143,1
13251,White,M,33.3,3.2,NG,-1.58,0.721011905,1
13252,White,M,32,3.4,NE,0.24,0.723809524,1
13253,White,M,32.5,2.5,NG,0.02,0.644345238,1
13254,Asian,M,24,3,NE,-0.75,0.585714286,0
13255,White,M,37,3.3,NG,-1.08,0.776785714,1
13256,White,F,32,3.2,NG,-0.2,0.704761905,1
13257,White,F,33,3,SE,0.54,0.698214286,1
13258,White,M,35,2.7,NE,-0.57,0.694642857,1
13259,White,M,32,3,NG,-0.09,0.685714286,1
13260,White,F,36,2.9,NG,-0.35,0.726190476,1
13261,White,F,38,2.7,NG,-0.35,0.732142857,1
13262,White,M,38,2.8,MW,-0.2,0.741666667,1
13263,White,M,34,3.1,Mt,1.73,0.720238095,1
13265,White,F,38,2.5,NG,0.3,0.713095238,1
13266,White,F,31,3.2,NE,-0.2,0.692261905,0
13267,White,F,28.5,3.2,NG,-0.94,0.661011905,1
13270,Other,M,19.5,3.1,NE,-1.54,0.538988095,0
13271,White,M,34,3.5,NG,0.59,0.758333333,1
13272,White,M,34,3.1,NG,0.3,0.720238095,1
13273,White,M,40,2.4,MS,1.16,0.728571429,0
13274,Asian,M,28,2.3,NE,-0.92,0.569047619,0
13275,White,M,28,3.2,NG,0.79,0.654761905,0
13276,Black,M,26.5,2.2,NG,-0.94,0.54077381,1
13279,White,M,36,3.1,NG,0.79,0.745238095,1
13281,White,M,37,3.6,NG,0.81,0.805357143,1
13282,White,M,30,3.2,NE,0.98,0.679761905,1
13284,White,M,30,3.4,NG,0.67,0.698809524,1
13285,White,F,37,2.4,NE,0.3,0.691071429,1
13286,White,F,32,3.2,NG,-0.75,0.704761905,1
13288,White,M,29,3.3,NE,-0.53,0.676785714,1
13290,White,M,37,3.3,NG,-0.2,0.776785714,1
13291,Black,F,20.3,2.4,NE,-0.25,0.482321429,0
13292,White,M,33,2.5,SC,-0.58,0.650595238,0
13293,White,M,25.5,2.8,SC,2.09,0.585416667,1
13294,Black,F,22,3.1,SC,1.29,0.570238095,0
13295,Black,F,22,2.9,SC,-0.88,0.551190476,0
13298,White,F,23,2.3,SC,-0.21,0.506547619,1
13299,White,F,32.5,2.4,SC,1.04,0.634821429,1
13301,Black,F,26,2.7,SC,-0.1,0.582142857,0
13304,White,F,26.5,2.8,SC,1.61,0.597916667,1
13305,White,F,27,2.6,SC,1.63,0.585119048,1
13306,Black,M,29,2.8,SC,0.81,0.629166667,1
13307,White,M,32,3,SC,0.56,0.685714286,1
13308,Black,F,23.5,2.7,SC,0.02,0.550892857,1
13310,White,F,29,2.6,SC,-0.08,0.610119048,0
13311,White,F,33,2.5,SC,0.08,0.650595238,0
13312,White,F,30,2.2,SC,0.61,0.58452381,1
13313,Black,M,20,2.6,SC,0.35,0.497619048,0
13314,Black,M,20,3.1,SC,-0.77,0.545238095,0
13317,Black,F,26,2.5,SC,-0.04,0.563095238,0
13318,White,F,22,2.2,SC,-0.67,0.48452381,1
13319,White,F,22,2.4,SC,-0.9,0.503571429,0
13320,White,F,26.7,3.1,SC,1.55,0.628988095,1
13321,Black,F,20.5,1.9,MS,-0.88,0.437202381,0
13322,White,F,30,2.3,Mt,0.75,0.594047619,1
13323,Black,M,31,3.7,SC,1.04,0.739880952,1
13324,Black,M,23,2.9,SC,-0.56,0.563690476,0
13325,White,F,33,2.9,SC,0.94,0.688690476,1
13326,White,M,28,3,SC,0.5,0.635714286,1
13327,White,F,24,2.6,SC,-0.42,0.547619048,0
13328,Black,M,21,2,SC,-0.11,0.45297619,0
13329,White,F,26,2.5,SC,1.79,0.563095238,1
13331,White,F,32,2.2,SC,0.56,0.60952381,1
13332,Black,M,20.3,2.2,SE,-0.4,0.46327381,0
13336,White,F,32,2.9,SC,1.29,0.676190476,1
13337,White,F,27,2.4,SC,0.02,0.566071429,1
13338,Black,M,18,3.5,SC,0.95,0.558333333,0
13339,Black,M,21,3.1,SC,-0.15,0.557738095,0
13341,White,F,25.5,2.5,SC,-0.4,0.556845238,1
13342,Black,F,19.7,1.8,SC,-0.64,0.417678571,0
13343,Black,F,23,3,SC,0.79,0.573214286,1
13344,White,F,24,2.6,SC,0.17,0.547619048,1
13345,Black,M,20,2.2,SC,0.89,0.45952381,1
13347,Black,F,24,2.4,SC,-0.36,0.528571429,0
13348,Black,F,26,2.5,SC,0.71,0.563095238,0
13349,Black,M,20,2.8,SC,-0.48,0.516666667,0
13351,Black,M,20.5,3.2,SC,0.48,0.561011905,0
13352,Black,M,15,2.1,SC,-0.61,0.3875,0
13353,Black,M,21,2.1,SC,-0.1,0.4625,0
13354,Black,M,24,3.7,SC,0.92,0.652380952,1
13355,Black,M,15.7,2.3,SC,-0.79,0.415297619,0
13357,Black,M,19,3.4,SC,0.77,0.561309524,1
13358,Black,M,23,3.3,SC,0.35,0.601785714,0
13359,Black,M,19,2.5,SC,0.05,0.475595238,0
13360,Black,F,26,2.8,MS,-0.29,0.591666667,0
13361,White,F,29,2,SC,1.31,0.55297619,1
13362,Black,M,18.3,2.1,SC,-1.15,0.42875,0
13364,White,F,35,2.2,SC,-0.42,0.64702381,1
13366,White,F,28,2.3,SC,0.75,0.569047619,1
13367,Black,F,28,2.4,SC,-1.46,0.578571429,0
13368,White,F,29,2,SC,0.44,0.55297619,1
13370,White,F,29,2.8,SC,0.06,0.629166667,1
13371,White,M,28,3.2,SC,1.15,0.654761905,1
13372,White,F,33,2.6,SC,0.54,0.660119048,1
13374,Black,M,29,2.8,SC,-0.67,0.629166667,0
13375,Black,M,20,2.7,SC,-0.77,0.507142857,0
13376,Black,M,27,2.8,SC,0.4,0.604166667,1
13377,Black,M,22,2.2,SE,-0.79,0.48452381,0
13378,White,F,27.7,2.6,SC,-0.15,0.593869048,0
13380,Other,F,22.5,2.3,SC,0.13,0.500297619,0
13381,White,F,28,2.9,SC,-0.15,0.626190476,0
13382,Black,M,20.7,2.2,NE,0.25,0.46827381,0
13383,White,F,22.7,2.3,SC,-0.36,0.502797619,0
13385,Black,M,30,2.7,SC,0.56,0.632142857,0
13386,White,M,30.5,2.7,SC,1.02,0.638392857,1
13387,White,F,25.5,2.1,SE,0.88,0.51875,1
13388,White,F,48,2,NE,1.04,0.79047619,1
13389,Hispanic,F,29,3.2,SE,0.7,0.667261905,1
13390,White,F,41,3.2,NE,0.21,0.817261905,1
13391,White,F,48,2.2,NE,0.41,0.80952381,0
13392,White,M,44,2.2,NE,0.58,0.75952381,0
13393,White,F,45,2.6,NE,0.35,0.810119048,1
13394,White,F,41,2.5,NE,0.58,0.750595238,1
13395,White,F,35,3.6,NE,-0.99,0.780357143,1
13396,Black,F,24,3.3,NE,0.18,0.614285714,0
13398,Hispanic,F,36,2.6,NE,0.44,0.697619048,1
13399,White,F,45,2.5,NE,0.35,0.800595238,1
13400,White,M,37,3.6,NE,0.73,0.805357143,1
13401,White,F,42,3,NE,0.96,0.810714286,1
13402,White,F,39,3.6,NE,0.44,0.830357143,1
13403,White,M,39,3.1,NE,-1.76,0.782738095,0
13404,White,F,38,3.5,NE,-0.38,0.808333333,1
13405,White,M,38,3.5,NE,0.81,0.808333333,1
13406,White,F,33,3.8,NE,0,0.774404762,1
13407,Hispanic,F,24,3.5,SE,-0.51,0.633333333,0
13409,White,M,38,3.5,NE,-0.3,0.808333333,1
13411,White,F,42,3.6,NE,-0.84,0.867857143,1
13412,White,M,41,3.8,NE,0.67,0.874404762,1
13413,White,M,38,3.4,NE,0.23,0.798809524,1
13414,White,M,45,3.5,NE,2.19,0.895833333,1
13415,White,F,46,2.7,NE,0.81,0.832142857,1
13416,White,F,41,2.9,NE,-0.61,0.788690476,1
13417,White,M,46,3.1,NE,1.92,0.870238095,1
13418,White,F,45,3,NE,0.35,0.848214286,1
13419,White,F,41,2.6,NE,0.96,0.760119048,1
13420,Black,F,42,2.5,NE,-0.63,0.763095238,1
13421,Asian,F,38,3.4,NE,0.41,0.798809524,1
13422,White,F,41,3,NE,-0.46,0.798214286,1
13423,Black,F,26,3.2,NE,-1.57,0.629761905,0
13424,White,F,46,2.4,MS,-0.59,0.803571429,0
13425,White,M,38,3.5,NE,1.48,0.808333333,1
13426,White,M,38,3.7,NE,0.33,0.827380952,1
13427,Asian,M,31.5,2.6,NE,0.5,0.641369048,1
13428,Black,F,31.5,2.2,NE,-0.51,0.60327381,0
13429,Black,F,32.5,2,NE,-0.19,0.59672619,1
13430,Black,F,29,2.6,NE,-2.33,0.610119048,0
13431,Black,M,27,2.7,NE,-0.17,0.594642857,1
13432,Black,M,28,2.6,NE,-0.99,0.597619048,1
13433,White,M,42,3.8,NE,1.34,0.886904762,1
13434,White,M,40,3.1,SE,0.44,0.795238095,1
13436,White,M,38,3.1,NE,0.64,0.770238095,1
13437,White,M,40,3,NE,-0.46,0.785714286,1
13438,White,M,40,2.7,NE,0.06,0.757142857,1
13439,Black,M,24,3.3,NE,-1.24,0.614285714,1
13440,White,F,42,3.6,NE,0.02,0.867857143,0
13441,White,M,43,2.9,NE,1.34,0.813690476,1
13442,White,M,43,3.3,NE,1.8,0.851785714,1
13443,White,F,44,2.3,NE,1.34,0.769047619,1
13444,White,M,40,3.6,NE,-1.05,0.842857143,1
13445,White,F,42,2.6,NE,0.96,0.772619048,1
13446,Hispanic,F,29,3.3,NE,-1.66,0.676785714,1
13447,Puertorican,F,29,2.8,NE,-1.32,0.629166667,0
13448,Asian,F,32,2.8,NE,-0.9,0.666666667,1
13450,White,F,38,3.8,NE,-1.57,0.836904762,1
13451,White,F,40,3.3,NE,-0.32,0.814285714,1
13452,White,F,33,3.6,NG,0,0.755357143,1
13453,White,M,43,2.9,SE,-0.69,0.813690476,0
13454,White,M,39,3.6,NE,-0.46,0.830357143,1
13455,White,M,40,3.4,NE,-0.17,0.823809524,1
13456,White,F,41,3.6,NE,1.11,0.855357143,1
13457,White,M,47,3.3,NE,1.4,0.901785714,1
13459,White,F,40,3,SE,0.35,0.785714286,1
13461,White,M,37,3.5,NE,0.87,0.795833333,1
13462,White,M,39,3.4,NE,0.6,0.811309524,1
13463,Black,M,29,2.7,NE,-0.76,0.619642857,0
13464,White,F,39,3.1,NE,1.04,0.782738095,1
13466,White,M,36.5,3.8,NE,1.08,0.818154762,1
13467,White,F,40,3.4,NE,0.87,0.823809524,1
13468,White,F,41,2.9,NE,-1.64,0.788690476,1
13469,White,M,37,3.1,NE,-0.09,0.757738095,1
13470,White,M,37,3.2,NE,0.58,0.767261905,1
13471,White,F,40,3,NE,0.21,0.785714286,1
13472,White,M,37,3.8,NE,0.58,0.824404762,1
13473,White,F,42,2.9,NE,-0.23,0.801190476,1
13474,Black,F,28,3.3,NE,-1.66,0.664285714,1
13475,Other,M,39,2.9,NE,-0.09,0.763690476,1
13476,White,F,41,3.6,NE,0.67,0.855357143,1
13477,Hispanic,F,28,2.8,NE,-1.64,0.616666667,1
13478,White,M,24.3,3.6,NE,-0.69,0.646607143,1
13479,White,M,35.5,3.6,NE,0.21,0.786607143,1
13480,White,F,39,3.1,NG,-0.84,0.782738095,1
13566,White,M,33,3.9,SC,1.06,0.783928571,1
13567,Mexican,F,34,3.1,FW,-0.65,0.720238095,0
13568,White,F,42,2.9,FW,0.51,0.801190476,1
13569,White,M,37,3.7,FW,0.68,0.814880952,0
13570,White,M,37,3.4,FW,-0.23,0.786309524,1
13571,Mexican,M,39,3.4,FW,-0.68,0.811309524,1
13573,White,F,40,3.6,FW,0.07,0.842857143,1
13574,White,M,37,3.4,NE,-0.92,0.786309524,1
13575,White,M,39,3.6,FW,-0.41,0.830357143,1
13577,White,M,40,2.8,FW,0.41,0.766666667,1
13578,White,M,40,3.5,FW,0.27,0.833333333,1
13579,White,M,38,3.4,FW,2.04,0.798809524,1
13580,White,F,40,3.7,FW,-1.06,0.852380952,1
13581,White,M,38,3.3,FW,0.37,0.789285714,1
13582,White,F,44,3.1,FW,0.27,0.845238095,1
13583,White,F,42,3.3,FW,0.51,0.839285714,1
13585,White,M,33,3.6,FW,-0.03,0.755357143,1
13586,Puertorican,M,33,2.4,FW,-0.75,0.641071429,0
13587,White,F,42,2.5,FW,1.06,0.763095238,1
13589,Hispanic,M,32.3,2.7,FW,-1.16,0.660892857,0
13590,White,M,37,3.3,FW,-0.68,0.776785714,1
13592,White,M,45,2.8,FW,0.48,0.829166667,1
13593,Mexican,M,30.5,3.1,FW,-0.03,0.676488095,1
13594,White,M,38,3.1,FW,-0.65,0.770238095,1
13595,White,F,34,3.6,FW,-1.16,0.767857143,1
13596,White,F,42.5,3.2,FW,2.35,0.836011905,1
13597,White,F,35,3.5,FW,0.34,0.770833333,1
13598,White,M,39,3.7,FW,0.27,0.839880952,1
13599,White,M,36,3.5,FW,-1.19,0.783333333,1
13600,White,F,45,2.1,FW,-0.55,0.7625,1
13601,White,F,41,3.6,FW,1.91,0.855357143,1
13602,White,M,39,3.3,FW,-0.85,0.801785714,1
13603,White,M,38,3.6,SC,-0.48,0.817857143,1
13604,White,F,31,3.6,FW,-0.03,0.730357143,0
13606,White,M,46,3.2,FW,0.89,0.879761905,1
13607,White,M,39,3.5,FW,1.19,0.820833333,1
13609,White,M,37,3.2,FW,-0.24,0.767261905,1
13611,White,M,46,3.2,FW,1.34,0.879761905,1
13612,White,M,38,3.2,FW,1.6,0.779761905,1
13613,White,F,35,3.2,FW,1.23,0.742261905,1
13614,White,F,37,3.3,FW,-0.45,0.776785714,1
13615,Mexican,M,31,2.5,FW,-1.5,0.625595238,0
13616,Hispanic,M,37,3.9,FW,2.22,0.833928571,1
13617,White,M,41,3.2,SE,-1.33,0.817261905,1
13618,White,M,35,3.5,FW,0.2,0.770833333,1
13619,White,F,41,3.4,Mt,1.74,0.836309524,1
13620,White,M,44,3,FW,0.71,0.835714286,1
13621,White,M,44,3.5,FW,1.7,0.883333333,1
13622,White,F,34,3.4,FW,-0.17,0.748809524,1
13624,White,M,34,3.7,FW,-0.45,0.777380952,1
13625,Amerindian,M,36,3.9,FW,-0.58,0.821428571,0
13626,White,F,36,3.1,MS,0.27,0.745238095,1
13627,White,M,40,3.1,FW,-0.11,0.795238095,1
13629,White,F,39,3.7,FW,-0.24,0.839880952,1
13630,White,F,46,3.2,FW,1.12,0.879761905,1
13631,Asian,F,35.5,2.7,FW,-0.89,0.700892857,1
13632,White,F,29.5,3.5,GL,-0.45,0.702083333,1
13633,White,M,36,3.1,FW,0.37,0.745238095,1
13634,White,M,38,3.2,FW,0,0.779761905,0
13635,White,M,29.5,3.5,FW,-0.99,0.702083333,0
13636,Mexican,M,40,3.2,FW,-0.03,0.804761905,1
13637,White,F,35.5,3.5,FW,1.23,0.777083333,1
13638,White,M,37,3.9,Mt,-1.16,0.833928571,1
13639,White,M,39,3.2,FW,0.65,0.792261905,1
13641,White,F,40,3,FW,0.34,0.785714286,1
13642,White,F,41,3.3,FW,1.06,0.826785714,1
13643,White,M,39,3.5,FW,-0.41,0.820833333,1
13645,White,M,40,2.9,FW,-0.07,0.776190476,1
13646,White,M,34,3.4,FW,0.17,0.748809524,0
13648,White,F,36.5,3.4,FW,-1.47,0.780059524,0
13649,White,M,43,2.5,FW,-1.3,0.775595238,1
13650,White,M,39,3.8,FW,1.4,0.849404762,1
13651,White,F,38,3.4,NE,-1.13,0.798809524,1
13652,White,F,40,3.3,FW,-1.16,0.814285714,1
13653,White,M,32.5,3.4,MS,-0.34,0.730059524,1
13654,White,F,42,3.2,FW,1.5,0.829761905,1
13655,White,M,41,3.5,FW,-0.17,0.845833333,1
13656,White,M,32,3.4,MS,-1.78,0.723809524,1
13657,White,F,41,3.9,FW,0.17,0.883928571,1
13658,White,F,48,3.4,FW,1.26,0.923809524,1
13660,White,F,39,3.3,FW,0.55,0.801785714,1
13661,White,F,42,2.7,FW,-0.55,0.782142857,1
13662,White,M,35,3.7,FW,0.71,0.789880952,1
13663,White,M,39,3.4,FW,-1.16,0.811309524,1
13664,White,F,40,3.3,MS,1.06,0.814285714,1
13666,White,M,39.5,3,MS,0.38,0.779464286,1
13667,White,M,34.5,3.7,MS,-0.43,0.783630952,1
13669,White,M,36.5,2.8,MS,-0.88,0.722916667,1
13670,White,M,37,3.2,NE,-1.27,0.767261905,0
13671,Other,F,36,3.3,MS,-1.55,0.764285714,0
13672,White,F,36,3.3,MS,0.72,0.764285714,1
13673,White,F,33,3.3,MS,-0.95,0.726785714,0
13674,White,M,34.5,3,MS,0.01,0.716964286,1
13675,White,F,43,3.3,MS,-0.07,0.851785714,1
13676,White,F,41,3.3,SE,1.21,0.826785714,1
13677,White,M,40,2.6,NE,-2.57,0.747619048,0
13680,White,F,32.5,3.6,MS,-0.56,0.749107143,1
13681,White,M,34.5,3.1,MS,0.53,0.726488095,1
13682,White,F,45,3.2,MS,0.17,0.867261905,1
13683,White,M,37,3.2,NG,-1.18,0.767261905,1
13684,White,M,36,3.5,MS,0.3,0.783333333,1
13685,White,M,43,2.9,MS,-1.58,0.813690476,1
13686,White,M,41,3,MS,-0.22,0.798214286,1
13687,Black,M,35,2.5,MS,-0.17,0.675595238,1
13688,White,M,37,2.7,MS,-0.77,0.719642857,1
13690,White,F,41,2.9,MS,-0.46,0.788690476,1
13691,White,M,41,3.6,MS,1.16,0.855357143,1
13692,White,F,42,2.9,MS,-0.2,0.801190476,1
13693,White,F,40,3.1,MS,1.03,0.795238095,1
13694,White,F,36,3.4,MS,-0.85,0.773809524,0
13695,White,F,42,2.9,MS,0.17,0.801190476,1
13696,White,M,39,3.3,MS,0.82,0.801785714,1
13697,White,F,39,3.4,MS,-0.61,0.811309524,0
13698,White,M,33,3.3,MS,0.61,0.726785714,1
13699,White,M,41,3.1,MS,0.35,0.807738095,1
13700,White,M,38,3,MS,0.64,0.760714286,1
13701,Black,M,23.5,2.9,MS,-2.81,0.569940476,0
13702,White,F,35,3.4,MS,0.43,0.761309524,1
13703,White,M,37,3.1,MS,0.66,0.757738095,1
13704,White,M,40,3.1,SE,1.94,0.795238095,1
13705,White,F,39,3.6,MS,1.13,0.830357143,1
13706,White,F,38,3.6,NE,0.53,0.817857143,1
13707,Black,F,28,2.7,MS,-1.69,0.607142857,0
13708,White,M,36.5,3.4,MS,-0.88,0.780059524,1
13709,White,M,38,3.4,MS,0.27,0.798809524,1
13710,White,F,39,3.1,MS,-0.38,0.782738095,1
13711,White,M,41,2.9,MS,-1.03,0.788690476,0
13712,White,F,38,3.4,FW,0.74,0.798809524,1
13714,Black,F,21.5,2.4,MS,-0.72,0.497321429,1
13715,White,F,48,3.2,MS,-0.28,0.904761905,1
13716,White,M,41,2.6,MS,-1.11,0.760119048,1
13717,White,F,41,2.9,MS,1.13,0.788690476,1
13718,White,F,37.5,2.9,MS,0.95,0.744940476,1
13719,Asian,M,31,3.2,Mt,-0.51,0.692261905,1
13720,White,F,38,3.5,MS,0.77,0.808333333,1
13721,White,M,40,3.3,MS,1.76,0.814285714,1
13722,White,M,37,3,MS,0.79,0.748214286,1
13723,White,F,47,3.6,MS,1.42,0.930357143,1
13724,White,F,45,2.5,MS,0.87,0.800595238,1
13725,White,F,30.5,3.5,NE,-0.56,0.714583333,1
13726,White,M,39,3.5,MS,1.47,0.820833333,1
13729,White,F,46,2.8,MS,0.09,0.841666667,1
13730,White,F,42,2.8,MS,0.17,0.791666667,1
13731,Hispanic,M,38,3.2,NE,-1.08,0.779761905,1
13732,White,M,38,3.3,MS,0.04,0.789285714,1
13733,White,F,36,3,MS,-0.56,0.735714286,1
13734,White,M,37,3.5,MS,-0.8,0.795833333,0
13735,White,M,40,3.3,MS,0.72,0.814285714,1
13736,White,F,36,2.3,MS,-0.95,0.669047619,0
13738,White,F,42,3.1,MS,0.43,0.820238095,1
13739,White,F,41,2.6,MS,0.33,0.760119048,1
13740,White,M,40,3.5,MS,-0.25,0.833333333,1
13741,White,F,38,3.6,MS,0.14,0.817857143,1
13742,White,M,37,3.6,MS,1.45,0.805357143,1
13743,Hispanic,F,26,3.4,MS,-0.77,0.648809524,0
13744,White,F,43,3.3,MS,0.48,0.851785714,1
13745,White,F,40,3.2,MS,0.51,0.804761905,1
13746,Asian,M,40,2.8,MS,0.93,0.766666667,1
13747,White,F,44,2.3,MS,2.6,0.769047619,1
13748,Asian,M,27.5,3,MS,-1.42,0.629464286,0
13749,White,F,44,2.8,MS,0.06,0.816666667,0
13750,White,M,37,3.5,MS,1.32,0.795833333,1
13753,White,M,43,2.7,MS,-0.98,0.794642857,0
13754,White,F,41,2.5,SC,0.59,0.750595238,1
13756,White,M,33.5,3.8,MS,-0.51,0.780654762,1
13757,White,M,39,3.4,NE,0.38,0.811309524,1
13758,White,F,38,3.3,MS,0.77,0.789285714,0
13759,White,F,40,3,MS,0.9,0.785714286,1
13760,White,F,42,3.3,MS,0.93,0.839285714,1
13761,White,M,31,3.6,MS,-0.48,0.730357143,1
13762,White,M,36,3.7,Mt,1.25,0.802380952,1
13763,White,F,33,3.5,MW,-0.22,0.745833333,0
13765,White,M,39,2.9,MW,1.1,0.763690476,1
13766,White,F,32,3.2,MW,1.65,0.704761905,1
13767,White,M,33,3.1,MW,-0.32,0.707738095,0
13769,White,M,34,3.9,MW,-0.07,0.796428571,1
13770,White,F,38,3.4,MW,-1.74,0.798809524,0
13771,White,M,36,3.1,MW,0.39,0.745238095,1
13772,White,F,36,3.1,MS,0.03,0.745238095,1
13774,White,M,31,3.4,Mt,-0.54,0.711309524,1
13775,Mexican,M,27,2.7,SC,-0.54,0.594642857,1
13778,White,F,34,3.2,MW,-1.05,0.729761905,1
13780,White,F,36,3.8,Mt,-0.36,0.811904762,1
13783,White,M,36,2.7,MW,-0.07,0.707142857,1
13784,Mexican,F,28,3,SC,0.66,0.635714286,1
13785,White,F,31,3.1,MW,-0.91,0.682738095,1
13786,Asian,F,27,2.9,GL,0.29,0.613690476,1
13788,Mexican,F,29,3.1,Mt,-0.74,0.657738095,0
13789,White,F,32,3.5,MW,1.39,0.733333333,1
13790,White,F,36,2.9,GL,0.92,0.726190476,1
13791,White,M,37,3.1,MW,-0.4,0.757738095,1
13792,White,F,34,3.1,GL,-0.6,0.720238095,1
13794,White,M,38,3,MW,1.14,0.760714286,1
13795,White,M,38,3.4,MW,0.68,0.798809524,1
13796,White,M,35,3.6,GL,1.59,0.780357143,1
13797,White,F,37,2.8,MW,1.41,0.729166667,1
13798,Asian,F,33,2.5,FW,-0.89,0.650595238,1
13799,White,M,31,3.1,MW,0.78,0.682738095,1
13800,Other,M,33,3.3,MW,-0.56,0.726785714,0
13801,White,F,35.5,2.8,MW,-1.52,0.710416667,1
13802,White,M,35,2.9,Mt,-0.64,0.713690476,1
13803,Black,M,23.5,3.1,GL,-0.6,0.588988095,1
13804,Black,M,28,2.3,GL,-0.16,0.569047619,1
13805,White,M,33,3.4,MW,0.86,0.736309524,0
13806,White,F,31,3.4,GL,0.05,0.711309524,1
13807,White,M,38,3.2,MW,1.06,0.779761905,1
13808,White,M,36,2.8,NE,-0.97,0.716666667,1
13809,Black,F,27,3.6,SE,-0.3,0.680357143,1
13810,White,F,31,3.7,MW,-0.36,0.739880952,1
13811,White,F,36,3.1,MW,0.11,0.745238095,0
13813,White,M,28.5,2.7,Mt,-1.07,0.613392857,1
13814,White,F,33.5,3.3,GL,-1.11,0.733035714,1
13815,White,F,37,2.9,MW,-0.14,0.738690476,1
13816,White,F,42,3.3,MW,-0.79,0.839285714,0
13817,White,F,37,3.8,MW,0.86,0.824404762,1
13818,White,M,35,3,MW,-0.22,0.723214286,0
13819,White,F,37,2.9,MW,-0.72,0.738690476,0
13821,White,M,38,3.7,Mt,1.86,0.827380952,1
13822,White,M,34,3.6,FW,0.11,0.767857143,1
13823,White,F,34,3.3,MW,0.39,0.739285714,1
13824,White,M,35,3.4,GL,0.56,0.761309524,1
13825,Hispanic,F,26,3.5,NW,-1.07,0.658333333,0
13826,White,F,36,3,MW,-0.01,0.735714286,1
13827,White,M,33,3.6,MW,0.25,0.755357143,0
13828,White,M,40,4,Mt,1.96,0.880952381,1
13829,White,M,37,2.7,MW,-0.42,0.719642857,1
13830,White,F,34,3.4,MW,0.86,0.748809524,1
13831,White,F,30,3.2,GL,0.03,0.679761905,1
13833,White,M,35,3.6,MW,0.8,0.780357143,1
13834,White,F,32,3.1,MW,0.43,0.695238095,1
13835,White,M,34,2.9,MW,-1.01,0.701190476,1
13837,White,F,33,3.3,MW,-0.97,0.726785714,1
13838,White,F,33,3.2,GL,-0.48,0.717261905,1
13839,White,F,32,3.3,MW,0.13,0.714285714,1
13840,White,F,34,2.7,MW,-0.76,0.682142857,1
13841,White,M,32,3.5,GL,1.49,0.733333333,1
13842,White,F,34.5,3.4,MW,0.09,0.755059524,1
13844,White,M,27,3.7,NE,0.45,0.689880952,1
13845,White,F,37,2.6,MW,-0.68,0.710119048,0
13846,White,F,39,3.3,MW,0.15,0.801785714,1
13847,White,F,38,3.1,GL,0.23,0.770238095,1
13850,White,F,31,2.7,FW,-0.91,0.644642857,1
13852,White,F,41,3.1,MW,-0.14,0.807738095,1
13853,White,F,28,3.5,NE,0.64,0.683333333,1
13854,White,F,36,2.3,MW,0.01,0.669047619,1
13855,White,F,33,2.9,SE,0.7,0.688690476,1
13857,White,F,35,3.1,MW,-0.76,0.732738095,1
13859,Other,F,28,3.5,GL,-0.66,0.683333333,1
13861,White,F,37,3.1,GL,0.17,0.757738095,1
13862,Black,M,26,3.6,SE,-1.74,0.667857143,1
13863,White,M,35,3.5,GL,0.88,0.770833333,1
13865,White,F,45,3.4,MW,1.45,0.886309524,1
13866,White,F,32.5,2.8,GL,-0.99,0.672916667,1
13868,White,F,34,2.7,GL,0.41,0.682142857,1
13869,White,M,33,3.6,MW,0.49,0.755357143,1
13870,White,M,34,3.5,GL,0.96,0.758333333,1
13871,White,F,40,3.1,MW,-0.95,0.795238095,1
13872,White,F,32,3,MW,-0.03,0.685714286,1
13873,White,F,37,2.7,MW,0.11,0.719642857,1
13876,White,M,32,3.7,MW,0.78,0.752380952,1
13878,White,F,38.5,3.1,GL,-0.2,0.776488095,1
13879,White,M,33,3.5,MW,0.72,0.745833333,1
13880,White,M,35,3,GL,-1.01,0.723214286,1
13881,White,F,34,3.2,GL,-0.6,0.729761905,1
13882,White,M,41,2.7,GL,0.01,0.769642857,1
13884,White,F,36,3.3,MW,1.67,0.764285714,1
13885,White,M,32,3.7,MW,1.33,0.752380952,1
13886,White,F,35,3.2,GL,-1.19,0.742261905,1
13887,White,F,35,2.9,SC,-0.52,0.713690476,1
13888,White,F,33,3.1,MW,0.49,0.707738095,0
13889,White,F,37,2.5,MW,-0.56,0.700595238,1
13890,White,M,43,2.3,MW,-1.33,0.756547619,0
13891,White,M,37.5,3.1,MW,0.19,0.763988095,1
13892,White,M,31,3.3,MW,-0.95,0.701785714,1
13893,White,F,39,2.9,MW,-1.88,0.763690476,1
13894,White,M,42,3,MW,1.08,0.810714286,1
13895,White,M,36,3.5,MW,0.43,0.783333333,1
13897,White,M,37,3.9,GL,1.23,0.833928571,1
13898,White,F,34,3.3,GL,0.84,0.739285714,1
13899,White,M,37,2.9,MW,-0.38,0.738690476,1
13900,White,M,42,3.7,MW,1,0.877380952,1
13902,White,M,29,3.5,MW,1.16,0.695833333,1
13904,White,M,38,3.6,NW,1.39,0.817857143,1
13905,White,F,24,3.2,MW,-0.56,0.604761905,0
13907,White,M,33,3.2,GL,1.23,0.717261905,1
13908,White,F,44,3,GL,-0.28,0.835714286,1
13909,Asian,F,38,3.2,SC,-1.23,0.779761905,1
13910,White,F,43,3.9,GL,0.66,0.908928571,1
13911,Asian,F,37,3.6,GL,-0.94,0.805357143,1
13912,White,F,38,3.9,GL,1.18,0.846428571,1
13913,White,F,45,3.3,GL,0.73,0.876785714,1
13914,White,M,41,3.9,GL,0.24,0.883928571,1
13915,White,M,42,3.9,MW,0.56,0.896428571,1
13916,White,F,40,3.8,GL,0.02,0.861904762,1
13917,White,F,37,3.4,FW,0.81,0.786309524,1
13919,White,M,39,3.8,GL,0.02,0.849404762,1
13920,White,F,48,3.5,GL,1.89,0.933333333,1
13921,White,M,45,4,FW,0.34,0.943452381,1
13922,White,F,44,3,NE,-0.25,0.835714286,1
13924,White,M,41,3.8,GL,1.57,0.874404762,1
13925,White,F,39,3.9,GL,0.86,0.858928571,1
13926,White,F,40,3.6,GL,1.52,0.842857143,1
13927,White,M,40,3.9,GL,1.2,0.871428571,1
13928,White,M,37,3.6,GL,-0.4,0.805357143,1
13929,White,F,39,3.5,MW,0.46,0.820833333,1
13930,White,F,47,3.7,GL,0.81,0.939880952,1
13931,White,F,42,3.2,GL,-0.84,0.829761905,0
13932,White,F,40,3.6,GL,0.24,0.842857143,1
13934,White,M,44,3.3,GL,1.64,0.864285714,1
13935,White,F,41,3.9,GL,0.68,0.883928571,1
13936,White,M,39,3.7,GL,0.09,0.839880952,1
13938,White,F,42,3.5,GL,-0.72,0.858333333,1
13939,White,F,35.5,3.8,MW,-1.14,0.805654762,1
13940,White,M,42,3.3,GL,-0.64,0.839285714,1
13942,White,F,43,3.3,Mt,1.13,0.851785714,1
13943,Asian,F,41,3,NE,-0.2,0.798214286,1
13944,White,M,48,3.7,GL,0.76,0.952380952,1
13945,Asian,M,40,3.3,FW,-0.94,0.814285714,1
13949,White,M,48,3.5,GL,1.94,0.933333333,1
13950,White,M,40,3.6,NG,-0.1,0.842857143,1
13951,White,M,46,3.6,GL,-0.03,0.917857143,1
13952,White,F,40,3.6,GL,0.86,0.842857143,1
13954,White,M,41,4,GL,1.22,0.893452381,1
13955,White,F,40,3.8,GL,0.29,0.861904762,1
13956,White,M,39,3.6,GL,-0.87,0.830357143,1
13957,White,F,41,3.6,SE,0.12,0.855357143,1
13958,White,M,42,3.3,GL,1.2,0.839285714,1
13959,White,F,43,3.7,GL,2.5,0.889880952,1
13960,White,F,37,3.8,GL,0.19,0.824404762,1
13961,White,M,38,3.7,GL,0.24,0.827380952,1
13963,White,F,41,3.7,GL,1.22,0.864880952,1
13964,White,M,35,3.9,GL,-1.38,0.808928571,1
13965,White,M,43,3.5,GL,-0.35,0.870833333,1
13966,White,F,40,3.1,GL,0,0.795238095,1
13967,White,M,44,3.3,GL,-0.57,0.864285714,1
13968,White,F,39,3.4,GL,-0.45,0.811309524,1
13969,White,F,39,3.6,MW,0.44,0.830357143,1
13970,White,M,37,3.9,GL,0.17,0.833928571,1
13971,White,M,41,3.3,GL,-0.79,0.826785714,1
13973,White,F,41,3.7,GL,-1.21,0.864880952,1
13974,White,M,48,3,GL,1.57,0.885714286,1
13975,White,F,44,3.4,GL,-1.01,0.873809524,1
13976,White,M,39,3.6,GL,-1.38,0.830357143,1
13978,White,F,41,3.7,GL,-1.65,0.864880952,0
13980,White,M,42,3.7,NE,1.1,0.877380952,1
13981,White,F,44,3,GL,-1.19,0.835714286,1
13982,White,F,38.5,3.3,GL,0.12,0.795535714,1
13985,White,M,36.5,3.5,GL,-0.25,0.789583333,1
13986,White,F,41,3.9,GL,0.95,0.883928571,1
13987,White,F,40,3.8,GL,1.13,0.861904762,1
13988,White,F,40,3.8,GL,0.54,0.861904762,1
13989,White,M,43,3.9,GL,-0.99,0.908928571,1
13990,White,M,45,3.3,GL,1.57,0.876785714,1
13991,White,F,36,3.9,GL,-0.67,0.821428571,1
13992,White,M,40,3.3,GL,-1.04,0.814285714,1
13993,White,F,38,4,GL,-0.35,0.855952381,1
13994,White,F,44,3.8,GL,-0.55,0.911904762,1
13995,White,M,42,3.3,GL,0.09,0.839285714,1
13996,White,F,44,3.1,GL,-0.67,0.845238095,1
13997,Black,M,33,2.5,GL,-0.03,0.650595238,1
13998,White,M,40,3.7,GL,-1.46,0.852380952,1
13999,White,M,46,3.5,GL,0.59,0.908333333,1
14000,White,F,46,3.9,GL,-0.94,0.946428571,1
14001,White,M,36.5,3.4,GL,-1.43,0.780059524,1
14002,Asian,F,45,3,GL,0.02,0.848214286,1
14003,White,F,42,3.5,GL,-1.01,0.858333333,1
14004,White,F,40,4,GL,0.91,0.880952381,1
14005,White,F,39,3.5,GL,-0.79,0.820833333,1
14008,White,M,39,3.6,Mt,2.62,0.830357143,1
14010,White,M,37,3.7,MW,0.51,0.814880952,1
14013,White,F,30,3.2,Mt,1.27,0.679761905,1
14014,White,F,36,3.6,Mt,0.72,0.792857143,0
14016,White,F,37,3.1,Mt,0.78,0.757738095,1
14017,White,F,33,3.2,Mt,-0.04,0.717261905,1
14018,White,F,31,3.8,Mt,-0.45,0.749404762,1
14019,White,F,35,3.4,Mt,-0.11,0.761309524,1
14020,White,M,30,3.7,Mt,-0.32,0.727380952,1
14022,White,F,36,3.4,NG,-0.45,0.773809524,1
14023,Amerindian,M,29,3.3,Mt,-0.59,0.676785714,0
14024,White,M,40,3,Mt,-0.17,0.785714286,0
14025,White,F,33,3.2,MS,-0.17,0.717261905,0
14028,White,M,34,3,Mt,-1.12,0.710714286,1
14029,White,F,37,3.6,Mt,0.29,0.805357143,1
14030,White,F,32,2.5,MS,-0.78,0.638095238,1
14031,White,F,31,3.3,Mt,0.38,0.701785714,1
14032,White,F,36,3,Mt,-0.99,0.735714286,0
14033,White,F,33,3.1,Mt,1.52,0.707738095,1
14037,White,F,34,3.6,Mt,1.6,0.767857143,1
14038,White,M,32,2.8,Mt,-0.38,0.666666667,0
14039,White,M,40,3.5,Mt,1.05,0.833333333,1
14040,White,M,27,3.3,MW,-0.78,0.651785714,1
14041,White,M,34,3.4,GL,0.51,0.748809524,1
14042,White,M,32,3.4,Mt,-1.33,0.723809524,0
14046,White,M,35,3.5,Mt,0.51,0.770833333,1
14051,White,M,35,3.2,Mt,1.6,0.742261905,1
14052,White,F,39,3.2,SE,1.12,0.792261905,1
14053,White,M,28,3.5,Mt,0.44,0.683333333,0
14054,White,F,37,3.7,Mt,1.12,0.814880952,1
14055,White,F,32,2.7,Mt,-0.93,0.657142857,1
14056,White,F,31,3.9,Mt,-0.66,0.758928571,1
14057,White,M,37,3.2,Mt,-0.23,0.767261905,0
14059,White,F,37,3.6,Mt,-0.51,0.805357143,0
14060,White,F,31,3.7,Mt,1.39,0.739880952,1
14061,White,M,25.5,3.1,Mt,-0.59,0.613988095,1
14063,White,F,36,3.3,SE,-1.4,0.764285714,1
14065,White,F,37,3,Mt,-0.99,0.748214286,1
14067,White,F,33,3.3,Mt,-0.59,0.726785714,1
14068,White,F,39,2.4,MW,0.51,0.716071429,1
14069,White,M,33,2.9,Mt,-1.12,0.688690476,1
14070,White,F,38,2.6,NW,-0.11,0.722619048,1
14071,White,M,35,3.5,Mt,0.65,0.770833333,1
14073,White,F,39.5,2.9,Mt,1.39,0.769940476,1
14075,Hispanic,M,34,2.9,Mt,-0.73,0.701190476,1
14076,White,F,38,3.2,GL,-0.18,0.779761905,1
14077,White,F,33,3.1,GL,0.08,0.707738095,1
14078,White,M,37,3.2,GL,1.36,0.767261905,1
14079,White,M,28,3.5,GL,-0.13,0.683333333,1
14080,White,F,26.3,2.7,GL,0.49,0.585892857,1
14081,White,F,35,3.5,GL,0.27,0.770833333,1
14082,White,F,42,2.3,GL,1.66,0.744047619,1
14083,White,F,30,2.7,MW,-1.05,0.632142857,1
14085,White,F,36,2.8,GL,-0.72,0.716666667,0
14086,White,F,34,3.4,GL,-0.09,0.748809524,1
14087,White,F,36,3.1,GL,0.15,0.745238095,1
14088,White,M,23,3.9,GL,0.44,0.658928571,1
14089,White,F,33,3.6,GL,1.27,0.755357143,1
14090,White,F,33,3,GL,-1.51,0.698214286,0
14091,White,M,37,3.9,GL,0.36,0.833928571,1
14092,White,M,31,3.6,GL,-1.32,0.730357143,0
14094,White,F,29.5,3.4,NE,-0.37,0.692559524,1
14095,White,M,40,3.2,NE,1.19,0.804761905,1
14096,White,M,34,3,GL,0.6,0.710714286,1
14097,White,F,41,3.3,NE,0.55,0.826785714,1
14098,White,M,33,2.9,Mt,-1.39,0.688690476,0
14099,White,M,35,3,NE,-0.42,0.723214286,1
14100,White,F,42,2.4,GL,1.55,0.753571429,1
14101,White,M,31,3.1,GL,0.74,0.682738095,1
14102,White,F,34,3.5,GL,0.72,0.758333333,1
14103,White,M,39,3.9,NE,1.41,0.858928571,1
14104,White,F,32.5,2.5,MS,0.39,0.644345238,1
14105,White,F,39,3.3,GL,1.01,0.801785714,1
14106,White,M,38,3.6,GL,0.41,0.817857143,1
14107,White,F,38,2.9,GL,1.31,0.751190476,1
14108,White,M,36,3.5,GL,0.6,0.783333333,1
14109,White,F,34,3.2,GL,0.6,0.729761905,1
14110,White,F,32,2.9,GL,-0.73,0.676190476,1
14111,White,F,36,2.6,NE,0.51,0.697619048,1
14112,White,F,32,2.6,GL,-0.37,0.647619048,1
14114,White,M,32.5,2.8,GL,-0.94,0.672916667,1
14115,White,F,25,3.9,GL,1.69,0.683928571,1
14116,White,F,33.5,3.4,SE,0.24,0.742559524,1
14117,White,M,35,3.7,SE,0.15,0.789880952,1
14118,White,F,36,2.7,GL,0.01,0.707142857,1
14119,White,F,36,3.5,GL,-1.05,0.783333333,1
14120,White,M,34,3.5,GL,1.24,0.758333333,1
14121,White,F,37,3.2,GL,0.91,0.767261905,1
14122,White,M,29,3.3,GL,-1.13,0.676785714,0
14124,White,M,41,2.4,NE,-1.41,0.741071429,1
14126,White,F,31,2.8,GL,0.44,0.654166667,1
14128,White,F,38,2.7,GL,0.55,0.732142857,1
14131,White,F,32.5,2.7,GL,0.84,0.663392857,0
14132,White,F,33,3,GL,-1.1,0.698214286,1
14134,White,F,34,2.2,SE,0.55,0.63452381,1
14135,White,F,37,3,GL,-0.27,0.748214286,1
14137,White,M,38,3.5,GL,0.13,0.808333333,1
14139,White,F,37,2.9,GL,-0.37,0.738690476,1
14140,White,M,24,3.3,GL,-2.1,0.614285714,0
14141,White,M,32.5,3.4,SE,-0.08,0.730059524,1
14142,White,F,35,2.2,NE,-0.65,0.64702381,0
14143,White,F,35,2.9,GL,-1.13,0.713690476,0
14144,White,F,33,2.4,NG,-0.99,0.641071429,0
14146,White,F,45,2.9,GL,1.35,0.838690476,1
14147,White,F,41,3.8,GL,0.99,0.874404762,1
14148,White,F,40,3.2,GL,-1.4,0.804761905,1
14149,White,M,38,3.7,NE,-1.09,0.827380952,1
14150,White,M,38,3.8,GL,-0.41,0.836904762,1
14151,White,F,45,2.8,GL,0.68,0.829166667,1
14152,White,F,40,3.8,GL,0.68,0.861904762,1
14154,White,F,42,4,GL,0.99,0.905952381,1
14155,White,F,40,3.8,GL,-0.05,0.861904762,1
14156,White,F,44,3.6,GL,-0.12,0.892857143,1
14157,White,M,34,3.3,GL,-1.03,0.739285714,1
14159,White,F,39,3.6,GL,-1.03,0.830357143,1
14160,White,F,40,3.9,GL,1.66,0.871428571,1
14162,Asian,M,37,2.9,GL,-1.45,0.738690476,1
14163,White,F,41,3.4,GL,0.99,0.836309524,1
14165,White,F,41,2.9,GL,1.3,0.788690476,1
14166,White,M,33,3.5,GL,-0.12,0.745833333,1
14167,White,F,38,3.5,FW,1.04,0.808333333,1
14168,White,F,41,3.3,GL,0.92,0.826785714,1
14170,White,F,40,3.8,GL,0.99,0.861904762,1
14171,White,F,40,3.5,GL,0.62,0.833333333,1
14172,White,F,45,3,GL,0.31,0.848214286,1
14174,White,M,40,2.8,GL,0.26,0.766666667,1
14175,White,M,39,3.4,GL,0.31,0.811309524,1
14176,White,M,40,3.4,MS,-0.05,0.823809524,1
14177,White,F,41,3.1,GL,-1.76,0.807738095,1
14178,White,F,39,3.4,GL,-0.72,0.811309524,1
14179,White,F,40,3.9,GL,1.66,0.871428571,1
14180,White,M,44,3,GL,-0.72,0.835714286,1
14182,White,F,44,3.8,GL,1.3,0.911904762,1
14183,White,F,40,3.4,GL,-0.67,0.823809524,1
14188,White,F,37,3.6,GL,0.31,0.805357143,1
14190,White,F,38,3.7,GL,-0.72,0.827380952,1
14191,White,F,41,3.1,FW,-0.72,0.807738095,1
14192,White,M,38,3.6,GL,-1.45,0.817857143,0
14193,White,M,44,2.9,GL,1.3,0.826190476,1
14194,White,F,38,3.5,MS,0.72,0.808333333,1
14195,White,F,47,2.7,GL,-0.72,0.844642857,1
14196,White,F,38,3.9,GL,0.68,0.846428571,1
14197,Asian,F,37,2.9,FW,-1.45,0.738690476,0
14198,White,M,40,3.2,GL,-1.09,0.804761905,1
14199,White,M,41,3.1,GL,0.26,0.807738095,1
14200,White,F,40,3.3,GL,-0.05,0.814285714,1
14201,White,F,43,3.7,GL,0.26,0.889880952,1
14202,White,F,41,3.7,MS,1.66,0.864880952,1
14203,White,F,37,3.7,GL,1.35,0.814880952,1
14204,White,M,37,3.6,MW,0.31,0.805357143,1
14205,White,F,40,3.2,GL,-0.72,0.804761905,1
14206,White,M,44,3.3,GL,1.3,0.864285714,1
14207,White,F,39,3.6,GL,0.62,0.830357143,1
14208,White,F,34,3.9,GL,-0.05,0.796428571,1
14209,White,F,41,3.3,GL,-1.15,0.826785714,1
14210,White,F,36,3.9,GL,0.62,0.821428571,1
14211,White,M,41,3.9,GL,1.35,0.883928571,1
14212,White,M,37,3.8,GL,-0.67,0.824404762,1
14213,White,M,40,3.7,GL,-0.05,0.852380952,1
14214,White,F,36,3.8,GL,0.31,0.811904762,1
14216,White,M,40,3.3,GL,-0.05,0.814285714,1
14217,White,F,37,3.6,GL,-0.72,0.805357143,1
14218,White,M,37,3.6,GL,-0.41,0.805357143,1
14219,White,M,44,3.3,GL,-0.72,0.864285714,1
14220,White,F,37,3.7,GL,-1.03,0.814880952,1
14221,White,F,46,3.3,GL,1.35,0.889285714,1
14222,White,F,39,3.6,GL,1.3,0.830357143,1
14223,White,F,37,3.9,GL,1.04,0.833928571,1
14225,White,F,38,3.6,GL,-0.36,0.817857143,1
14226,White,M,37,3.7,GL,0.68,0.814880952,1
14227,White,F,43,3.6,GL,0.92,0.880357143,1
14228,White,M,37.5,3.6,GL,-0.72,0.811607143,1
14229,White,M,30,3.8,GL,0.63,0.736904762,0
14230,White,M,34,3.2,GL,0.26,0.729761905,1
14231,White,F,37,3.5,GL,0.68,0.795833333,1
14233,White,F,41,3.8,GL,-1.15,0.874404762,1
14234,White,M,39,3.6,NE,1.35,0.830357143,1
14235,White,M,33,3.9,GL,1.35,0.783928571,1
14236,White,F,42,3.2,NE,0.26,0.829761905,1
14237,White,F,39,3.6,GL,0.02,0.830357143,1
14238,White,M,38,3.8,GL,-1.03,0.836904762,1
14239,White,F,41,3.1,GL,-0.05,0.807738095,1
14240,White,M,37,3.7,GL,-0.79,0.814880952,1
14241,White,M,40,3.5,GL,-0.41,0.833333333,1
14242,Puertorican,F,32,2.6,GL,-2.04,0.647619048,0
14243,White,F,45,2.9,GL,0.31,0.838690476,1
14244,Other,F,39,3.6,GL,1.3,0.830357143,1
14245,Hispanic,M,34,3.5,NE,-0.79,0.758333333,1
14246,Black,M,26.5,3,NE,-1.3,0.616964286,1
14247,White,F,42,3,GL,-0.79,0.810714286,1
14249,White,F,38,3.6,GL,0.26,0.817857143,1
14250,White,M,39,3.1,GL,0.02,0.782738095,1
14251,White,M,37,3.3,GL,-1.76,0.776785714,1
14252,Black,M,37,3.2,GL,-1.16,0.767261905,1
14253,White,M,39,2.9,GL,0.92,0.763690476,1
14254,White,F,42,3.2,GL,0.92,0.829761905,1
14255,White,F,36,3.7,GL,-0.79,0.802380952,1
14257,White,M,34,3.7,GL,-0.41,0.777380952,1
14258,White,M,40,3.9,Mt,1.35,0.871428571,1
14259,White,F,36,3.7,GL,-1.76,0.802380952,1
14260,White,F,40,3.6,GL,0.31,0.842857143,1
14261,White,F,31.5,3.3,GL,-1.04,0.708035714,1
14262,White,F,41,3.6,GL,-1.45,0.855357143,1
14263,White,F,42,3.3,FW,0.26,0.839285714,1
14265,White,F,40,3.4,GL,1.35,0.823809524,1
14266,White,M,38,3.6,GL,1.66,0.817857143,1
14268,White,F,41,3.4,GL,0.62,0.836309524,1
14269,White,F,39,4,GL,0.02,0.868452381,1
14270,White,F,35,4,GL,-0.41,0.818452381,1
14271,Black,M,30,2.7,GL,-2.29,0.632142857,0
14272,White,M,39,3.8,SC,-1.09,0.849404762,0
14273,White,M,33,4,FW,1.3,0.793452381,1
14274,White,F,39,3.6,Mt,0.99,0.830357143,1
14275,Asian,F,39,3.6,GL,1.35,0.830357143,1
14276,White,F,39,3.3,GL,1.06,0.801785714,1
14277,White,F,43,3,GL,0.31,0.823214286,1
14278,White,M,37,3.8,GL,0.26,0.824404762,1
14279,White,F,37,3.8,GL,0.02,0.824404762,1
14280,White,M,39,4,GL,0.99,0.868452381,1
14281,White,F,44,3.2,GL,-0.36,0.854761905,0
14282,Black,F,28,3.2,GL,-0.41,0.654761905,1
14283,White,M,41,3.4,GL,0.26,0.836309524,1
14284,White,M,41,3.3,SE,0.99,0.826785714,1
14285,Hispanic,M,27,3.3,NE,-1.52,0.651785714,0
14286,White,M,40,3.4,GL,-0.05,0.823809524,1
14287,White,M,41,3.4,GL,1.66,0.836309524,1
14288,White,F,36,3.7,GL,0.92,0.802380952,1
14289,White,M,42,3.7,Mt,0.62,0.877380952,1
14290,Black,M,26,3.6,GL,-0.79,0.667857143,1
14291,Black,M,27,3.3,GL,-1.76,0.651785714,0
14292,White,F,40,3.6,GL,0.99,0.842857143,1
14293,White,M,41,3.6,GL,1.3,0.855357143,1
14294,Black,M,25,3.5,GL,-1.56,0.645833333,1
14296,White,F,37,3.9,GL,-0.72,0.833928571,1
14297,White,M,37,3.7,GL,0.99,0.814880952,1
14298,White,F,38.5,3.9,GL,-0.05,0.852678571,1
14299,White,M,47,2.8,GL,1.66,0.854166667,1
14300,Asian,M,35,3.4,GL,0.55,0.761309524,1
14303,Black,M,30,2.7,NE,-0.52,0.632142857,0
14304,White,F,32,3.1,NE,0.78,0.695238095,0
14305,White,F,34,3,NE,-1.85,0.710714286,0
14306,Other,M,24,2.8,NE,-0.97,0.566666667,0
14308,White,F,31.5,3.1,NE,-1.35,0.688988095,1
14309,White,F,38,2.8,NG,0.45,0.741666667,1
14310,White,M,41,2.9,NE,0.38,0.788690476,1
14311,White,M,35,2.6,NE,-1.05,0.685119048,0
14312,White,F,30.5,2.7,NE,-0.17,0.638392857,1
14313,White,F,36,2.6,NE,-0.97,0.697619048,0
14315,White,F,35,2.9,NE,0.8,0.713690476,1
14316,Other,F,38,3.5,NE,0.64,0.808333333,1
14317,White,M,33,3.9,NE,1.56,0.783928571,1
14318,White,F,41,1.8,NE,0.21,0.683928571,1
14319,White,M,36,2.8,NE,1.07,0.716666667,1
14320,White,F,36,2.8,NG,-0.4,0.716666667,1
14321,White,F,41,2.5,NE,1.54,0.750595238,1
14323,White,F,35,2.8,NE,1.54,0.704166667,1
14325,White,M,34.3,3,NE,0.07,0.714464286,1
14326,White,F,36,3.3,NE,-0.26,0.764285714,1
14327,White,F,34,3.6,NE,1.92,0.767857143,1
14328,White,F,37,3.1,NE,2.18,0.757738095,1
14329,White,F,33,3,NE,1.28,0.698214286,1
14331,White,F,38,2.3,NE,0.97,0.694047619,1
14333,White,M,33,3.2,NE,-1.31,0.717261905,0
14335,White,F,37,2.9,NE,-0.55,0.738690476,0
14336,White,F,41,3,SC,-0.24,0.798214286,1
14337,White,M,34,3.7,NE,0.8,0.777380952,1
14338,White,M,35,3.4,NG,-0.38,0.761309524,1
14339,White,M,37,3.1,NG,-0.07,0.757738095,1
14340,White,F,38,3.1,NE,2.04,0.770238095,1
14341,White,F,33.5,3.3,NE,2.18,0.733035714,1
14342,Asian,F,38,3.2,NE,0,0.779761905,0
14343,Asian,F,34,2.4,NE,-1.05,0.653571429,1
14344,White,F,34,2.7,NE,-0.52,0.682142857,1
14345,Puertorican,F,40,2.9,NE,1.26,0.776190476,1
14346,White,F,35,2.9,NE,0.35,0.713690476,1
14347,Asian,F,29.5,2.9,NE,-0.74,0.644940476,1
14348,White,F,41,2.7,NE,-1.92,0.769642857,1
14349,White,F,37,3.1,NE,0.31,0.757738095,1
14350,White,M,34,2.9,NE,0.05,0.701190476,0
14351,White,M,30.5,2.8,NE,-0.43,0.647916667,1
14352,White,F,36,3,NE,0.47,0.735714286,1
14353,White,F,39,3,NG,1.35,0.773214286,1
14354,Asian,F,33,3,NE,-1.28,0.698214286,0
14355,White,F,32.5,3.1,NE,0.16,0.701488095,0
14356,White,M,33,3,NE,-0.59,0.698214286,1
14357,White,M,40,3.5,NE,1.02,0.833333333,1
14358,Black,F,27.5,2.4,NE,-0.97,0.572321429,1
14360,White,F,37,2.6,NE,-0.59,0.710119048,1
14361,White,M,38,2.9,NE,1.16,0.751190476,1
14362,White,F,35,3.2,NE,-0.67,0.742261905,1
14363,Other,F,32.5,2.9,NE,0.5,0.682440476,1
14364,White,F,34,3.6,NE,0.61,0.767857143,1
14365,White,F,34,3,NE,-1.12,0.710714286,0
14366,White,M,35,3.1,NE,-0.03,0.732738095,1
14368,White,M,36,3.6,NE,1.8,0.792857143,1
14369,White,M,36,2.9,NE,1.49,0.726190476,1
14370,White,F,36,2.9,NG,-0.81,0.726190476,0
14371,White,F,35,3,NG,1.02,0.723214286,1
14372,Asian,F,41,3.1,NE,-0.31,0.807738095,1
14373,White,F,35,3.1,NE,-0.52,0.732738095,1
14374,White,M,31,3.1,NE,-0.36,0.682738095,0
14375,White,F,33.5,3,NE,-0.45,0.704464286,1
14376,White,M,39,3.3,NE,-0.26,0.801785714,1
14380,White,F,38,2.9,NE,0,0.751190476,0
14382,White,F,41,2.4,NE,2.58,0.741071429,1
14383,White,F,38,2.1,NE,1.68,0.675,1
14384,White,M,33,3.4,NE,-0.07,0.736309524,1
14385,White,F,37,2.7,NE,-0.29,0.719642857,0
14386,Asian,M,32,3.2,NE,1.18,0.704761905,1
14387,White,F,38,2.5,NE,-0.36,0.713095238,0
14388,Black,F,32,2.5,NE,-0.19,0.638095238,1
14389,White,F,37,2.7,NE,0.14,0.719642857,1
14391,Asian,F,34.5,3,NE,-0.83,0.716964286,1
14392,Black,F,31,2.6,NE,-1.26,0.635119048,0
14393,White,F,39,2.5,NE,-0.29,0.725595238,1
14395,White,F,36,2.9,NE,-0.19,0.726190476,1
14396,White,F,32,3,NE,0.5,0.685714286,1
14397,White,F,35,3.3,NE,0.24,0.751785714,0
14398,Asian,F,31,2.3,NE,-0.62,0.606547619,0
14404,White,F,33,2.4,NE,1.59,0.641071429,0
14407,White,F,35.5,2.5,NE,0.85,0.681845238,1
14408,White,F,35,2.9,NE,-0.22,0.713690476,1
14409,White,F,39,3.1,NE,1.02,0.782738095,1
14410,White,F,33.5,3.3,NE,-0.1,0.733035714,1
14411,Black,M,31,2.4,NE,-0.19,0.616071429,0
14412,White,F,31.5,3,NE,1.4,0.679464286,1
14413,White,F,38,2.4,NE,0.5,0.703571429,0
14415,White,F,35.5,2.3,NE,1.14,0.662797619,1
14416,White,M,39,2.8,NE,1.82,0.754166667,1
14417,Hispanic,F,29,2.7,NE,2.11,0.619642857,1
14421,White,M,37,2.8,NE,0.73,0.729166667,1
14423,Black,M,33,2.6,NE,-1.35,0.660119048,0
14425,White,M,39,2.3,NE,-0.76,0.706547619,1
14426,Mexican,F,29.3,2.4,NE,-1.73,0.594821429,0
14428,White,F,37,3,NG,0.99,0.748214286,1
14429,White,M,38,3.1,NE,1.35,0.770238095,1
14431,White,M,34,3,NE,-0.4,0.710714286,1
14432,White,F,36,3.1,NE,1.26,0.745238095,1
14434,White,M,32,3,NE,0.85,0.685714286,1
14435,Hispanic,M,30,2.8,NE,-1.14,0.641666667,0
14436,Asian,F,34,2,NE,-1.12,0.61547619,1
14437,White,F,31.5,2.8,NE,-0.31,0.660416667,1
14438,White,F,34,3,NE,0.19,0.710714286,1
14440,White,F,38,2.9,NE,2.37,0.751190476,1
14441,White,F,35,3.1,NE,-0.1,0.732738095,1
14442,White,M,36,2.6,NE,0.38,0.697619048,1
14443,White,M,36,3,NE,-0.62,0.735714286,1
14445,White,M,37,2.9,NE,-0.81,0.738690476,1
14446,White,F,34,2.8,NE,1.23,0.691666667,1
14448,White,F,36,3.2,NE,0.28,0.754761905,1
14449,White,M,32.5,3.2,NE,-0.76,0.711011905,1
14450,Asian,F,37,2.8,NE,1.09,0.729166667,1
14451,White,F,31,3.2,NE,0.5,0.692261905,1
14452,White,F,27.7,3.1,NG,1.37,0.641488095,1
14453,White,F,35,3.1,NE,0.5,0.732738095,1
14455,White,M,35.5,3.1,NE,0.14,0.738988095,1
14456,Black,F,30,3.1,NE,0.97,0.670238095,1
14457,Asian,M,28.5,3,NE,-1.16,0.641964286,1
14458,White,F,37,2.7,NG,0.52,0.719642857,1
14459,Asian,F,31,2.8,NE,-0.05,0.654166667,1
14460,White,F,37,2.8,NE,0.71,0.729166667,1
14461,White,F,39,2.8,NE,2.49,0.754166667,1
14463,Mexican,F,28.5,2.6,NE,-0.64,0.603869048,0
14464,White,F,37,3.4,NE,-0.17,0.786309524,1
14465,Other,M,29,2.7,NE,-0.4,0.619642857,1
14466,White,M,34,3,NE,-0.07,0.710714286,1
14467,Asian,F,31,2.6,NE,-1.26,0.635119048,0
14469,White,M,33,3,NE,-0.45,0.698214286,1
14470,White,F,34.5,2.9,NE,-0.31,0.707440476,1
14471,White,F,36,2.6,NE,-0.55,0.697619048,1
14472,Other,F,36,3.2,NE,1.23,0.754761905,1
14473,White,F,36,3,NE,-0.1,0.735714286,1
14474,White,F,35,3,NE,-0.26,0.723214286,1
14475,White,M,31,2.8,NE,0.78,0.654166667,1
14476,White,M,35,3,SE,-0.05,0.723214286,1
14478,White,F,32.5,3,NE,-0.03,0.691964286,1
14479,Asian,F,40,3.7,NE,0.97,0.852380952,1
14480,Black,M,30,2.5,NE,-1.14,0.613095238,0
14481,White,F,37,2.9,NE,-0.4,0.738690476,1
14482,White,M,34.5,2.8,NE,-0.24,0.697916667,1
14483,White,F,37,3,NE,-0.12,0.748214286,1
14484,Asian,F,36,2.7,NE,-0.31,0.707142857,0
14485,White,F,34,3.2,NE,1.18,0.729761905,1
14486,White,F,37,2.7,NE,-0.07,0.719642857,1
14487,White,M,40,2.9,NG,2.13,0.776190476,1
14488,White,F,35,3,NE,0.69,0.723214286,1
14490,White,M,36,3.1,NE,0.83,0.745238095,1
14492,White,M,34,3.1,NE,-0.33,0.720238095,1
14494,White,F,35.5,2.4,NE,0.38,0.672321429,1
14495,Hispanic,F,31,2.9,NE,-1.38,0.663690476,0
14496,White,M,33,2.8,NE,0.21,0.679166667,1
14497,White,F,34.5,3,NE,-0.9,0.716964286,1
14498,White,F,35,3,NE,0.14,0.723214286,1
14501,Asian,F,32,2.8,NE,-0.55,0.666666667,1
14502,White,F,45,2.8,NE,-0.97,0.829166667,1
14503,White,M,38,3.3,NE,-1.14,0.789285714,0
14504,White,F,37,2.9,NE,-0.81,0.738690476,1
14505,White,M,35,2.9,NE,-0.95,0.713690476,1
14506,White,F,34,2.5,NE,0.12,0.663095238,1
14507,White,M,35,3.1,NE,-0.74,0.732738095,1
14509,White,F,29.5,3,NE,-0.69,0.654464286,1
14511,White,F,33,3.4,NE,-0.38,0.736309524,1
14512,White,M,35,2.8,NE,0.97,0.704166667,1
14513,White,M,36,3.3,NE,2.42,0.764285714,1
14514,White,M,37,2.8,NE,0.24,0.729166667,1
14515,White,M,37,2.8,NE,0.54,0.729166667,1
14516,White,M,34.5,3.4,NE,1.16,0.755059524,1
14517,White,M,37,3.4,GL,0.33,0.786309524,1
14518,White,F,36.5,2.5,NE,2.13,0.694345238,1
14519,White,F,35,2.4,NE,-0.88,0.666071429,0
14520,White,M,37,2.8,SE,-0.86,0.729166667,1
14521,White,F,36.5,3,NE,2.39,0.741964286,1
14522,White,F,35,2.6,NE,-1.47,0.685119048,1
14523,White,F,35,3,NE,1.73,0.723214286,1
14524,White,F,37,2.8,NE,1.4,0.729166667,1
14525,White,M,36,3.1,NE,1.49,0.745238095,1
14526,White,M,34,3.2,NE,0.5,0.729761905,1
14527,Other,F,43,2.6,NE,1.23,0.785119048,1
14531,White,F,36,2.8,NE,0,0.716666667,1
14532,White,M,34,3.1,NE,0.85,0.720238095,1
14534,White,F,35,3,NE,-1,0.723214286,0
14535,Black,F,30.5,2.5,NE,-0.55,0.619345238,0
14536,White,M,36,3.7,NE,1.71,0.802380952,1
14537,White,M,34.5,3,NE,-0.55,0.716964286,0
14538,White,F,37,3.1,NE,-1.5,0.757738095,1
14539,White,F,35,3.1,NE,0.28,0.732738095,1
14541,White,F,37,3.1,NE,0.43,0.757738095,1
14542,White,F,35,3,NE,-0.69,0.723214286,1
14543,White,F,33.5,2.7,NE,-0.9,0.675892857,1
14544,White,F,32.5,3.1,NE,0.09,0.701488095,1
14545,Black,M,32,2.6,NE,-1.02,0.647619048,1
14546,White,M,34.5,2.5,NE,1.3,0.669345238,1
14547,White,M,32,3.2,NE,-1.02,0.704761905,1
14548,White,M,33,3,NE,-0.48,0.698214286,1
14549,White,M,32.5,3.1,NE,0,0.701488095,0
14550,White,M,36,2.8,NE,-0.69,0.716666667,1
14551,White,F,37,2.9,NE,-0.86,0.738690476,1
14552,Asian,F,26.5,2.4,NE,-0.43,0.559821429,1
14553,White,F,35,3,NE,-1.14,0.723214286,1
14554,Black,M,34,2.8,NE,-0.14,0.691666667,0
14555,White,M,34,3,NE,-0.12,0.710714286,0
14556,White,M,34.5,2.8,NE,1.09,0.697916667,1
14557,White,F,35,2.9,NE,-1.14,0.713690476,0
14558,White,F,41,3,NE,-0.4,0.798214286,1
14559,Asian,F,34,3,NE,-0.81,0.710714286,1
14560,White,F,38,3.1,NE,0.19,0.770238095,1
14561,White,F,35,2.8,NE,-0.19,0.704166667,1
14562,White,F,36,2.7,NE,0.26,0.707142857,1
14563,Puertorican,M,27.5,3.3,NE,-0.48,0.658035714,1
14564,White,M,35.5,2.9,NE,0.28,0.719940476,1
14565,Hispanic,F,31,3.8,SE,0.69,0.749404762,1
14566,Asian,M,31,2.8,NE,-0.1,0.654166667,0
14567,White,M,35,3.3,NE,0.14,0.751785714,1
14568,Asian,F,33,3.1,NE,0.61,0.707738095,1
14569,White,F,36,2.9,NG,-1.21,0.726190476,1
14570,Other,M,37,2.5,NE,-0.43,0.700595238,0
14571,White,F,39,2.6,NE,0.83,0.735119048,1
14572,Black,M,28.5,3.3,NE,-1.14,0.670535714,0
14573,White,F,36,2.9,NE,0.43,0.726190476,1
14574,Hispanic,F,34,2.1,NE,0.07,0.625,1
14575,White,F,34,3,NE,0.31,0.710714286,1
14576,White,F,38,2.7,NE,0.35,0.732142857,1
14577,White,M,37,3.4,NE,2.28,0.786309524,1
14578,White,F,34,3.2,NE,-0.31,0.729761905,1
14580,White,F,36,2.5,NE,-0.12,0.688095238,1
14581,Asian,F,29,2.9,NE,-1.28,0.638690476,1
14582,White,F,26,2.8,NE,-0.38,0.591666667,1
14583,White,F,37,3,NG,0.47,0.748214286,1
14584,White,F,37,2.7,NE,0.14,0.719642857,1
14585,White,M,42,3.3,NE,0.59,0.839285714,1
14586,White,F,34,2.9,NE,-0.24,0.701190476,1
14587,White,F,36,2.7,NG,-0.52,0.707142857,1
14588,Mexican,M,40,2.3,NE,1.21,0.719047619,1
14589,White,F,36,2.9,NE,0.45,0.726190476,1
14590,White,M,35.5,3,NE,-1.14,0.729464286,1
14591,White,F,35,3.1,NE,-0.81,0.732738095,1
14592,White,M,37,3.3,NE,0.95,0.776785714,1
14593,Black,M,29,2.5,NE,-1.09,0.600595238,1
14594,White,F,37,2.9,NE,0.83,0.738690476,1
14595,Black,M,26.5,3,NE,0.09,0.616964286,0
14596,White,F,35.3,2.7,NE,-0.29,0.698392857,0
14597,White,F,38,2.9,NE,-1.05,0.751190476,1
14598,White,F,37,2.8,NE,-0.24,0.729166667,1
14599,White,F,37,2.9,NE,-1.64,0.738690476,0
14600,White,M,36,3,NG,1.37,0.735714286,1
14602,White,F,36,3.2,NE,-0.97,0.754761905,1
14603,Puertorican,F,30,2.8,NE,-1,0.641666667,1
14604,White,F,34,2.9,NG,0.78,0.701190476,1
14605,White,M,37,3,NE,0.26,0.748214286,1
14606,White,F,37,2.8,NE,1.21,0.729166667,1
14607,White,M,37,3.3,NE,-0.45,0.776785714,1
14608,Asian,M,34,2.8,NE,-0.64,0.691666667,0
14609,White,F,37,2.9,NE,-0.69,0.738690476,0
14610,White,F,36,2.8,NE,-1.05,0.716666667,0
14611,White,F,37,3,NE,-0.24,0.748214286,1
14612,White,F,33.5,2.9,NE,-1.19,0.694940476,1
14613,White,M,34.5,3.3,NE,-0.07,0.745535714,1
14615,White,F,33,3,NE,-0.59,0.698214286,1
14616,White,F,36,3.2,NE,-0.19,0.754761905,1
14617,White,F,40,3.3,SC,0.99,0.814285714,1
14618,White,F,41,2.3,NE,0.45,0.731547619,1
14619,Hispanic,F,35,3.1,NG,-0.67,0.732738095,1
14620,White,F,37,3,NE,-0.38,0.748214286,1
14621,White,F,36,3.1,NE,1.02,0.745238095,1
14622,White,M,33.5,3.2,NE,-0.83,0.723511905,1
14623,White,F,38,2.8,NE,-0.03,0.741666667,1
14624,White,M,33,3.5,NE,0.88,0.745833333,1
14625,White,M,32,3,NE,0.38,0.685714286,1
14626,White,M,35,3.1,NE,-0.83,0.732738095,1
14627,White,F,37,2.9,NG,-0.81,0.738690476,1
14628,White,M,39,3,NE,0.38,0.773214286,1
14629,White,M,33,3.2,NE,1.4,0.717261905,1
14630,Hispanic,M,28.5,2.7,NE,-0.93,0.613392857,0
14631,White,M,38,2.6,NE,-0.29,0.722619048,1
14632,White,M,36,3,NE,0.12,0.735714286,1
14634,White,M,34,3.4,NE,2.11,0.748809524,1
14635,White,M,35,3,NE,-0.55,0.723214286,1
14636,White,F,34,2,SE,0.19,0.61547619,1
14638,White,M,32.5,2.9,NE,-0.29,0.682440476,1
14639,White,F,37,2.9,NE,-0.36,0.738690476,1
14640,White,F,36,2.8,NE,0.71,0.716666667,1
14641,White,F,34,3.5,NE,0.12,0.758333333,1
14642,White,F,37,2.5,NE,0.09,0.700595238,1
14643,White,F,36,2.8,NE,-0.07,0.716666667,1
14644,White,M,34,3.6,NE,1.4,0.767857143,1
14646,White,F,32.5,3,NE,0.64,0.691964286,1
14647,White,F,35,2.7,NE,-0.95,0.694642857,0
14648,White,M,32,3.2,NE,-0.24,0.704761905,1
14649,White,M,35.5,3.5,NE,1.61,0.777083333,1
14650,Other,M,29.3,2.9,NE,-0.59,0.642440476,1
14651,White,F,37,3.5,NE,2.46,0.795833333,1
14652,White,M,36,3.4,NE,1.07,0.773809524,1
14653,White,F,41,3.3,Mt,1.71,0.826785714,1
14654,Asian,M,37,2.7,Mt,0.98,0.719642857,1
14655,White,M,37,3.1,SE,0.13,0.757738095,1
14657,White,F,39,3.5,Mt,-0.92,0.820833333,1
14658,White,F,39,3,Mt,1.71,0.773214286,1
14659,Mexican,M,30,2.9,Mt,-0.14,0.651190476,1
14660,White,F,42,3,Mt,0.72,0.810714286,1
14661,White,F,42,3.4,Mt,-0.21,0.848809524,1
14662,White,M,36,3.3,Mt,0.79,0.764285714,1
14663,White,F,40,3.2,Mt,-0.6,0.804761905,1
14664,White,M,44,3.6,Mt,-0.6,0.892857143,1
14665,White,F,39,3.3,MS,0.65,0.801785714,1
14666,Mexican,M,32,3.4,SE,-1.45,0.723809524,1
14667,White,F,42,4,Mt,1.52,0.905952381,1
14668,White,M,40,3.2,Mt,0.45,0.804761905,1
14669,Hispanic,F,38,3.7,Mt,-0.79,0.827380952,1
14671,White,M,33,3.6,Mt,-0.79,0.755357143,1
14672,White,M,42,3.5,Mt,1.31,0.858333333,1
14673,White,F,41,3.3,Mt,0.26,0.826785714,1
14675,White,M,44,3.7,Mt,-0.67,0.902380952,1
14676,White,F,40,3.1,Mt,0.4,0.795238095,1
14677,White,F,38.5,3.7,Mt,-0.26,0.833630952,0
14678,Mexican,M,31,3.6,Mt,-0.67,0.730357143,0
14680,White,F,39,3,FW,0.79,0.773214286,1
14681,White,M,40,3,Mt,-0.6,0.785714286,1
14682,White,M,40,3.1,FW,0.72,0.795238095,1
14683,Mexican,M,30.5,3.1,Mt,-0.79,0.676488095,1
14684,White,F,41,3,Mt,1.57,0.798214286,1
14686,White,M,40,3.3,Mt,0.33,0.814285714,1
14687,Amerindian,F,38,3.1,Mt,-0.21,0.770238095,1
14688,White,F,40,3.1,Mt,1.11,0.795238095,1
14689,White,M,41,3.9,Mt,1.52,0.883928571,1
14690,White,F,36,3.3,Mt,0.06,0.764285714,1
14691,White,F,38,2.9,Mt,-1.38,0.751190476,1
14693,Mexican,M,36,3.1,Mt,-0.67,0.745238095,1
14694,Hispanic,F,32,3.2,Mt,-0.4,0.704761905,1
14695,White,M,38,3.4,Mt,-0.47,0.798809524,1
14696,White,M,39,3.7,Mt,2.18,0.839880952,1
14697,White,F,41,3.5,Mt,1.11,0.845833333,1
14698,White,F,43,2.8,Mt,-0.26,0.804166667,1
14699,Hispanic,F,27,2.9,Mt,-1.84,0.613690476,1
14700,White,F,38,3.1,Mt,-1.58,0.770238095,1
14702,White,M,29,3.6,Mt,-1.26,0.705357143,0
14703,White,F,41,4,Mt,2.3,0.893452381,1
14704,Black,F,28,2.7,Mt,-1.18,0.607142857,0
14705,Mexican,M,30,3.4,FW,-0.6,0.698809524,1
14706,White,F,39,3.4,Mt,0.13,0.811309524,1
14707,White,F,42,3.2,Mt,0.06,0.829761905,1
14708,White,F,46,2.8,Mt,1.91,0.841666667,1
14709,White,F,39,3.7,SC,1.31,0.839880952,1
14710,White,F,40,3.1,Mt,0.06,0.795238095,1
14711,White,M,35,3.4,FW,0.72,0.761309524,0
14712,White,F,37,3.4,Mt,0.33,0.786309524,1
14713,Asian,F,40,3.6,Mt,0.33,0.842857143,0
14714,White,F,39,3.8,Mt,0.13,0.849404762,1
14715,Amerindian,M,28,3.9,Mt,-0.01,0.721428571,1
14719,Mexican,F,39,2.7,Mt,-0.92,0.744642857,1
14720,White,F,42,3.3,Mt,1.98,0.839285714,1
14722,Black,F,43,2.4,Mt,-0.86,0.766071429,1
14723,White,F,40,3.6,NE,0.2,0.842857143,1
14724,White,M,35,3.5,Mt,-1.33,0.770833333,0
14725,White,M,46,3.3,GL,0.2,0.889285714,1
14728,Mexican,M,36,2.6,Mt,-1.06,0.697619048,0
14732,White,F,42,3.1,Mt,-0.26,0.820238095,1
14733,White,M,34.5,3.6,Mt,-1.26,0.774107143,1
14734,White,M,40,3.2,FW,0.33,0.804761905,1
14735,White,F,31.5,3.6,Mt,-0.14,0.736607143,1
14736,White,M,38,3.7,Mt,0.72,0.827380952,1
14737,White,M,33,3.6,Mt,-1.33,0.755357143,1
14738,White,M,36,3.7,Mt,-1.18,0.802380952,0
14739,Mexican,M,37,3.3,Mt,1.45,0.776785714,1
14740,White,M,38,3.7,Mt,0.79,0.827380952,1
14742,White,M,39,3.4,Mt,-0.92,0.811309524,1
14743,White,F,39,3.1,Mt,1.84,0.782738095,1
14744,Black,M,25.5,3.4,SE,-1.56,0.642559524,1
14745,White,F,34,2.4,SE,0.7,0.653571429,1
14746,Black,M,26,3.5,SE,-0.82,0.658333333,1
14747,White,F,41,3.1,SE,-0.07,0.807738095,1
14748,White,F,36,3.5,SE,0.56,0.783333333,1
14749,White,F,27,2.5,SE,-0.91,0.575595238,0
14750,White,M,43,3,SE,0.9,0.823214286,1
14751,White,F,42,2.6,SE,0.37,0.772619048,1
14752,Hispanic,M,29.5,3.4,SE,-1.03,0.692559524,1
14754,White,M,40,3.2,SE,0.41,0.804761905,1
14755,White,F,36,3.7,SE,0.78,0.802380952,1
14756,White,M,36,3.5,SE,-0.35,0.783333333,1
14757,White,M,39,3.4,SE,1.85,0.811309524,1
14758,White,F,39,3,SE,0.68,0.773214286,1
14759,White,F,33,3.5,SE,-0.95,0.745833333,0
14760,Asian,M,27,2.9,SE,-0.84,0.613690476,1
14761,Black,F,26,3.1,SE,-2.02,0.620238095,0
14762,Black,M,27,2.5,SE,-2.06,0.575595238,0
14763,White,M,36,3.5,SE,1.07,0.783333333,1
14764,Black,M,23,2.7,SE,-1.31,0.544642857,1
14765,Black,F,37,2.3,SE,-0.32,0.681547619,1
14766,Hispanic,F,26,3.2,SE,-1.81,0.629761905,0
14767,White,M,32.5,2.7,SE,-0.86,0.663392857,1
14768,White,F,39,3,SE,-0.22,0.773214286,1
14769,White,F,39,3.4,SE,0.88,0.811309524,1
14770,White,M,32,3.5,SE,0.26,0.733333333,1
14771,White,M,37,3.4,SE,1.42,0.786309524,1
14772,White,M,39,3.5,SE,0.45,0.820833333,1
14773,White,M,40,3.1,SE,0.19,0.795238095,1
14774,White,F,39,3.6,SE,0.38,0.830357143,1
14775,White,F,32,3.5,MS,1.03,0.733333333,1
14776,White,F,45,2.8,SE,-0.4,0.829166667,1
14777,White,M,34,3.1,SE,-0.12,0.720238095,1
14778,Hispanic,F,39,2.6,SE,0.22,0.735119048,1
14779,White,F,43,3.6,SE,1.05,0.880357143,1
14780,White,F,36,3.2,SE,0.17,0.754761905,1
14781,White,M,36,3.7,SE,-0.47,0.802380952,1
14782,White,M,38,3.6,SE,-1.03,0.817857143,1
14783,Asian,M,33,3.6,SE,-0.21,0.755357143,1
14785,White,M,36,3.4,SE,-0.29,0.773809524,1
14786,White,M,25,2.9,SE,-1.82,0.588690476,0
14787,Hispanic,F,38,3.5,SE,1.55,0.808333333,1
14788,White,F,35,3.7,SE,0.17,0.789880952,1
14789,Hispanic,F,41,2.7,SE,0.15,0.769642857,1
14791,White,F,33,2.9,SE,-0.24,0.688690476,1
14792,White,M,37,3.6,SE,0.69,0.805357143,1
14793,White,F,36,4,SE,1.61,0.830952381,1
14794,White,M,37,3.7,SE,1.19,0.814880952,1
14795,White,F,41,3.2,SE,-0.25,0.817261905,1
14796,White,M,40,3.7,SE,0.35,0.852380952,1
14798,White,M,26.5,3.7,SE,-0.26,0.683630952,0
14799,White,M,36,3.9,SE,0.09,0.821428571,1
14800,White,F,35,3.4,SE,-0.2,0.761309524,1
14801,White,F,30,2.9,SE,-0.74,0.651190476,1
14802,White,M,32.5,3.1,SE,0.06,0.701488095,1
14803,White,M,41,3.4,SE,1.36,0.836309524,1
14804,White,F,35,3.8,SE,-0.61,0.799404762,1
14805,White,M,48,3.5,SE,-0.19,0.933333333,1
14806,White,F,39,3.5,SE,-0.18,0.820833333,1
14807,White,M,43,3,SE,0.18,0.823214286,1
14810,Hispanic,M,35,3.4,SE,-0.75,0.761309524,1
14811,White,M,40,3.3,SE,1.49,0.814285714,1
14812,White,M,37,2.9,SE,-0.24,0.738690476,1
14813,Asian,M,36,3.2,SE,-0.76,0.754761905,1
14814,White,F,44,3.6,SE,2.01,0.892857143,1
14815,White,M,38,3.4,SE,0.59,0.798809524,1
14816,Hispanic,M,43,3.5,SE,1.1,0.870833333,1
14817,White,M,36,3.2,SE,-1.14,0.754761905,1
14818,White,M,43,3.8,SE,1.76,0.899404762,1
14819,White,F,39,3.5,SE,1.84,0.820833333,1
14820,White,M,31,3.9,SE,-0.04,0.758928571,1
14821,White,M,40,3.6,NE,-0.16,0.842857143,1
14822,White,F,41,3.2,SE,-0.57,0.817261905,1
14823,White,M,38,3.7,SE,0.1,0.827380952,1
14824,White,F,43,3,SE,0.23,0.823214286,1
14825,White,F,45,2.4,SE,1.92,0.791071429,1
14827,Black,M,28,2.7,SE,-1.3,0.607142857,1
14828,White,F,42,3.5,SE,1.63,0.858333333,1
14829,Black,F,21,2.2,SE,-1.72,0.47202381,0
14830,White,F,34,3.5,SE,1.34,0.758333333,1
14831,White,M,37,2.8,SE,-0.29,0.729166667,0
14832,White,F,31,3.6,SE,0.77,0.730357143,1
14833,Asian,M,34,3.5,SE,-0.45,0.758333333,1
14834,White,F,41,2.8,SE,-0.64,0.779166667,0
14835,White,M,38,3.2,SE,-0.29,0.779761905,1
14836,White,F,40,3.5,SE,1.18,0.833333333,1
14837,White,M,38,3,Mt,-0.15,0.760714286,1
14838,White,F,44,3.7,SE,0.54,0.902380952,1
14839,White,F,45,4,SE,2.08,0.943452381,1
14840,White,F,42,3.7,SE,0.29,0.877380952,1
14842,White,M,33,4,SE,0.78,0.793452381,1
14843,White,F,35,3.7,SE,-0.03,0.789880952,1
14844,White,M,40,3.2,SE,-0.18,0.804761905,1
14845,White,F,35,4,SE,1.61,0.818452381,1
14846,White,M,37,3.8,SE,-1.15,0.824404762,1
14847,White,M,36,3.5,SE,0.31,0.783333333,1
14848,White,F,41,3,SE,1.66,0.798214286,1
14849,White,F,38,3.5,SE,0.03,0.808333333,1
14850,Hispanic,F,37,3.9,SE,0.84,0.833928571,1
14851,White,F,38,3,SE,-0.73,0.760714286,1
14852,White,M,32,3.6,SE,0.72,0.742857143,1
14853,White,M,37,3.4,SE,0.1,0.786309524,1
14855,White,F,31,3.5,SE,-0.59,0.720833333,1
14856,White,F,42,3.5,SE,-0.46,0.858333333,1
14857,White,M,44,3.5,SE,0.3,0.883333333,1
14858,White,M,35,3.5,SE,-0.64,0.770833333,1
14859,White,F,42,3.1,SE,0.77,0.820238095,1
14860,White,M,32,3.4,SE,0.13,0.723809524,1
14861,White,M,36,3.2,SE,-1.05,0.754761905,1
14862,White,M,37,3.4,SE,-0.6,0.786309524,1
14863,White,F,38,3.8,SE,0.59,0.836904762,1
14865,Hispanic,F,32,3.6,SE,0.37,0.742857143,1
14867,White,F,34.5,3.4,SE,0.46,0.755059524,1
14868,Hispanic,F,33,2.7,SE,-1.69,0.669642857,0
14869,White,F,40,3.7,SE,0.6,0.852380952,1
14870,White,M,48,3.2,SE,1.06,0.904761905,1
14871,White,F,44,3.1,SE,-0.89,0.845238095,0
14873,Amerindian,F,20,3,NE,-1.81,0.535714286,0
14875,White,F,31,2.4,SE,0.05,0.616071429,1
14876,White,M,32,3.3,SE,-0.45,0.714285714,1
14877,White,M,35,3.9,SE,0.38,0.808928571,1
14878,Hispanic,F,29,4,SE,0.23,0.743452381,1
14879,Black,M,25,3.1,SE,-1.44,0.607738095,0
14881,Black,M,27,3.1,SE,-1.96,0.632738095,1
14882,White,M,33,4,SE,1.69,0.793452381,1
14883,White,M,34.5,3.9,SE,1.33,0.802678571,1
14884,Hispanic,M,37,2.9,SE,-0.98,0.738690476,1
14885,Black,F,27.5,2.7,SE,-1.76,0.600892857,1
14964,Black,F,17,2.5,GL,-1,0.450595238,0
14965,White,M,37,3.4,GL,1.77,0.786309524,1
14967,White,M,35,3.2,GL,1.02,0.742261905,1
14968,Other,M,20,3.3,GL,-0.71,0.564285714,0
14969,Black,M,26,2.3,GL,-0.49,0.544047619,0
14970,White,F,40,2.7,GL,0.63,0.757142857,1
14971,White,M,39,3.5,GL,0.94,0.820833333,1
14973,Other,F,33.5,3.3,GL,-0.8,0.733035714,0
14974,White,M,31,3,GL,-1.29,0.673214286,1
14975,White,F,31,3.4,GL,1.64,0.711309524,1
14977,White,F,34,3.6,GL,0.03,0.767857143,1
14980,Black,M,29,2.7,GL,0.03,0.619642857,1
14981,White,F,34,3,GL,1.33,0.710714286,1
14982,White,M,32,3.3,GL,0.84,0.714285714,1
14983,White,F,31,2.5,GL,0.01,0.625595238,1
14989,White,M,33.5,3.1,GL,0.34,0.713988095,1
14990,White,F,36,3.2,GL,-0.96,0.754761905,1
14991,White,F,35,2.8,GL,-0.13,0.704166667,1
14993,White,M,32,3.4,GL,0.53,0.723809524,0
14994,White,M,34,2.9,GL,0.82,0.701190476,1
15002,White,M,38,3.1,GL,-1.69,0.770238095,0
15003,White,M,31,3.3,GL,0.18,0.701785714,1
15004,White,M,26.5,2.8,GL,-1.29,0.597916667,0
15005,White,F,31,3.2,GL,0.28,0.692261905,0
15006,White,F,28.5,3.5,GL,-1.09,0.689583333,0
15007,Asian,M,40,2.5,GL,-0.47,0.738095238,0
15008,White,F,39,2.7,NE,2.26,0.744642857,1
15009,White,M,31,3.6,GL,-0.8,0.730357143,0
15010,White,M,42,2.9,GL,0.07,0.801190476,1
15011,White,M,28.5,3.2,GL,-0.47,0.661011905,1
15012,White,F,33,3.6,GL,0.9,0.755357143,1
15013,White,M,40,3.9,GL,0.77,0.871428571,1
15014,White,F,37,3.1,GL,-0.44,0.757738095,1
15015,White,F,29,3.4,NE,0.11,0.686309524,1
15016,White,M,39,2.8,GL,-0.38,0.754166667,0
15017,White,M,30,3.4,GL,0.51,0.698809524,1
15018,White,M,39,2.7,GL,-0.28,0.744642857,0
15019,White,F,35,3.3,GL,0.63,0.751785714,1
15020,White,F,35,3.2,GL,1.21,0.742261905,1
15021,White,F,28,3.2,NE,1.21,0.654761905,1
15022,White,F,33,3.3,MS,1.25,0.726785714,1
15023,White,F,30,3.7,SE,-0.4,0.727380952,1
15024,White,F,36,2.9,GL,1.23,0.726190476,1
15025,White,M,38,3.1,GL,0.71,0.770238095,1
15026,White,F,36,3.1,GL,0.44,0.745238095,1
15032,Black,F,34,2.7,GL,-1.11,0.682142857,0
15033,White,M,35,3.2,GL,-1.04,0.742261905,0
15034,White,M,36,3.8,GL,1.44,0.811904762,1
15035,White,F,28,3.1,GL,0.49,0.645238095,1
15036,White,M,35,3.3,GL,1.37,0.751785714,1
15037,White,M,32,3.3,GL,-0.65,0.714285714,0
15040,White,F,24.3,2.7,GL,1.25,0.560892857,1
15041,White,F,38,2.8,GL,1.83,0.741666667,1
15043,Black,M,24,2.7,GL,0.73,0.557142857,1
15047,White,F,29,2.9,GL,-0.49,0.638690476,0
15049,Black,M,21,2.1,GL,-1.79,0.4625,0
15050,Black,M,23.5,2.6,GL,-0.51,0.541369048,0
15052,White,F,37,2.9,GL,-0.34,0.738690476,1
15053,White,F,40,2.7,GL,0.34,0.757142857,1
15054,White,M,32,3.2,GL,-0.28,0.704761905,1
15055,White,M,32,3,GL,0.07,0.685714286,0
15056,White,F,36,3.1,GL,-0.01,0.745238095,1
15057,White,F,35,3.2,GL,1.97,0.742261905,1
15058,White,F,34,3.2,GL,0.53,0.729761905,1
15059,White,M,46,3.7,GL,2.18,0.927380952,1
15060,Black,M,26,2.8,GL,-1.62,0.591666667,0
15061,White,M,35,3.2,GL,1.23,0.742261905,1
15062,White,M,35,3.1,GL,0.49,0.732738095,0
15063,White,F,31,3.7,GL,0.63,0.739880952,1
15064,Other,F,29,3,GL,-0.28,0.648214286,0
15065,White,M,34,3.3,GL,-1.07,0.739285714,0
15066,White,M,36,3.2,GL,0.96,0.754761905,0
15068,White,F,33,2.8,GL,-0.42,0.679166667,0
15069,White,F,29,3.2,GL,-1.64,0.667261905,1
15070,White,M,36,3.3,GL,0.67,0.764285714,1
15071,White,F,35,3.2,GL,0.26,0.742261905,1
15072,White,F,32,3.5,GL,-0.47,0.733333333,1
15073,White,F,42,3.5,GL,0.51,0.858333333,1
15074,Black,M,28,2.8,GL,-0.34,0.616666667,1
15075,Black,F,19.3,2.3,GL,-1.64,0.460297619,0
15077,White,M,33,3.1,GL,-0.51,0.707738095,0
15078,Asian,F,34,3.3,GL,0.18,0.739285714,0
15079,Asian,F,35,3.3,GL,-0.65,0.751785714,0
15080,White,M,30,3.4,GL,-1,0.698809524,1
15081,White,F,34.5,2.5,GL,-0.53,0.669345238,0
15082,White,F,29,3.8,GL,0.28,0.724404762,1
15083,White,M,26,3.7,GL,0.59,0.677380952,0
15084,White,F,35,3.5,GL,0.67,0.770833333,1
15086,White,F,33,3.2,GL,-0.03,0.717261905,1
15087,White,F,33,3.7,GL,0.71,0.764880952,1
15088,White,F,36,3.4,GL,1.56,0.773809524,1
15089,White,F,35,3.1,GL,-0.98,0.732738095,1
15090,White,F,37,3.5,GL,-0.42,0.795833333,1
15091,White,F,40,2.7,GL,1.04,0.757142857,1
15092,White,M,31,3.2,NE,0.09,0.692261905,1
15093,White,M,37,2.9,GL,0.34,0.738690476,1
15094,White,F,32,3.4,GL,0.92,0.723809524,0
15096,White,F,33.5,3.3,GL,0.15,0.733035714,1
15097,White,F,31,3.6,GL,0.18,0.730357143,1
15098,White,M,35,3.5,GL,-0.28,0.770833333,1
15099,White,F,28.5,3.4,GL,-0.61,0.680059524,0
15101,White,F,36,3.2,GL,0.46,0.754761905,1
15102,White,F,35,3,GL,-0.38,0.723214286,1
15104,White,F,31,3.5,GL,1.54,0.720833333,1
15105,White,F,32,2.5,GL,0.69,0.638095238,1
15106,White,M,32,3.9,GL,0.71,0.771428571,1
15107,White,M,28,3.3,GL,-1.02,0.664285714,0
15108,White,M,32,3.2,GL,-0.32,0.704761905,0
15110,Other,F,33.5,3.2,GL,0.44,0.723511905,1
15111,White,F,30.5,3.4,GL,1.17,0.705059524,1
15112,White,M,34,3.5,GL,0.42,0.758333333,1
15113,White,F,29,3,GL,0.77,0.648214286,1
15114,White,F,28,3.8,GL,1.06,0.711904762,1
15115,White,F,34,3,GL,1.29,0.710714286,1
15116,White,F,28,2.9,SE,-1.4,0.626190476,0
15117,White,F,31,3.6,GL,-1.17,0.730357143,0
15118,White,F,36,3.3,GL,-0.16,0.764285714,1
15119,White,F,38,3.1,GL,0.73,0.770238095,1
15120,White,F,35,3.4,GL,0.05,0.761309524,1
15121,White,F,35,3.4,GL,-0.47,0.761309524,0
15122,White,M,33,3,GL,0.09,0.698214286,1
15123,White,M,29,3.3,GL,0.03,0.676785714,1
15124,White,M,31,3.5,FW,0.24,0.720833333,1
15125,White,M,38,3.2,GL,0.98,0.779761905,0
15126,White,M,30.5,3.1,GL,-0.49,0.676488095,1
15127,White,F,40,3.8,GL,0.46,0.861904762,0
15128,White,F,38,3.1,GL,0.57,0.770238095,1
15129,White,F,36,3.2,GL,0.18,0.754761905,1
15130,White,F,35,3,GL,-0.82,0.723214286,0
15131,White,F,35,3,SE,0.15,0.723214286,1
15132,White,F,31,3.2,GL,-0.65,0.692261905,1
15133,White,M,32.5,3.1,NE,-0.78,0.701488095,1
15134,White,F,39,2.9,GL,0.46,0.763690476,1
15135,Black,F,25,2.5,GL,-1.33,0.550595238,0
15137,White,F,31,3.5,GL,-0.53,0.720833333,0
15138,White,F,35,3.5,GL,-0.98,0.770833333,0
15139,White,M,29,3.2,GL,-0.59,0.667261905,1
15140,White,M,33,3.1,GL,0.22,0.707738095,1
15141,White,M,37,3.2,GL,1.11,0.767261905,0
15142,White,M,38,3.6,GL,1.11,0.817857143,1
15143,White,M,37,3.2,GL,0.96,0.767261905,1
15144,White,F,35,3,GL,0.69,0.723214286,1
15145,White,M,30,3.3,GL,0.44,0.689285714,0
15146,White,F,32,3.7,GL,1.81,0.752380952,1
15148,White,F,32,3,NE,-0.01,0.685714286,0
15149,White,F,37,2.9,GL,0.15,0.738690476,1
15150,White,F,31,3.2,GL,1.52,0.692261905,1
15151,Black,M,26,2.3,GL,-1,0.544047619,0
15152,White,M,37,2.9,GL,-0.8,0.738690476,1
15153,White,F,29,3.1,SE,1.06,0.657738095,1
15154,White,F,40,2.5,GL,1.77,0.738095238,1
15155,White,F,31,2.6,GL,0.07,0.635119048,1
15156,White,F,30,3.7,GL,-0.82,0.727380952,0
15157,White,F,33,3.2,GL,0.98,0.717261905,1
15158,White,M,33,3.7,GL,0.3,0.764880952,1
15159,White,F,37,3.3,NE,-0.42,0.776785714,1
15160,White,M,28,3.6,GL,-0.84,0.692857143,0
15161,White,F,28.5,3,GL,0.09,0.641964286,1
15162,White,M,28,3.4,GL,0.49,0.673809524,1
15165,White,M,35,3.3,GL,0.9,0.751785714,1
15166,White,F,28,3.4,GL,0.44,0.673809524,0
15167,White,F,37,3.1,GL,-1.46,0.757738095,0
15168,White,M,33,3.5,GL,0.09,0.745833333,1
15169,White,M,30,3.9,GL,-0.49,0.746428571,1
15170,White,M,27.5,3.6,GL,0.98,0.686607143,1
15171,White,F,33,3.1,GL,-0.13,0.707738095,1
15172,White,F,32,2.6,GL,0.65,0.647619048,1
15173,White,M,40,3.4,GL,0.77,0.823809524,1
15174,White,F,38,2.9,GL,0.38,0.751190476,1
15176,White,M,30.5,3.3,GL,-0.69,0.695535714,0
15177,White,M,35,2.9,GL,0.13,0.713690476,1
15178,White,F,35,3.2,NE,0.96,0.742261905,1
15179,White,M,37,3.1,GL,0.75,0.757738095,1
15180,Black,F,35,2,GL,-1.71,0.62797619,0
15181,White,F,38,3.2,GL,-0.07,0.779761905,1
15182,White,F,35,3.1,GL,-1.04,0.732738095,0
15183,White,M,25,2.6,GL,-1.11,0.560119048,0
15184,White,F,34,3.1,GL,0.75,0.720238095,1
15185,White,M,37,3.1,GL,1.23,0.757738095,1
15186,White,F,38,2.8,GL,-1.81,0.741666667,1
15187,White,M,32,3.3,GL,0.82,0.714285714,1
15189,White,F,34,3.3,GL,-0.98,0.739285714,0
15190,White,F,37,2.7,GL,-0.07,0.719642857,1
15191,White,M,26.5,2.9,GL,-1.07,0.607440476,1
15192,White,F,37,3.2,GL,0.57,0.767261905,1
15193,White,F,33,3.2,GL,0.38,0.717261905,1
15194,White,F,41,2.9,GL,0.32,0.788690476,1
15195,White,M,29,3.3,GL,-1.42,0.676785714,0
15196,White,F,40,2.8,GL,0.09,0.766666667,1
15197,White,M,36,3.2,GL,-1.07,0.754761905,1
15198,Other,F,29.5,3.4,GL,-0.36,0.692559524,1
15199,White,M,35,3.5,GL,0.28,0.770833333,0
15200,White,F,32,3.1,GL,-1.29,0.695238095,1
15201,White,M,34,3.7,GL,1.29,0.777380952,1
15203,White,F,33,3.1,GL,0.44,0.707738095,1
15204,White,F,32,3.7,GL,1.5,0.752380952,1
15205,White,F,35.5,3.5,GL,0.4,0.777083333,1
15206,White,M,33.5,3.8,GL,0.28,0.780654762,0
15208,White,M,35,3.5,GL,1,0.770833333,1
15210,White,F,35,3.2,GL,0.51,0.742261905,1
15211,White,F,33,3.1,GL,0.61,0.707738095,1
15212,White,F,32.5,2.3,GL,-1.13,0.625297619,0
15213,White,F,35,3.2,GL,1.21,0.742261905,1
15214,White,M,35,3.4,GL,1.04,0.761309524,1
15215,White,M,33,3.3,GL,-0.69,0.726785714,0
15217,White,F,41,3.6,GL,-0.36,0.855357143,1
15219,White,M,39,3.8,GL,-0.72,0.849404762,1
15220,Black,M,32,3.5,GL,0.31,0.733333333,1
15221,Asian,M,37,3.4,GL,-1.03,0.786309524,1
15222,White,F,36,3.7,MW,-1.15,0.802380952,1
15223,White,F,37,3.7,GL,-0.41,0.814880952,1
15224,Asian,M,29,3.4,FW,-1.04,0.686309524,1
15225,White,M,43,3.4,GL,0.26,0.861309524,1
15228,White,F,36,3.8,GL,0.92,0.811904762,1
15229,White,F,42,3.6,GL,1.3,0.867857143,1
15230,White,F,41,3.8,GL,1.66,0.874404762,1
15233,White,F,41,3.6,GL,-0.72,0.855357143,1
15234,Asian,F,38,3.5,NE,-1.09,0.808333333,1
15235,White,M,38,3.2,NE,-0.22,0.779761905,1
15236,White,F,36.5,3,NG,0.3,0.741964286,1
15237,Asian,F,32,2.4,GL,-1.11,0.628571429,1
15238,Asian,M,28,2.4,NE,-1.27,0.578571429,0
15239,White,F,42,2.7,NG,-0.13,0.782142857,1
15241,White,M,38,2.9,NG,0.86,0.751190476,1
15242,White,F,44,3,Mt,1.96,0.835714286,1
15243,White,F,42,2.9,NE,-0.03,0.801190476,1
15244,White,M,36,3.1,NE,-0.27,0.745238095,1
15246,White,F,37,2.5,NE,-1.44,0.700595238,0
15247,White,M,35,3.2,NG,-0.43,0.742261905,1
15248,White,M,39.5,1.7,NE,-0.94,0.655654762,0
15249,White,F,36,3.2,MS,0.74,0.754761905,1
15250,White,M,34,2.9,MS,-0.97,0.701190476,1
15251,White,M,41,2.8,NE,1.04,0.779166667,1
15252,White,F,36,2.9,MS,-0.8,0.726190476,1
15253,Other,M,41,2.5,FW,-0.69,0.750595238,0
15254,White,M,32,3,NG,0.6,0.685714286,1
15255,White,F,35,3.2,NE,-0.36,0.742261905,1
15256,White,M,31,3.7,NG,0.51,0.739880952,1
15257,White,M,35,3.2,MS,-0.36,0.742261905,1
15258,White,M,37.5,2.9,MS,0.18,0.744940476,1
15259,White,F,38,3.4,GL,0.65,0.798809524,1
15260,White,M,43,2.4,Mt,-0.15,0.766071429,1
15261,White,M,36,3.3,NE,-0.38,0.764285714,1
15262,White,F,37,2.7,Mt,-0.85,0.719642857,1
15263,Hispanic,M,28,2.8,NG,-1.48,0.616666667,0
15264,White,F,37,2.3,NE,-0.52,0.681547619,1
15265,White,F,42,3.5,NE,1.91,0.858333333,1
15266,White,M,40,3.2,NE,0.44,0.804761905,1
15268,White,F,34,2.9,NG,1.11,0.701190476,1
15269,White,F,38,3.2,Mt,-0.15,0.779761905,1
15270,White,F,34,3,NE,0.58,0.710714286,1
15271,White,M,35,3.2,NE,-1.27,0.742261905,1
15272,White,M,28,3.2,NE,-2,0.654761905,0
15273,White,M,39,3.2,NG,0.41,0.792261905,1
15274,White,M,36,2.7,FW,-1.29,0.707142857,1
15275,White,F,41,3.3,NG,1.53,0.826785714,1
15276,White,F,35,3.4,NG,0.58,0.761309524,1
15277,White,M,35.5,2.8,NE,1.49,0.710416667,1
15278,White,F,36,2.5,Mt,0.3,0.688095238,1
15279,White,M,41,3.1,NE,1.04,0.807738095,1
15280,White,F,41,2.2,SE,1.16,0.72202381,1
15281,White,F,34,3.8,NE,0.81,0.786904762,1
15282,White,M,30.3,3.1,NE,-1.13,0.673988095,1
15283,Mexican,F,28,3.6,Mt,-1.08,0.692857143,1
15284,White,F,43,2.7,NE,1.53,0.794642857,1
15285,White,M,32.5,3.5,MS,0.74,0.739583333,1
15286,White,F,38,3.5,SC,0.56,0.808333333,1
15287,Other,F,42,3.1,SC,-1.08,0.820238095,1
15289,White,M,42,3,SC,0.78,0.810714286,1
15290,White,M,37,3.7,SC,0.2,0.814880952,1
15291,White,M,40,3,SC,0.27,0.785714286,1
15293,White,M,41,3.4,SC,-0.55,0.836309524,1
15294,White,F,44,2.7,SC,0.63,0.807142857,1
15295,Mexican,F,30,3.1,SC,-1.74,0.670238095,0
15296,White,F,40,3.3,SC,1.25,0.814285714,1
15297,White,F,41,3.1,SC,-1.15,0.807738095,1
15298,White,F,40,3.3,SC,-0.48,0.814285714,1
15299,White,F,39,3.4,MS,-0.39,0.811309524,0
15300,White,F,37.5,3.1,SC,-0.62,0.763988095,0
15301,White,F,40,3.5,SC,-0.06,0.833333333,1
15302,White,M,37,2.8,NE,1.47,0.729166667,1
15304,White,F,43,2.6,SC,0.89,0.785119048,1
15305,White,M,40,3.1,SC,-0.46,0.795238095,0
15306,White,F,37,3.9,SC,-1.66,0.833928571,1
15307,White,M,39,3.7,SC,0.29,0.839880952,1
15308,White,M,37,3.1,SC,-0.66,0.757738095,1
15309,White,M,40,3.1,SC,1,0.795238095,1
15310,Mexican,M,39,3,SC,-0.13,0.773214286,1
15313,Hispanic,F,37,2.7,SC,-2.5,0.719642857,1
15314,White,M,40,3.5,SC,-0.48,0.833333333,1
15316,White,F,31.5,3.4,SC,0.12,0.717559524,1
15317,White,F,28.5,3.9,SC,0.49,0.727678571,1
15318,White,F,43,4,SC,0.63,0.918452381,1
15319,Asian,M,36,3.5,SC,-0.84,0.783333333,1
15320,White,F,40,3.3,SC,0.8,0.814285714,1
15321,White,F,47,2.6,SC,0.32,0.835119048,1
15322,Mexican,F,30,3.6,SC,0.54,0.717857143,1
15323,White,F,39,3.1,SC,0.14,0.782738095,1
15324,Black,M,39,2.3,SC,-0.04,0.706547619,1
15325,White,F,45,3.1,SC,1.16,0.857738095,1
15326,White,M,39,3.4,SC,-0.02,0.811309524,1
15327,White,M,41,3.4,SC,1.6,0.836309524,1
15328,Asian,F,43,3.2,SC,-0.73,0.842261905,1
15329,White,M,41,2.9,SC,1.09,0.788690476,1
15330,White,M,39,3.4,SC,1.33,0.811309524,1
15331,White,F,38,3.3,SC,-1.24,0.789285714,1
15332,Asian,M,30.5,3.6,SC,-0.7,0.724107143,1
15335,Asian,F,32.5,3.6,SC,-0.26,0.749107143,1
15337,Amerindian,M,38,3.4,SC,-0.22,0.798809524,1
15338,Asian,M,36,3.8,SC,-0.35,0.811904762,1
15341,White,M,35.5,3.1,SC,-1.1,0.738988095,1
15342,White,M,41,3.5,SC,-0.17,0.845833333,1
15343,White,M,40,3.5,SC,-0.53,0.833333333,1
15344,Mexican,M,29,2.9,SC,-2.05,0.638690476,1
15345,White,F,40,3.3,SC,0.65,0.814285714,1
15347,White,F,38,3.5,SC,0.71,0.808333333,1
15348,White,M,43,3.9,SC,1.36,0.908928571,1
15349,White,F,37,3.1,SC,-1.04,0.757738095,1
15350,Asian,M,36,3.7,SC,0.82,0.802380952,1
15351,Other,M,35,3,SC,-0.64,0.723214286,1
15352,White,M,37,3.5,SC,-0.02,0.795833333,1
15353,White,F,29,2.4,SC,-1.68,0.591071429,0
15354,White,M,37,3.5,SC,-0.73,0.795833333,1
15355,White,M,36,4,SC,0.38,0.830952381,1
15357,Asian,F,43,3.6,SC,0.47,0.880357143,1
15358,White,F,42,3,SC,-0.28,0.810714286,1
15359,White,F,42,2.9,SC,1.82,0.801190476,1
15360,White,M,44,3.1,SC,-0.13,0.845238095,1
15361,White,M,42,3.2,SC,0.65,0.829761905,1
15362,White,F,39,3.2,MW,0.65,0.792261905,1
15363,White,F,39,3.2,SC,1.49,0.792261905,1
15364,White,F,41,3,SC,-0.39,0.798214286,1
15365,White,F,42,2.9,SC,0.16,0.801190476,1
15366,White,M,47,2.8,SC,0.98,0.854166667,1
15367,Asian,F,39,3.4,SC,-0.11,0.811309524,1
15368,White,F,39,3.3,SC,-0.24,0.801785714,1
15369,White,M,36,3.7,SC,-0.64,0.802380952,1
15370,White,F,38,3.5,SC,0.58,0.808333333,1
15371,Black,M,30,3,SC,-0.42,0.660714286,1
15372,Hispanic,F,39,2.4,SC,-0.84,0.716071429,1
15373,White,M,42,3.1,SC,0.63,0.820238095,1
15374,White,M,37,3.1,SC,-0.24,0.757738095,1
15375,White,M,44,3.1,SC,1.51,0.845238095,1
15376,White,M,41,3.5,SC,-1.21,0.845833333,1
15377,White,M,36,3.3,SC,-0.81,0.764285714,1
15378,White,M,48,2.9,SC,0.4,0.876190476,1
15379,White,F,39,3.7,SC,0.23,0.839880952,1
15380,White,M,37,3.4,SC,-0.06,0.786309524,1
15381,White,F,42,3.4,SC,0.74,0.848809524,1
15382,White,F,40,3.4,MW,0.71,0.823809524,1
15383,White,F,40,3.3,SC,0.45,0.814285714,1
15384,White,F,39,3.4,SC,0.45,0.811309524,1
15385,White,F,39,3.2,SC,1.67,0.792261905,1
15386,White,M,39,3.7,SC,0.18,0.839880952,1
15387,White,M,35,3.6,SC,0.36,0.780357143,1
15388,White,M,36.5,3.3,SC,0.91,0.770535714,1
15389,Mexican,M,31,3.6,SC,-0.42,0.730357143,1
15390,White,M,42,3.1,SC,1.91,0.820238095,1
15391,White,M,42,3.6,SC,1.4,0.867857143,1
15392,Mexican,M,29,3.1,SC,-2.01,0.657738095,0
15393,White,M,36,3.6,SC,-0.11,0.792857143,1
15396,White,F,47,3.2,SC,-0.77,0.892261905,1
15398,White,F,32,3.7,SC,0.18,0.752380952,1
15400,White,M,44,3.3,SC,2.22,0.864285714,1
15401,White,F,38,3.2,SC,-1.55,0.779761905,0
15402,Black,F,32,2.9,SC,-0.3,0.676190476,1
15403,Puertorican,F,38,3.4,MS,-0.66,0.798809524,1
15405,Black,F,29,2.4,SC,0.14,0.591071429,1
15406,White,M,47,3.9,SC,0.34,0.958928571,1
15407,Black,F,38,2.5,SC,-1.81,0.713095238,1
15408,White,F,32,3.8,SC,0.01,0.761904762,1
15409,White,F,41,3.2,SC,0.49,0.817261905,1
15410,White,M,40,3.8,SC,0.89,0.861904762,1
15411,White,M,36,3.8,SC,-0.19,0.811904762,1
15412,White,M,44,3.5,SC,1.33,0.883333333,1
15413,White,M,41,3.2,SC,0.76,0.817261905,1
15414,White,M,38,3.5,SC,0.05,0.808333333,1
15415,White,F,43,3.2,SC,0.18,0.842261905,1
15416,White,M,46,3.4,SC,1.02,0.898809524,1
15417,White,F,43,3.2,SC,-0.28,0.842261905,1
15418,White,F,33,3.2,SC,-0.39,0.717261905,1
15419,White,F,34,3.3,SC,-0.33,0.739285714,1
15420,White,F,42,3.6,SC,0.07,0.867857143,1
15421,White,F,40,3,SC,-0.24,0.785714286,1
15422,White,F,38,2.6,SC,-0.37,0.722619048,1
15423,White,M,39,3.3,SC,-0.3,0.801785714,1
15424,White,F,42,3,SC,-0.42,0.810714286,1
15425,White,M,38,3.4,SC,0.2,0.798809524,1
15426,White,F,38,3.9,SC,1.58,0.846428571,1
15430,White,M,37,3.7,SC,-0.73,0.814880952,0
15431,Mexican,M,30,3.4,SC,-0.17,0.698809524,1
15432,White,M,34,3.5,SC,0.82,0.758333333,1
15433,White,F,38,3.4,SC,-0.06,0.798809524,0
15434,White,F,35,3.7,SC,0.12,0.789880952,1
15435,Mexican,M,37,2.6,SC,-0.88,0.710119048,0
15436,White,M,37,3.7,SC,0.01,0.814880952,1
15437,White,F,36,3.8,SC,-0.93,0.811904762,1
15439,White,M,40,2.7,SC,0.47,0.757142857,1
15440,White,F,39,3.1,SC,0.36,0.782738095,1
15441,White,F,37,3.4,SC,-0.02,0.786309524,1
15442,Mexican,F,43,2.5,SC,0.65,0.775595238,1
15443,White,F,39,3.3,SC,0.56,0.801785714,1
15444,White,F,45,2.5,SC,0.87,0.800595238,1
15445,White,F,38.5,2.9,SC,-0.7,0.757440476,1
15446,White,F,40,2.9,SC,1.18,0.776190476,1
15448,White,F,37,3.7,SC,0.25,0.814880952,1
15449,White,M,33,3.9,SC,-0.42,0.783928571,1
15450,Mexican,M,29,3.5,SC,-0.62,0.695833333,1
15451,White,M,39,3.4,SC,0.47,0.811309524,1
15452,White,M,40,3.2,SC,-2.25,0.804761905,1
15453,Other,F,44,2.7,SC,-0.37,0.807142857,1
15454,Mexican,F,35,2.9,SC,-0.86,0.713690476,0
15455,White,F,38,3.5,SC,-0.79,0.808333333,1
15457,White,M,37,3.6,SC,-2.79,0.805357143,0
15458,White,M,36,3.3,SC,-0.35,0.764285714,1
15459,White,M,40,3.3,SC,0.36,0.814285714,1
15460,White,F,40,3.4,SC,0.94,0.823809524,1
15461,White,F,40,3.2,SC,1.58,0.804761905,1
15462,Black,M,26,2.9,SC,-1.55,0.601190476,0
15463,White,M,38,3.2,MS,-0.04,0.779761905,1
15466,White,M,41,3.4,SC,-0.7,0.836309524,1
15467,White,M,43,2.9,SC,0.54,0.813690476,1
15468,White,F,37,3.3,SC,-1.7,0.776785714,0
15469,White,F,42,3.4,SC,0.94,0.848809524,1
15470,White,F,40,3.3,SC,1.36,0.814285714,1
15471,White,F,43,3,SC,0.12,0.823214286,1
15472,White,M,40,3.3,SC,1.62,0.814285714,1
15473,White,M,40,3.5,SC,1.38,0.833333333,1
15474,White,M,42,3.1,SC,0.01,0.820238095,1
15475,White,F,38,3.7,SC,2.02,0.827380952,1
15477,White,M,43,3.7,SC,0.85,0.889880952,1
15478,White,F,38,3.5,SC,-0.13,0.808333333,1
15479,White,F,42,3.6,SC,-0.62,0.867857143,1
15481,White,M,37,3.7,SC,0.74,0.814880952,1
15482,White,F,41,3.4,SC,1.25,0.836309524,1
15483,White,M,42,3.2,SC,-1.21,0.829761905,1
15484,White,M,37,3.5,SC,0.96,0.795833333,1
15485,White,M,35,3.8,SC,0.12,0.799404762,1
15486,White,M,38,3.4,SC,-0.53,0.798809524,1
15487,Asian,F,36,3.5,SC,0.36,0.783333333,1
15488,White,M,38,3.9,SC,0.76,0.846428571,1
15489,White,F,41,3.3,SC,-0.81,0.826785714,1
15491,White,M,41,3.2,SC,0.63,0.817261905,1
15492,White,M,35,3.8,SC,-0.06,0.799404762,1
15494,White,F,39,2.7,SC,-0.13,0.744642857,0
15495,White,F,42,3.9,SC,2.31,0.896428571,1
15496,White,M,44,3.2,SC,1.49,0.854761905,1
15497,White,M,36,3.7,SC,-0.13,0.802380952,1
15498,White,M,32.5,3.6,SC,-1.63,0.749107143,1
15499,Amerindian,M,31,3,SC,-0.88,0.673214286,1
15500,White,M,41,3.8,SC,1.33,0.874404762,1
15501,White,M,46,3.8,SC,1.27,0.936904762,1
15502,Mexican,F,39,3,SC,0.29,0.773214286,1
15503,Mexican,F,32,2.9,SC,-0.59,0.676190476,1
15504,White,F,38,3.7,SC,0.4,0.827380952,1
15505,White,M,39,2.7,SC,1.22,0.744642857,1
15506,White,M,36.5,2.9,SC,-0.15,0.732440476,1
15507,White,M,41,2.5,SC,-0.26,0.750595238,1
15508,Black,M,26,3.3,SC,-1.04,0.639285714,0
15509,White,F,41,3.4,SC,1.93,0.836309524,1
15510,White,M,32.7,2.8,SC,-2.5,0.675416667,1
15511,Asian,F,38,3.7,SC,0.78,0.827380952,1
15512,White,F,45,2.6,SC,0.45,0.810119048,1
15513,White,M,40,3.1,SC,0.45,0.795238095,1
15514,White,F,40,3.3,SC,1.29,0.814285714,0
15515,White,F,37,3.5,SC,-1.32,0.795833333,1
15518,White,F,41,3.4,SC,0.27,0.836309524,1
15519,White,M,40,3.7,SC,-0.73,0.852380952,1
15520,White,M,41,3.1,SC,0.82,0.807738095,1
15521,Black,F,34,2.7,SC,-0.46,0.682142857,1
15522,White,F,42,2.7,SC,1.44,0.782142857,1
15524,White,F,40,3.1,SC,1.05,0.795238095,1
15525,Asian,F,40,3.7,SC,-1.59,0.852380952,1
15526,White,F,39,3.6,SC,-0.28,0.830357143,1
15527,Black,M,34,2.3,SC,-2.36,0.644047619,0
15528,White,F,43,3.5,SC,1,0.870833333,1
15529,White,M,38,3.7,SC,-0.15,0.827380952,1
15532,White,F,40,2.6,GL,0.39,0.747619048,1
15536,White,M,28,2.8,GL,-0.11,0.616666667,1
15537,White,F,35,3,GL,-2.48,0.723214286,1
15538,Asian,M,39,2.7,GL,1.58,0.744642857,1
15539,Other,F,37,2.8,GL,0.75,0.729166667,1
15540,White,F,34,3.2,GL,1.22,0.729761905,1
15542,White,F,42,2.3,GL,0.98,0.744047619,1
15543,White,F,40,2.6,SE,-0.68,0.747619048,1
15544,White,M,33,3.3,GL,-0.68,0.726785714,1
15545,White,F,34,2.8,GL,0.53,0.691666667,1
15546,White,F,33.5,2.5,NE,0.75,0.656845238,1
15547,White,F,35,3.1,GL,0.27,0.732738095,1
15548,White,M,34,3.4,GL,0.87,0.748809524,1
15549,White,F,33,3.3,GL,-1.39,0.726785714,1
15550,White,F,35,2.9,NE,0.15,0.713690476,1
15551,White,F,35,3.2,GL,0.15,0.742261905,1
15552,White,F,33,3.4,GL,0.75,0.736309524,1
15553,White,F,35,3.2,GL,-1.75,0.742261905,1
15554,White,M,32.5,3.2,GL,-0.44,0.711011905,1
15555,White,M,36,2.9,GL,0.27,0.726190476,1
15556,White,F,39,2.6,GL,-0.44,0.735119048,1
15558,White,F,38,2.5,GL,0.63,0.713095238,1
15559,Other,F,36,3.6,GL,0.15,0.792857143,1
15560,White,F,36,2.8,GL,-0.44,0.716666667,1
15561,White,F,34,3.3,Mt,0.63,0.739285714,1
15562,White,F,34,3.4,GL,1.7,0.748809524,1
15563,White,F,34,3.2,GL,-0.2,0.729761905,1
15564,White,M,40,2.8,GL,0.98,0.766666667,1
15565,White,M,30,3.5,GL,-0.2,0.708333333,1
15566,White,F,37,2.7,GL,-0.73,0.719642857,1
15567,White,M,33.5,3.1,GL,-0.68,0.713988095,1
15568,White,M,38,2.6,GL,1.01,0.722619048,1
15569,White,F,29,3.1,GL,-0.44,0.657738095,1
15570,White,M,34.5,3,GL,-0.2,0.716964286,1
15571,White,M,28.5,2.9,NG,1.17,0.632440476,1
15572,White,F,36,2.3,GL,0.18,0.669047619,1
15573,White,M,37,2.6,GL,-0.8,0.710119048,1
15574,White,M,28,3.3,GL,-0.56,0.664285714,1
15576,White,F,35.5,3.2,GL,0.87,0.748511905,1
15577,White,M,38,2.7,GL,1.17,0.732142857,1
15579,White,F,33.3,2.7,GL,0.63,0.673392857,1
15581,White,M,33,3.3,GL,0.51,0.726785714,1
15582,White,F,35,2.8,GL,0.87,0.704166667,1
15583,White,M,34,3.5,GL,1.01,0.758333333,1
15584,White,F,41,2.5,GL,-0.32,0.750595238,1
15585,White,F,29,2.9,GL,0.03,0.638690476,1
15586,White,F,31,3.2,GL,-0.96,0.692261905,1
15587,White,M,33,3.3,GL,-0.2,0.726785714,1
15588,White,M,27,2.8,GL,-0.16,0.604166667,1
15589,White,M,30.3,2.6,NE,-1.39,0.626369048,1
15590,White,M,37,2.5,GL,2.29,0.700595238,1
15591,White,F,34,3.4,GL,1.34,0.748809524,1
15592,White,F,37,2.5,GL,1.1,0.700595238,1
15593,White,F,30.5,3,GL,-0.2,0.666964286,1
15594,White,F,35,3.1,GL,-0.68,0.732738095,1
15595,White,F,40,3,GL,1.7,0.785714286,1
15596,White,F,39,2.8,GL,0.27,0.754166667,1
15597,White,F,36,2.5,GL,0.03,0.688095238,1
15598,White,F,36,3.1,GL,1.1,0.745238095,1
15601,White,F,31,3.7,GL,1.22,0.739880952,1
15602,White,F,26,3.4,GL,0.75,0.648809524,1
15604,White,M,35,2.8,GL,0.39,0.704166667,1
15605,White,F,41,2.9,Mt,1.22,0.788690476,1
15606,White,F,33,3.3,NG,-0.68,0.726785714,1
15607,White,F,26.5,3,GL,0.08,0.616964286,1
15608,White,M,31,3.7,GL,-0.16,0.739880952,1
15610,White,F,34,3,GL,0.39,0.710714286,1
15611,White,F,38,2.8,GL,-0.44,0.741666667,1
15613,White,F,33,3.1,GL,-1.86,0.707738095,1
15614,White,F,33.5,2.9,GL,-1.98,0.694940476,1
15615,White,M,34,2.8,GL,-0.56,0.691666667,1
15616,White,F,33,3.2,GL,2.29,0.717261905,1
15617,Asian,M,34,2.8,GL,-0.84,0.691666667,1
15618,White,F,39,2.6,GL,0.51,0.735119048,1
15619,White,M,31,2.9,GL,0.41,0.663690476,1
15620,White,M,37,2.7,GL,-1.51,0.719642857,1
15621,White,F,29,3.2,GL,1.82,0.667261905,1
15622,White,F,33.5,2.5,GL,-0.2,0.656845238,1
15623,White,M,25,3.4,GL,-0.58,0.636309524,1
15625,White,F,27,2.6,GL,-0.13,0.585119048,1
15626,White,M,33,2.7,SC,-0.8,0.669642857,0
15627,White,M,37,2.5,GL,-1.27,0.700595238,1
15629,White,F,30,3.1,GL,0.75,0.670238095,1
15631,White,M,27,3.4,GL,0.11,0.661309524,1
15633,White,F,42,2.6,GL,-0.08,0.772619048,1
15634,White,F,34,2.6,GL,0.98,0.672619048,1
15635,White,F,39,3.3,GL,-0.32,0.801785714,1
15636,White,F,34,3.1,GL,-0.2,0.720238095,1
15637,White,F,32,2.9,GL,1.82,0.676190476,1
15638,White,M,38,2.9,GL,-1.51,0.751190476,1
15639,White,M,30,3.6,GL,0.3,0.717857143,1
15640,White,M,28,3.6,GL,1.51,0.692857143,1
15641,White,F,37,2.6,GL,1.1,0.710119048,1
15642,White,M,34,3.3,NE,-0.32,0.739285714,0
15644,White,F,37,3.1,GL,-0.8,0.757738095,1
15645,White,F,39,2.2,SE,0.03,0.69702381,1
15646,White,F,29,2.8,GL,-0.13,0.629166667,1
15647,White,F,39,2.7,SC,0.39,0.744642857,1
15648,White,F,37,2.7,GL,0.15,0.719642857,1
15649,White,F,36,3,SC,1.53,0.735714286,1
15651,White,F,40,2.4,GL,-0.44,0.728571429,1
15652,White,M,32,3.4,GL,-0.44,0.723809524,1
15653,White,M,34.5,2.6,GL,-1.03,0.678869048,1
15654,White,F,33,3.3,GL,0.2,0.726785714,1
15655,White,F,37,2.7,GL,0.03,0.719642857,1
15656,White,M,27,3.3,GL,-1.75,0.651785714,1
15657,White,M,28.5,3.4,GL,-0.44,0.680059524,1
15658,White,M,34,3.3,GL,-0.32,0.739285714,1
15663,White,F,38,2.4,GL,-0.63,0.703571429,1
15664,White,F,37,2.7,GL,-0.06,0.719642857,1
15667,White,F,36,3.1,GL,-0.84,0.745238095,1
15671,White,M,33,2.6,GL,-0.2,0.660119048,1
15673,White,M,37,3.7,GL,1.53,0.814880952,1
15674,White,F,42,2.7,GL,1.74,0.782142857,1
15675,White,F,40,2.3,GL,0.56,0.719047619,1
15676,White,F,37,2.9,GL,0.56,0.738690476,1
15677,White,F,39,2.5,GL,-1.63,0.725595238,1
15679,White,M,35,2.9,GL,0.39,0.713690476,1
15680,White,F,35,2.6,GL,-0.8,0.685119048,1
15681,White,F,37,3.2,SC,-0.32,0.767261905,0
15682,White,M,36,3,GL,-0.56,0.735714286,1
15683,White,F,34,3.6,NE,0.27,0.767857143,1
15685,White,M,28.3,2.9,GL,-1.11,0.629940476,1
15686,White,F,33.5,2.2,GL,-0.68,0.62827381,1
15688,White,M,33,2.9,GL,-0.44,0.688690476,1
15689,White,F,38,2.6,GL,-1.03,0.722619048,1
15690,White,F,36,2.7,GL,0.51,0.707142857,1
15691,White,F,39,2.7,GL,-0.2,0.744642857,1
15692,White,M,33,3.3,GL,-0.92,0.726785714,1
15693,White,M,31,3.5,GL,0.3,0.720833333,1
15694,White,F,41,2.6,GL,0.63,0.760119048,1
15696,White,F,44,2.5,GL,0.03,0.788095238,1
15697,White,M,38,3.2,GL,-1.39,0.779761905,1
15698,White,F,29.3,3,GL,0.41,0.651964286,1
15699,White,F,36,2.4,GL,1.93,0.678571429,1
15701,White,F,38,2.9,GL,-0.7,0.751190476,1
15702,White,F,31,3.2,GL,0.41,0.692261905,1
15703,White,M,36,2.6,GL,-0.56,0.697619048,1
15704,White,F,36,2.3,GL,-0.32,0.669047619,1
15705,White,M,33.5,3.2,GL,0.87,0.723511905,1
15706,Mexican,M,40,2.5,GL,0.15,0.738095238,1
15707,White,M,33,2.8,NE,1.08,0.679166667,1
15708,White,M,30,3.3,GL,1.39,0.689285714,1
15709,White,F,32,3.2,MW,1.46,0.704761905,1
15710,White,F,37,3.7,GL,2.17,0.814880952,1
15711,White,F,40,2.6,GL,-0.08,0.747619048,0
15712,White,F,35.5,2.7,Mt,-0.18,0.700892857,1
15714,White,M,34.5,3.5,GL,1.1,0.764583333,1
15715,White,F,32.5,2.3,GL,-0.68,0.625297619,1
15716,White,F,30,3.1,GL,0.63,0.670238095,1
15717,White,F,40,2.2,MW,-0.68,0.70952381,1
15718,White,F,31.5,2.7,GL,-0.32,0.650892857,1
15719,White,M,41,3.2,GL,0.75,0.817261905,1
15720,White,F,31,3.1,GL,-0.44,0.682738095,1
15721,White,F,35,2.7,GL,1.58,0.694642857,1
15722,White,M,30,3.1,GL,-0.11,0.670238095,1
15723,White,F,39,2.4,GL,0.87,0.716071429,1
15724,White,F,35.5,3.1,GL,-0.08,0.738988095,1
15725,White,F,38,3.2,GL,1.1,0.779761905,1
15726,White,F,36,2.8,GL,-0.56,0.716666667,1
15727,White,M,30.5,3.1,GL,0.27,0.676488095,1
15728,White,M,36,3.9,GL,1.22,0.821428571,1
15729,White,M,31,3.5,GL,0.63,0.720833333,1
15730,White,F,33,3.3,GL,-0.08,0.726785714,1
15731,White,F,31,2.7,GL,-1.03,0.644642857,1
15732,White,F,35,2.9,GL,0.98,0.713690476,1
15733,White,F,34,2.4,GL,-0.44,0.653571429,1
15734,White,F,33,3.2,GL,0.27,0.717261905,1
15735,White,F,36,2.6,GL,0.15,0.697619048,1
15736,White,F,31.3,2.5,GL,-1.77,0.629345238,1
15737,White,F,37,2.3,GL,0.75,0.681547619,1
15739,White,F,32,3.3,GL,-0.56,0.714285714,1
15740,White,M,34,3.4,GL,0.51,0.748809524,1
15741,White,M,27,3.7,GL,0.41,0.689880952,1
15742,White,F,35,2.9,GL,1.74,0.713690476,1
15744,White,M,35,3.6,GL,-1.22,0.780357143,1
15745,White,M,37,2.3,GL,-0.04,0.681547619,0
15746,White,F,31,3.2,GL,-0.63,0.692261905,1
15749,White,F,34,3.3,GL,1.15,0.739285714,1
15751,Other,F,41,2.4,GL,0.34,0.741071429,1
15752,White,M,29.7,3.8,GL,1.74,0.733154762,1
15753,White,M,33,3,GL,-1.03,0.698214286,1
15754,White,M,31,3.2,GL,-1.22,0.692261905,0
15756,White,M,33,3.1,GL,-0.44,0.707738095,1
15757,White,M,36,2.6,SE,-1.63,0.697619048,0
15759,White,F,37,2.8,GL,0.63,0.729166667,1
15760,White,F,37,2.4,GL,-0.99,0.691071429,0
15762,Puertorican,F,37,3,GL,0.87,0.748214286,1
15763,White,F,35,3.1,MW,1.01,0.732738095,1
15764,White,M,43,3.9,MW,2.11,0.908928571,1
15766,White,F,27,3,MW,-0.52,0.623214286,1
15767,White,F,28,2.5,GL,-0.52,0.588095238,1
15768,White,F,33,3,GL,0.94,0.698214286,1
15770,White,M,31,3.2,SC,-0.9,0.692261905,0
15771,White,F,28,2.4,GL,-0.36,0.578571429,1
15772,White,M,31.5,2.9,MW,0.07,0.669940476,1
15773,White,M,31,3.1,GL,-0.66,0.682738095,0
15774,White,F,33,2.4,MW,-0.47,0.641071429,1
15775,White,F,33,3.2,MW,1.01,0.717261905,1
15776,Amerindian,F,25,1.8,MW,-1.72,0.483928571,0
15777,White,M,36,3.2,GL,1.34,0.754761905,1
15779,White,M,33,3,GL,0.09,0.698214286,1
15780,White,F,31,2.7,MW,-0.52,0.644642857,1
15781,White,F,38,2.7,MW,0.51,0.732142857,1
15783,White,F,25,3.4,MW,-1.76,0.636309524,1
15784,White,M,36,3,Mt,-0.03,0.735714286,0
15785,White,M,33.5,3.7,MW,-1.53,0.771130952,1
15786,White,M,36,2.5,FW,-0.05,0.688095238,0
15787,White,M,29,3.4,MW,-0.36,0.686309524,1
15788,Other,M,34,2.8,MW,-1.6,0.691666667,1
15789,White,F,34.5,3.4,GL,0.56,0.755059524,1
15790,White,F,29,2.8,MW,-0.66,0.629166667,1
15792,White,F,27.5,3,GL,-1.34,0.629464286,1
15793,White,M,34,2.5,GL,1.12,0.663095238,1
15796,White,F,24,3.9,Mt,-1.32,0.671428571,0
15798,White,F,31,3.1,MW,-0.47,0.682738095,1
15800,White,F,27,3.7,Mt,-1.72,0.689880952,1
15801,White,F,40,3.3,MW,0.51,0.814285714,1
15802,White,F,35,3.2,GL,0.75,0.742261905,1
15803,White,F,37,3.6,MW,0.84,0.805357143,1
15804,White,F,30,2.7,GL,-1.01,0.632142857,1
15805,White,F,39,2.7,FW,1.24,0.744642857,1
15806,White,M,31,3.7,MW,-0.54,0.739880952,0
15807,White,F,36,3.1,Mt,1.08,0.745238095,1
15808,White,F,26,3.1,GL,-0.05,0.620238095,1
15809,White,F,41,3.1,MW,1.34,0.807738095,1
15810,White,M,33,3,GL,-0.1,0.698214286,1
15813,White,M,31,3,MW,-0.85,0.673214286,1
15815,White,M,35,3.4,GL,-1.51,0.761309524,0
15816,White,M,29,2.9,MW,-0.82,0.638690476,0
15817,White,M,36,4,MW,0.84,0.830952381,1
15818,White,F,33,3.7,MW,0.58,0.764880952,1
15819,White,M,29,2.5,MW,-1.32,0.600595238,0
15820,White,F,29,3.5,MW,0.16,0.695833333,1
15821,White,F,35,2.9,Mt,-0.73,0.713690476,0
15822,White,F,33,2.6,MW,1.01,0.660119048,1
15823,White,F,34,2.9,GL,-0.36,0.701190476,1
15825,White,M,26,3.6,MW,1.64,0.667857143,1
15827,White,F,27.5,3.3,GL,-0.47,0.658035714,1
15828,White,F,33,2.5,GL,-0.97,0.650595238,0
15829,White,F,25,2.4,GL,-0.24,0.541071429,1
15831,White,M,40,3.2,GL,1.99,0.804761905,1
15832,White,F,34.5,3.2,GL,0.33,0.736011905,1
15833,White,M,33,2.3,MW,-0.78,0.631547619,1
15834,White,F,33,2.7,NG,-0.33,0.669642857,1
15835,White,F,30,3.6,GL,-0.54,0.717857143,1
15836,White,F,32,2.9,GL,-0.43,0.676190476,0
15837,White,F,28,3,MW,-1.88,0.635714286,0
15838,White,F,33,3.7,GL,-0.52,0.764880952,1
15840,White,F,35,2.4,Mt,-0.4,0.666071429,0
15841,White,F,35,2.6,GL,-0.52,0.685119048,1
15842,White,F,35,3.2,MW,-0.92,0.742261905,0
15843,White,F,44,2.7,SC,-0.04,0.807142857,1
15844,White,M,27,3.7,MW,0.75,0.689880952,1
15845,White,F,34,2.8,GL,0.51,0.691666667,1
15846,White,M,42,3,GL,0.4,0.810714286,1
15847,White,F,30,2.1,GL,-0.47,0.575,1
15848,White,F,32.5,3.4,GL,-0.03,0.730059524,1
15849,White,F,32,3.4,GL,-0.73,0.723809524,1
15850,White,F,31.5,2.9,Mt,0.89,0.669940476,1
15851,White,F,33,2.9,GL,2.3,0.688690476,1
15854,White,F,41,2.3,MW,-0.47,0.731547619,1
15855,White,F,32,3,GL,1.24,0.685714286,1
15965,Black,M,24,2.6,SC,-1.46,0.547619048,0
15967,White,F,33,3.1,SC,-0.84,0.707738095,1
15968,White,F,29,3.2,SC,0.58,0.667261905,1
15969,Black,M,30,2.8,NE,-0.55,0.641666667,0
15970,Black,M,27,2.5,SC,-1.68,0.575595238,0
15971,White,F,32,3.5,SC,0.47,0.733333333,1
15973,White,F,35,3.4,GL,-0.29,0.761309524,1
15974,White,M,27,3.1,SC,0.47,0.632738095,1
15975,White,F,30,2.7,SC,-0.33,0.632142857,1
15977,White,M,31,3.3,SE,-1.17,0.701785714,0
15979,White,F,31,2.9,SC,1.49,0.663690476,1
15980,White,M,30,3.5,SC,0.67,0.708333333,1
15982,White,M,37,2.7,SC,-0.51,0.719642857,1
15983,White,F,39,4,SC,2.08,0.868452381,1
15984,Hispanic,F,34,2.3,SC,0.59,0.644047619,1
15986,White,F,36,2.9,SC,0.8,0.726190476,0
15987,White,F,36,3.3,SC,0.6,0.764285714,1
15988,Black,F,25.7,3.1,SE,-1.2,0.616488095,1
15989,White,M,33,3.1,SC,-1.26,0.707738095,0
15990,White,M,31.3,2.9,SC,0.54,0.667440476,1
15991,White,M,35,3,SC,-0.18,0.723214286,1
15992,White,F,33,3.1,SE,0.01,0.707738095,1
15993,White,F,32,3.2,SC,1.55,0.704761905,1
15994,White,F,31.7,2.1,SC,-0.28,0.59625,1
15995,White,M,33,3.3,NE,-0.63,0.726785714,1
15997,White,M,30,2.7,SC,-0.76,0.632142857,1
15999,White,F,36,3.5,SC,1.03,0.783333333,1
16000,Black,M,28,2.4,SC,-1.46,0.578571429,0
16001,White,M,30,3.8,SC,-0.08,0.736904762,0
16002,White,F,34,3.5,SC,0.61,0.758333333,1
16003,Hispanic,F,19.5,3.1,SC,-1.89,0.538988095,1
16004,White,F,40,2.5,SC,-1.39,0.738095238,0
16007,White,M,39,3.5,SC,1.16,0.820833333,1
16008,Black,F,23.5,3,SC,-1.39,0.579464286,0
16009,White,F,40,3.7,SC,2.07,0.852380952,1
16010,White,M,34.5,3.5,SE,0.03,0.764583333,1
16011,White,M,36,3,SC,0.37,0.735714286,1
16012,White,M,28,3.7,SC,-0.44,0.702380952,1
16015,White,M,38,3.1,SC,0.51,0.770238095,1
16016,White,M,27.3,3.1,SC,-0.28,0.636488095,1
16017,White,F,33,3.1,NE,-0.77,0.707738095,1
16019,White,F,31,2.8,NG,0.97,0.654166667,1
16020,White,F,34,3,SC,-0.15,0.710714286,1
16021,White,F,29.3,3.2,SC,-0.33,0.671011905,1
16022,White,F,33,3,SC,0.61,0.698214286,1
16023,White,F,31,3.2,MS,0.31,0.692261905,1
16024,White,F,37,3.8,SC,1.85,0.824404762,1
16025,White,F,35.5,3,SC,-0.48,0.729464286,1
16028,White,F,32,3.2,SC,-0.65,0.704761905,0
16029,White,F,34,2.9,SC,-0.97,0.701190476,1
16030,Black,M,33,3.1,SC,-0.4,0.707738095,1
16031,White,M,33,3.5,SC,0.54,0.745833333,1
16032,White,F,32,2.7,SC,-0.88,0.657142857,0
16033,White,M,41,3.7,SC,2.32,0.864880952,1
16034,White,F,32.5,3,NE,0.51,0.691964286,1
16036,White,F,34,3.2,SC,1.12,0.729761905,1
16037,White,M,30,3.4,SC,-0.59,0.698809524,1
16038,White,F,42,3.4,SC,-0.12,0.848809524,1
16039,Hispanic,M,29,4,SC,0.36,0.743452381,0
16040,White,M,26,3.2,SC,-1.23,0.629761905,0
16041,White,F,39,2.7,SC,1.63,0.744642857,1
16042,White,F,36,3.9,SC,0.72,0.821428571,1
16043,White,F,30.5,3,SC,0.94,0.666964286,1
16044,White,M,31,2.9,SC,-0.97,0.663690476,1
16045,White,M,40,3.4,SC,0.94,0.823809524,1
16046,White,F,35,3.8,SC,0.65,0.799404762,1
16047,White,F,27.7,3,SE,-0.04,0.631964286,1
16048,White,M,30.5,3.3,SC,0.49,0.695535714,1
16051,Black,M,31,3.6,SC,0.76,0.730357143,1
16052,Black,M,26,3.1,SC,-1.13,0.620238095,0
16053,White,F,31.5,3,SE,-1.46,0.679464286,0
16054,White,F,45,3.1,SC,1.33,0.857738095,1
16056,White,M,34,2.9,SC,-0.26,0.701190476,1
16057,White,F,43,2.5,SC,0.05,0.775595238,1
16058,White,F,36,2.9,MS,0.32,0.726190476,1
16059,White,F,33,3,SC,0.4,0.698214286,1
16060,White,F,34,3,SE,-0.33,0.710714286,1
16061,White,F,34,3.1,SE,-0.18,0.720238095,1
16064,White,M,33,3.3,SC,0.72,0.726785714,1
16065,White,M,28.5,3.1,SC,-0.33,0.651488095,1
16066,White,M,37,2.9,SC,1.01,0.738690476,1
16068,White,M,31,2.8,SC,1.71,0.654166667,1
16069,White,M,39,3.4,SC,0.32,0.811309524,0
16070,White,M,32,2.7,SC,-0.69,0.657142857,1
16071,White,F,33.5,2.8,SE,1.02,0.685416667,1
16072,White,F,32,2.3,SC,0.22,0.619047619,1
16073,White,M,36,3.3,GL,0.61,0.764285714,1
16074,White,M,30.5,2.9,SE,-0.37,0.657440476,1
16075,White,F,32.5,3.1,SC,-1.31,0.701488095,0
16076,White,F,36,2.9,SC,-0.59,0.726190476,1
16077,Black,M,23.5,2.6,SC,-0.69,0.541369048,0
16078,White,M,32,2.9,MW,0.8,0.676190476,1
16079,Black,M,22,3.5,SC,-0.37,0.608333333,0
16080,Black,M,21,2.5,SC,-1.13,0.500595238,1
16081,White,M,33,3.7,SC,0.38,0.764880952,1
16082,Black,M,32.5,2.5,SC,-1.24,0.644345238,0
16083,Mexican,M,29,2.9,SC,-0.82,0.638690476,0
16085,White,F,35,2.7,MW,0.32,0.694642857,1
16086,Black,M,25,2.4,MS,-0.33,0.541071429,0
16088,White,F,31.3,2.9,SC,0.03,0.667440476,1
16089,White,F,29.7,3.1,SC,-1.17,0.666488095,0
16090,White,F,30,2.8,SC,-0.33,0.641666667,1
16091,White,M,33.5,2.9,SC,0,0.694940476,1
16092,White,M,33,3,SC,0.32,0.698214286,1
16093,White,F,27,3.4,SC,1.55,0.661309524,1
16094,Hispanic,M,23,2.8,SE,-1.77,0.554166667,0
16096,White,M,36,2.9,SC,-0.44,0.726190476,1
16097,White,F,23,3.6,SC,-1.42,0.630357143,0
16098,White,F,30.7,3,SC,-0.15,0.669464286,0
16099,White,F,28.5,3.6,SC,0,0.699107143,1
16100,White,F,26,2.5,MS,-0.69,0.563095238,1
16101,White,M,33,4,SC,-0.11,0.793452381,1
16103,White,M,31,3.4,NW,-1.27,0.711309524,1
16104,White,F,31,3.5,SC,1.16,0.720833333,1
16105,White,M,45,3.3,SC,1.34,0.876785714,1
16106,Black,M,23.5,2.6,SC,-1.16,0.541369048,1
16108,White,M,30,3.4,SC,1.56,0.698809524,1
16109,Other,F,33,2.8,SC,-0.12,0.679166667,1
16110,White,F,38,2.6,SC,-0.33,0.722619048,0
16111,White,F,29.5,2.9,SC,-0.55,0.644940476,1
16112,White,M,32,3.3,SC,0.9,0.714285714,1
16113,White,F,34,2.8,SC,1.92,0.691666667,1
16114,Black,M,22,2.8,SC,-0.05,0.541666667,1
16115,Other,M,25.5,3,SC,-0.91,0.604464286,1
16116,White,M,32,3.9,SC,1.31,0.771428571,1
16117,White,M,40,3.9,NE,0.83,0.871428571,1
16118,White,M,24.5,2.4,SC,-0.71,0.534821429,1
16119,White,M,36,3.4,MS,1.45,0.773809524,1
16120,White,M,31,3.2,NE,-1.2,0.692261905,1
16121,Hispanic,F,27,3,SC,-0.94,0.623214286,1
16122,White,F,32,3.1,SC,0.36,0.695238095,0
16123,White,F,31,3,SE,0.87,0.673214286,1
16124,White,M,33,3.4,SC,-0.15,0.736309524,1
16125,White,M,32,2.9,SC,0.11,0.676190476,1
16126,White,F,33,2.9,SC,0.07,0.688690476,1
16128,White,M,32,3.1,SC,-0.97,0.695238095,0
16131,White,M,28.3,3.3,SC,1.02,0.668035714,1
16132,White,M,38,3.5,SC,2.36,0.808333333,1
16133,White,F,27.5,2.9,SC,-0.33,0.619940476,1
16134,White,F,31,3,SC,0.4,0.673214286,0
16135,White,M,32.5,3,SC,1.49,0.691964286,1
16136,White,F,27.3,3.2,SC,1.09,0.646011905,1
16137,Black,M,24,2.8,SC,-1.1,0.566666667,0
16138,White,M,32,3,SE,-0.51,0.685714286,1
16139,Black,M,28,3.8,SC,-1.46,0.711904762,0
16140,White,M,40,2.6,SC,1.22,0.747619048,1
16141,White,F,32,2.7,SE,1.16,0.657142857,1
16144,White,M,32.5,3.1,SC,0.47,0.701488095,1
16145,White,M,35,3,SC,0.22,0.723214286,1
16147,White,M,39,2.9,SE,0.8,0.763690476,1
16149,White,F,31,3.2,SC,0.9,0.692261905,1
16150,White,M,40,3.4,SC,1.34,0.823809524,1
16152,White,F,32,3,MS,-0.33,0.685714286,0
16153,White,M,35,3.9,SC,1.55,0.808928571,1
16159,White,F,42,3.1,FW,-0.2,0.820238095,1
16160,White,F,42,2.9,NE,-0.24,0.801190476,1
16161,White,M,39,3.6,NE,1.22,0.830357143,1
16162,Mexican,M,25,3.5,Mt,0,0.645833333,1
16164,White,F,39,3.4,NE,-0.17,0.811309524,1
16165,White,M,43,3.8,NG,1.01,0.899404762,1
16167,White,M,35,3.4,NE,0.3,0.761309524,1
16168,White,M,35.5,3.4,Mt,-1.15,0.767559524,1
16169,White,F,40,3.3,NG,0.94,0.814285714,1
16173,Black,M,33,2.8,Mt,-0.28,0.679166667,1
16174,Mexican,F,33,2.8,Mt,-0.38,0.679166667,1
16176,Mexican,F,32,2.9,Mt,-1.68,0.676190476,0
16177,Black,F,30,2.7,Mt,-1.07,0.632142857,0
16178,Mexican,F,33,3.4,Mt,-0.49,0.736309524,1
16179,Hispanic,M,30,2.9,Mt,-1.16,0.651190476,1
16180,Mexican,M,29.7,3.1,Mt,-0.85,0.666488095,1
16181,Hispanic,M,31,3.2,Mt,-1.26,0.692261905,1
16182,White,M,39,3.7,Mt,-1.32,0.839880952,1
16184,Amerindian,F,31,2.6,Mt,-1.05,0.635119048,1
16185,Black,F,34,2.8,Mt,-1.15,0.691666667,1
16186,Mexican,M,32,2.8,Mt,-1.32,0.666666667,0
16189,Black,F,33,3,Mt,-1.72,0.698214286,0
16191,White,M,47,3.9,GL,0.22,0.958928571,1
16192,White,M,45,3.9,GL,1.81,0.933928571,1
16193,White,F,47,3.9,GL,0.79,0.958928571,1
16194,White,F,48,3.7,GL,-0.04,0.952380952,1
16195,White,M,45,3.7,GL,-0.43,0.914880952,1
16196,White,M,39.5,3.6,GL,-0.69,0.836607143,1
16197,White,F,44,3.9,GL,-1.08,0.921428571,1
16200,White,M,44,3.4,MS,0.88,0.873809524,1
16201,White,M,47,3.7,FW,1.39,0.939880952,1
16202,White,F,45,3.6,GL,0.45,0.905357143,1
16203,Asian,M,45,3.6,FW,0.37,0.905357143,1
16204,White,M,47,3.6,GL,-1.1,0.930357143,1
16206,White,M,42,3.7,GL,-0.43,0.877380952,1
16207,White,F,46,3.5,GL,-0.18,0.908333333,1
16208,White,F,47,3.6,GL,0.37,0.930357143,1
16209,White,M,47,3.4,NE,-0.33,0.911309524,1
16211,White,F,48,3.3,GL,0.95,0.914285714,1
16212,White,F,47,3.7,SC,-0.15,0.939880952,1
16213,Asian,F,47,3.6,NE,-0.93,0.930357143,1
16214,White,F,44,3.9,GL,-1.01,0.921428571,1
16215,White,F,44,4,GL,0.56,0.930952381,1
16216,Hispanic,M,39,3.3,Mt,-1.53,0.801785714,0
16217,White,F,48,3.4,NE,0.83,0.923809524,1
16218,White,M,45,3.8,GL,-2.08,0.924404762,1
16219,White,F,46,3.7,GL,2.64,0.927380952,1
16220,Puertorican,F,39.5,3.3,MS,-1.62,0.808035714,1
16221,White,F,46,3.1,NE,1,0.870238095,1
16222,White,F,47,3.9,GL,-0.83,0.958928571,1
16223,White,M,48,3.4,FW,1.38,0.923809524,1
16224,White,F,47,3.6,GL,1.15,0.930357143,1
16225,White,M,45,3.9,GL,0.05,0.933928571,1
16226,White,F,48,3.8,GL,-0.89,0.961904762,1
16227,White,M,46,3.6,NG,-0.07,0.917857143,1
16229,White,F,48,3.7,FW,1.77,0.952380952,1
16231,White,F,47,3.4,NE,1.31,0.911309524,1
16233,White,F,47,3.7,GL,-0.28,0.939880952,1
16234,White,F,43,3.9,FW,0.44,0.908928571,1
16236,Asian,F,45,3.1,NE,-0.51,0.857738095,1
16237,White,F,44,3.6,NE,-0.67,0.892857143,1
16238,White,M,45,3.4,FW,0.66,0.886309524,1
16240,White,F,47,4,GL,-0.78,0.968452381,1
16241,White,M,46,3.3,GL,-0.77,0.889285714,1
16242,White,M,44,3.3,GL,-1.55,0.864285714,1
16244,White,M,45,3.7,FW,-1.36,0.914880952,1
16245,White,M,44,3.9,GL,-0.88,0.921428571,1
16246,White,F,47,3.8,SC,0.25,0.949404762,1
16247,White,M,45,3.4,SC,0.14,0.886309524,1
16248,White,M,42,3.6,GL,-1.62,0.867857143,1
16250,White,M,45,3.9,NE,-0.66,0.933928571,1
16251,White,M,47,3.6,NE,0.98,0.930357143,1
16252,White,M,40.5,4,SC,-0.68,0.887202381,1
16253,White,F,47,3.6,FW,0.75,0.930357143,1
16254,White,F,44,3.8,FW,0.39,0.911904762,1
16255,White,F,46,3.3,MS,0.42,0.889285714,1
16256,White,M,48,3.2,GL,0.21,0.904761905,1
16257,White,F,45,3.8,GL,0.11,0.924404762,1
16259,Asian,M,45,3.6,GL,-0.06,0.905357143,1
16260,Hispanic,M,48,3,GL,0.55,0.885714286,1
16261,White,M,45,3.1,GL,0.92,0.857738095,1
16263,White,F,47,3.5,GL,0.47,0.920833333,1
16264,White,F,48,3.4,NE,0.29,0.923809524,1
16265,White,F,47,3.7,SE,-0.32,0.939880952,1
16266,White,M,46,3.9,FW,1.76,0.946428571,1
16267,White,F,48,3.6,NE,1.16,0.942857143,1
16268,Asian,F,46,3.9,GL,-0.97,0.946428571,1
16270,White,M,44,3.6,NE,-0.64,0.892857143,1
16273,White,F,48,3.8,NE,-0.03,0.961904762,1
16274,White,M,47,3.9,SC,1.39,0.958928571,1
16275,Black,M,41,2.6,NE,-0.06,0.760119048,1
16276,White,F,46,3.7,MS,1.41,0.927380952,1
16277,Black,M,40,2.9,GL,-2.44,0.776190476,1
16278,White,M,48,3.7,NE,0.26,0.952380952,1
16280,White,F,48,3.7,GL,-0.14,0.952380952,1
16281,White,F,46,3.8,GL,1.55,0.936904762,1
16282,White,F,43,3.6,GL,0.63,0.880357143,1
16283,White,F,46,3.5,NE,-1.33,0.908333333,1
16284,White,F,46,3.6,GL,-1.27,0.917857143,1
16285,Other,F,48,3.9,GL,1.89,0.971428571,1
16287,White,M,47,3.9,MS,0.52,0.958928571,1
16288,Black,F,43,3,GL,-0.92,0.823214286,1
16289,White,M,41,3.6,NE,-0.84,0.855357143,1
16290,White,F,47,3.5,NE,0.27,0.920833333,1
16291,White,M,42,3.7,GL,0.51,0.877380952,1
16292,White,F,45,4,MW,1.4,0.943452381,1
16293,White,M,48,3.7,NE,1.09,0.952380952,1
16294,Asian,M,45,3.7,NG,0.82,0.914880952,1
16295,White,M,46,3.7,FW,0.56,0.927380952,1
16296,Black,F,40,3.5,MW,-0.81,0.833333333,1
16297,White,F,46,3.5,GL,0.35,0.908333333,1
16298,White,F,47,3.6,GL,-0.89,0.930357143,1
16299,White,M,45,4,GL,-0.49,0.943452381,1
16300,White,F,44,4.1,NE,1.03,0.94047619,1
16301,White,M,46,3.6,NE,-0.14,0.917857143,1
16302,White,M,47,3.7,GL,0.1,0.939880952,1
16303,White,M,47,3.7,NG,0.83,0.939880952,1
16304,Black,F,39,3.4,GL,-1.79,0.811309524,1
16305,White,M,47,3.9,NE,0.01,0.958928571,1
16306,White,M,42,3.8,MW,-0.48,0.886904762,1
16307,White,F,47,2.8,GL,0.29,0.854166667,1
16308,White,F,47,3.8,SC,0.5,0.949404762,1
16309,White,F,44,3.4,NG,1.09,0.873809524,1
16310,Black,F,33,3.7,SE,-3.21,0.764880952,0
16311,White,F,46,3.9,FW,1.04,0.946428571,1
16312,White,F,47,3.6,NE,0.62,0.930357143,1
16313,White,M,45,3.6,GL,-0.57,0.905357143,1
16314,White,F,41,3.7,GL,0.15,0.864880952,1
16316,White,M,45,3.5,GL,-0.96,0.895833333,1
16317,White,F,46,3.7,GL,-0.16,0.927380952,1
16318,White,M,46,3.1,GL,-0.55,0.870238095,1
16319,White,F,46,3.5,GL,-1.43,0.908333333,1
16320,White,F,44,3.6,FW,0.82,0.892857143,1
16321,White,M,45,3.6,FW,0.49,0.905357143,1
16322,White,F,45,3.9,NE,-0.78,0.933928571,1
16323,White,M,44,3.6,FW,0.42,0.892857143,1
16324,White,F,44,3.9,GL,1.07,0.921428571,1
16325,White,F,44,4,GL,0.42,0.930952381,1
16327,Black,M,41,3.2,NE,1,0.817261905,1
16328,White,M,46,3.7,GL,-0.98,0.927380952,1
16329,Black,M,31,3.6,MW,-0.83,0.730357143,1
16330,Black,F,42,3,GL,-2.25,0.810714286,1
16331,White,M,43,3,MS,-0.59,0.823214286,0
16332,White,F,43,3.9,GL,-0.01,0.908928571,1
16333,Black,M,42,2.8,NE,0.02,0.791666667,1
16334,White,M,44,3.7,GL,0.58,0.902380952,1
16335,Hispanic,F,43,3.5,GL,0.52,0.870833333,1
16336,White,F,47,3.5,FW,-1.3,0.920833333,0
16337,Black,F,38,3,GL,0.04,0.760714286,1
16338,White,F,44,3.8,FW,0.37,0.911904762,1
16339,White,F,46,3.8,FW,1.02,0.936904762,1
16340,Black,M,38,3.7,GL,-1.44,0.827380952,1
16341,White,F,47,3.6,GL,-0.25,0.930357143,1
16343,White,M,29,3.3,NE,-0.44,0.676785714,1
16345,Other,F,35,2.9,NG,0.85,0.713690476,1
16346,White,F,37,3.5,NE,0.92,0.795833333,1
16347,White,F,33,3.5,NG,-0.24,0.745833333,1
16348,White,F,33,2.9,MS,1.09,0.688690476,1
16350,White,F,36,3.6,NG,1.95,0.792857143,1
16351,White,F,45,3.8,NE,-0.29,0.924404762,1
16352,White,F,42,2.2,NG,-1.03,0.73452381,1
16356,White,M,42,3.3,GL,0.92,0.839285714,1
16357,White,F,45,3,GL,0.64,0.848214286,1
16360,White,M,42,3.1,NE,-0.66,0.820238095,1
16361,White,M,30.5,3.5,GL,0.73,0.714583333,1
16362,White,F,42,3.4,FW,0.24,0.848809524,1
16403,White,M,45,3.4,NW,0.17,0.886309524,1
16427,White,M,42,3.4,Mt,-0.79,0.848809524,1
16429,White,F,44,3.4,NW,-0.1,0.873809524,1
16430,Black,M,36,2.7,MS,-1.17,0.707142857,0
16444,White,F,43.5,3.5,NE,0.74,0.877083333,1
16451,Asian,F,32.5,3.1,FW,-1.36,0.701488095,0
16452,White,F,40,3.7,NW,-0.05,0.852380952,1
16455,White,F,48,3.3,FW,0.97,0.914285714,1
16460,White,F,40,3.8,NE,0.65,0.861904762,1
16462,White,F,42,3.3,FW,-0.52,0.839285714,1
16469,White,F,41,3.2,FW,-1.17,0.817261905,0
16479,White,F,45,3.4,Mt,0.83,0.886309524,1
16480,Asian,M,35,3.2,FW,-1.25,0.742261905,1
16522,White,F,37,3.6,MS,0.63,0.805357143,1
16523,White,F,36,2.5,MW,-0.59,0.688095238,1
16524,White,F,28,3.1,GL,-0.44,0.645238095,1
16525,White,F,38,4,MW,0.61,0.855952381,1
16527,Puertorican,F,32,1.9,MS,-1.9,0.580952381,0
16529,White,M,44,4,MW,1.62,0.930952381,1
16530,Hispanic,F,29,3,MS,-0.11,0.648214286,1
16531,Amerindian,F,26,3.4,FW,-0.99,0.648809524,0
16532,Amerindian,F,24,2.6,SC,-0.8,0.547619048,0
16533,White,M,40,3.5,GL,2.34,0.833333333,1
16534,White,F,38,3.8,MW,0.45,0.836904762,1
16535,White,F,40,3.7,Mt,0.85,0.852380952,1
16536,White,F,42,3,MW,1.46,0.810714286,1
16538,White,F,42,3.7,GL,1.34,0.877380952,1
16539,White,M,38,3.8,MW,0.54,0.836904762,1
16540,White,F,38,3.5,NE,-0.33,0.808333333,1
16541,White,F,42,3.2,MW,-0.52,0.829761905,0
16542,White,F,44,3,MW,-0.05,0.835714286,1
16543,Black,F,19.3,3.2,GL,-1.65,0.546011905,1
16544,White,M,41,3.8,MW,0.48,0.874404762,1
16545,White,M,36,3.9,MW,0.86,0.821428571,1
16546,White,F,45,3.1,MW,1.3,0.857738095,1
16549,White,M,38,3.9,MW,0.81,0.846428571,1
16550,White,F,45,3.6,MW,0.98,0.905357143,1
16551,White,F,42,3.5,MW,0.24,0.858333333,1
16552,White,F,38,3.8,MW,1.6,0.836904762,1
16553,White,F,39,3.8,FW,0.15,0.849404762,1
16555,White,F,46,2.9,FW,0.46,0.851190476,1
16558,White,M,35,3.9,MW,0.32,0.808928571,1
16559,White,M,46,3.3,MW,-0.12,0.889285714,1
16560,White,M,38,3.6,FW,-0.05,0.817857143,1
16562,White,F,35,3.9,MW,0.8,0.808928571,1
16563,White,F,40,3.9,MW,0.91,0.871428571,1
16564,White,M,41,4.2,MW,0.85,0.9125,1
16565,White,M,41,3.4,MW,1.02,0.836309524,1
16566,White,F,42,4,MW,-0.29,0.905952381,1
16567,Black,F,39,2.4,GL,-0.06,0.716071429,1
16568,Black,M,27,2.9,GL,-1.95,0.613690476,1
16569,Asian,M,33.5,3.5,GL,-0.44,0.752083333,1
16570,White,M,36,3.9,MW,0.92,0.821428571,1
16572,White,F,38,3.8,GL,1.52,0.836904762,1
16573,White,M,44,3.7,MW,1.02,0.902380952,1
16574,White,M,43,3.3,GL,0.44,0.851785714,1
16575,Black,F,22,2.5,MW,-1.54,0.513095238,0
16576,White,M,46,3.3,MW,1.27,0.889285714,1
16577,Mexican,F,26,2.7,MW,-2.17,0.582142857,0
16578,White,F,42,3.2,MW,-0.28,0.829761905,1
16579,White,F,36,3.7,MW,-0.02,0.802380952,1
16582,White,F,39,3.3,MW,-0.6,0.801785714,1
16583,White,F,38,3.6,MW,-0.21,0.817857143,1
16584,Black,M,27,3.4,GL,-1.39,0.661309524,1
16586,White,F,40,3.7,FW,1.23,0.852380952,1
16587,Black,M,28,3.7,SE,-1.8,0.702380952,1
16588,White,F,38,3.3,MW,-1.02,0.789285714,1
16589,White,M,36,3.9,MW,-0.63,0.821428571,0
16590,White,F,43,3.5,GL,1.07,0.870833333,1
16591,White,M,36,3.8,MW,-0.34,0.811904762,1
16592,White,M,39,3.6,MW,0.96,0.830357143,1
16593,White,F,41,4,GL,2.02,0.893452381,1
16594,White,F,44,3.3,MW,-0.06,0.864285714,1
16597,White,M,41,2.8,FW,-0.24,0.779166667,1
16598,White,F,39,3.5,GL,1.44,0.820833333,1
16599,White,F,40,3.4,NE,0.1,0.823809524,1
16600,White,F,38,3.9,MW,-0.16,0.846428571,1
16601,White,F,37,3.8,MW,0.06,0.824404762,1
16602,White,F,37,3.7,MW,0.41,0.814880952,1
16603,White,F,40,3.6,MW,0.61,0.842857143,1
16604,White,M,40,3.9,MW,0.13,0.871428571,1
16605,White,F,38,3.9,GL,1.63,0.846428571,1
16607,White,M,43,3.4,GL,-0.04,0.861309524,1
16608,Black,M,35,2.9,GL,-0.02,0.713690476,1
16609,White,F,37,4,MW,-0.25,0.843452381,1
16611,White,F,40,3.9,MW,1.02,0.871428571,1
16612,Black,M,25,2.9,GL,-1.11,0.588690476,1
16613,White,M,45,4,GL,1.95,0.943452381,1
16614,White,F,44,3.4,MW,-0.5,0.873809524,1
16615,White,M,41,3.4,MW,-0.35,0.836309524,1
16616,White,M,39,3.5,MW,-1.03,0.820833333,0
16617,White,F,40,3.4,Mt,0.05,0.823809524,1
16618,White,F,41,3.3,GL,1.18,0.826785714,1
16619,White,M,38,3.7,Mt,-0.28,0.827380952,1
16620,White,M,28,3.7,MW,-1.28,0.702380952,0
16621,Asian,F,38,2.9,MW,-0.58,0.751190476,0
16623,Black,M,34,2.9,GL,-1.62,0.701190476,1
16624,White,F,39,3.7,GL,0.37,0.839880952,1
16625,White,F,42,3.8,GL,-0.69,0.886904762,1
16626,White,F,34,3.6,MW,-0.42,0.767857143,1
16627,Mexican,M,40,3.5,MW,-0.22,0.833333333,1
16628,White,M,45,3.8,MW,-0.86,0.924404762,0
16629,White,F,41,3.3,MW,-0.19,0.826785714,1
16630,White,M,37.5,4,GL,0.61,0.849702381,1
16631,White,M,41,3.9,MW,0.46,0.883928571,1
16632,White,M,40,3.4,MW,0.88,0.823809524,1
16633,Black,F,34,2.3,MW,-0.54,0.644047619,0
16634,Asian,M,34,3.3,GL,-0.76,0.739285714,1
16635,Black,F,31.5,2.6,GL,-0.75,0.641369048,0
16637,Other,M,40,3.1,MS,-1.31,0.795238095,0
16639,White,M,40,3.8,MW,-0.02,0.861904762,1
16642,White,M,41,3.6,GL,0.32,0.855357143,1
16643,White,M,42,3.7,MW,1.29,0.877380952,1
16644,White,M,43,3.8,GL,1.15,0.899404762,1
16645,White,M,37,3.6,MW,-0.21,0.805357143,1
16648,Mexican,M,26.5,3,GL,-1.54,0.616964286,1
16649,Mexican,M,32,2.7,MW,-1.04,0.657142857,0
16650,White,F,44,3.8,Mt,1.9,0.911904762,1
16651,White,F,42,3.8,MW,0.91,0.886904762,1
16652,White,M,46,3.8,MW,1.33,0.936904762,1
16653,White,M,41,4,MW,0.13,0.893452381,1
16654,White,M,40,3.4,MW,0.09,0.823809524,1
16655,White,M,38,3.8,MW,0.39,0.836904762,1
16658,White,M,41,3.9,MW,0.46,0.883928571,1
16660,Black,F,34,2,MW,-1.22,0.61547619,1
16661,White,F,42,3.1,GL,-0.56,0.820238095,1
16662,White,F,39,3.6,MW,-0.69,0.830357143,1
16663,White,F,43,3.6,MW,-0.28,0.880357143,1
16664,White,M,32.5,3.8,MW,-0.16,0.768154762,1
16666,Black,M,34,2.7,GL,-1.47,0.682142857,1
16667,White,F,42,3.6,NE,0.87,0.867857143,1
16669,White,F,44,3.7,MW,0.94,0.902380952,1
16670,White,M,37,3.8,GL,-0.52,0.824404762,1
16671,White,M,39,3.6,MW,0,0.830357143,1
16672,White,F,42,3.4,MW,-0.97,0.848809524,0
16673,White,F,46,3.3,Mt,0.24,0.889285714,1
16674,White,F,33,3.5,MW,0.35,0.745833333,1
16675,White,M,42,3.6,MW,0.94,0.867857143,1
16676,White,M,40,3.2,NG,-1.23,0.804761905,1
16677,White,F,42,3,SC,0.78,0.810714286,1
16679,White,F,31,2.1,MW,-0.66,0.5875,1
16681,White,F,43,3.6,MW,0.95,0.880357143,1
16683,White,F,34,3.6,MW,-0.07,0.767857143,1
16684,White,F,36,3.7,SC,-0.34,0.802380952,1
16686,White,M,36,3.4,MW,-0.09,0.773809524,1
16687,White,M,39,4,MW,0.82,0.868452381,1
16688,White,M,30,2.7,GL,0.22,0.632142857,1
16691,White,F,39,3.5,MW,-0.04,0.820833333,1
16693,White,M,44,3.3,FW,0.34,0.864285714,1
16694,White,F,42,3.5,MW,0.85,0.858333333,1
16695,Black,F,35,3,GL,-0.85,0.723214286,1
16697,White,F,41,4,MW,1.64,0.893452381,1
16699,Mexican,F,22,2.9,MW,-1.31,0.551190476,0
16700,White,M,36,3.9,MW,0.19,0.821428571,0
16701,White,M,37,3.9,MW,1.91,0.833928571,1
16702,White,F,42,3.9,NE,-0.49,0.896428571,1
16703,White,F,42.5,3.7,NE,1.02,0.883630952,1
16704,White,F,46,3.5,NE,-0.39,0.908333333,1
16705,White,F,40,3.5,NE,-1.57,0.833333333,1
16706,White,F,41,3.5,NG,1,0.845833333,1
16707,Asian,F,36,3.9,NE,-0.08,0.821428571,1
16708,White,F,39.5,3.3,NE,1.02,0.808035714,1
16709,Amerindian,F,41,3,NE,0.42,0.798214286,1
16710,White,M,40,3.4,NE,0.85,0.823809524,1
16711,White,F,46,3.2,NE,0.83,0.879761905,1
16712,White,F,48,2.9,NG,1.26,0.876190476,1
16713,White,M,42,3.3,NE,-0.25,0.839285714,1
16714,Puertorican,F,41,2.5,NE,-1.6,0.750595238,1
16715,White,M,38.5,3.2,NE,-0.13,0.786011905,1
16716,Black,M,30,3.4,SE,-2.03,0.698809524,1
16717,White,F,42,3.4,NE,0.4,0.848809524,1
16718,White,M,41,3.8,NE,1.05,0.874404762,1
16719,White,M,38,3.7,NG,-1.02,0.827380952,1
16720,White,M,41,2.7,NE,-0.18,0.769642857,1
16721,White,F,33,3.1,NE,-0.8,0.707738095,1
16722,Asian,F,42,2.7,NE,0.81,0.782142857,1
16723,White,M,42,3.4,NE,0.16,0.848809524,1
16724,White,F,42,3.6,NE,-0.8,0.867857143,1
16725,White,M,44,3,NE,1.43,0.835714286,1
16726,White,F,47,2.8,NG,1.12,0.854166667,1
16727,White,M,42,3.3,NE,1.02,0.839285714,1
16728,White,F,43,3.4,NE,1.77,0.861309524,1
16729,White,F,44,3.3,NE,1.55,0.864285714,1
16730,White,M,35,2.9,NG,0.45,0.713690476,1
16731,White,F,41,3.6,NG,0.33,0.855357143,1
16732,White,M,40,3.7,NE,-1.45,0.852380952,1
16733,White,M,42,3.5,NE,1,0.858333333,1
16734,White,M,40,3.6,NE,0.33,0.842857143,1
16735,White,M,37,3.1,NE,-0.73,0.757738095,1
16736,White,M,42,3.6,NE,1.05,0.867857143,1
16737,White,M,38,3.7,NE,0.57,0.827380952,1
16738,White,M,39,3.5,NE,-0.44,0.820833333,1
16739,White,F,39,3.2,NG,0.45,0.792261905,1
16740,White,F,41,3.2,NE,-0.75,0.817261905,1
16741,White,M,47,2.8,NE,1.43,0.854166667,1
16742,White,F,41,3,NG,0.13,0.798214286,1
16743,Other,M,34,3.2,NE,-1.09,0.729761905,0
16744,White,F,37,3.6,NE,0.18,0.805357143,1
16745,White,F,40,3.4,NE,0.16,0.823809524,1
16746,White,F,42,3.3,NE,0.23,0.839285714,1
16747,White,F,41,3.1,NE,-0.71,0.807738095,1
16748,White,M,41,3.2,NE,0.97,0.817261905,1
16749,White,M,40,2.7,NE,-1.76,0.757142857,1
16750,White,M,47,3,NE,0.78,0.873214286,1
16751,White,F,42,3.3,NE,1.46,0.839285714,1
16752,White,M,43,3.2,NE,0.73,0.842261905,1
16753,White,F,41,2.8,SE,-0.39,0.779166667,1
16754,White,M,39.5,3.4,NE,-1.02,0.817559524,0
16755,White,F,41,3.4,NE,-0.23,0.836309524,1
16756,White,M,38,3.5,NE,-0.32,0.808333333,1
16757,Hispanic,M,34,3.6,NE,-0.85,0.767857143,1
16758,White,M,42,3.7,NE,0.4,0.877380952,1
16759,Hispanic,M,43,2.9,NE,0.81,0.813690476,1
16760,White,M,38.5,3.5,NE,0.3,0.814583333,1
16761,White,M,38,3.7,NE,-0.32,0.827380952,1
16762,Asian,F,38,2.9,NE,-0.75,0.751190476,1
16763,White,F,40,3.4,NE,0.25,0.823809524,1
16764,White,F,47,2.9,NE,0.71,0.863690476,1
16765,White,F,41,3.4,NE,0.04,0.836309524,1
16766,White,M,39,3.4,NE,1.62,0.811309524,1
16767,White,F,43,2.5,NE,-0.2,0.775595238,1
16769,Puertorican,M,42,3.2,NE,0.3,0.829761905,1
16770,White,M,39.5,3.5,GL,-1.28,0.827083333,1
16771,White,F,39,3.1,NE,-0.01,0.782738095,1
16772,White,F,43,3.2,SE,0.85,0.842261905,1
16773,Black,M,29,2.5,NE,-1.26,0.600595238,0
16774,White,F,30,3.9,NE,0.42,0.746428571,1
16775,White,M,40,3.6,NE,-0.37,0.842857143,1
16776,White,M,41,3.7,NE,-1.33,0.864880952,1
16777,White,F,42,3.5,NG,0.25,0.858333333,1
16778,White,F,44,3.5,NG,0.49,0.883333333,1
16779,White,F,41,3.7,NE,0.47,0.864880952,1
16780,White,M,39.5,3.6,NE,-0.44,0.836607143,1
16781,White,F,43,3.1,NE,0.47,0.832738095,1
16782,White,F,40,3.7,NE,-2.51,0.852380952,1
16783,White,F,38,3.8,NE,0.9,0.836904762,1
16784,Asian,F,39,3.3,NE,-0.92,0.801785714,1
16785,White,M,30,3.7,NE,-1.81,0.727380952,0
16786,White,F,40,3,NE,-0.61,0.785714286,1
16787,White,M,39,3.2,NE,-0.08,0.792261905,1
16788,White,M,36,3.6,NG,0.33,0.792857143,1
16789,White,F,40,3.7,NE,-0.8,0.852380952,1
16790,Black,F,39,2.7,NE,-1.38,0.744642857,1
16791,Black,M,28.5,2.5,NE,-1.19,0.594345238,0
16792,White,M,35,3.3,NE,-0.15,0.751785714,1
16793,White,M,38,3.6,NE,-0.44,0.817857143,1
16794,White,M,39,4,NE,1.67,0.868452381,1
16795,White,F,41,3.2,NE,1.46,0.817261905,1
16796,Black,M,32,2.8,NE,-2.1,0.666666667,1
16797,White,M,42,3.2,NE,-0.73,0.829761905,1
16799,White,F,44,3.3,NE,0.23,0.864285714,1
16800,White,F,40,3.5,NE,-0.42,0.833333333,1
16801,White,M,45,3.3,NE,1.24,0.876785714,1
16802,White,F,44,3.2,NE,0.69,0.854761905,1
16803,White,F,46,3.2,NE,-0.3,0.879761905,1
16804,Black,F,33,3.1,NE,0.57,0.707738095,1
16805,White,M,38,3.8,NE,0.11,0.836904762,1
16806,White,F,40,3.1,NG,-0.37,0.795238095,1
16808,White,F,37.5,3,NG,-0.54,0.754464286,1
16810,White,F,44,3.3,NE,0.66,0.864285714,1
16811,White,F,40,3.4,NE,0.73,0.823809524,1
16812,White,M,44,3.2,NE,-0.88,0.854761905,1
16813,Asian,F,42,2.9,NE,1.31,0.801190476,1
16814,Black,M,27.5,3.6,NE,0.35,0.686607143,1
16815,White,M,43,3.4,NG,0.23,0.861309524,1
16816,White,F,43,3.4,NE,2.03,0.861309524,1
16817,White,M,40,3.6,NE,0.54,0.842857143,1
16818,White,F,37,3.3,NE,0.54,0.776785714,1
16819,White,F,39,3.3,NE,-0.56,0.801785714,1
16820,White,M,34.5,2.9,NE,0.13,0.707440476,1
16821,White,M,30,3.9,NE,-1.12,0.746428571,1
16822,White,F,38,3.5,NE,-1.93,0.808333333,0
16823,White,M,39,2.5,NE,-1.04,0.725595238,1
16824,White,F,40,3.3,NE,1.31,0.814285714,1
16825,White,F,37,3.4,NE,-1.21,0.786309524,0
16826,Other,F,40.5,3.4,NG,0.83,0.830059524,1
16827,White,F,40,2.8,NG,-0.3,0.766666667,1
16828,White,M,36,3.5,NE,1.5,0.783333333,1
16829,White,M,38,3.6,NE,0.57,0.817857143,1
16830,White,M,38,3.1,NG,-1.69,0.770238095,0
16831,White,M,39,2.8,NE,-0.44,0.754166667,1
16832,White,M,40,3.6,NE,0.81,0.842857143,1
16833,White,F,30,2.3,NE,0.01,0.594047619,1
16834,White,F,40,3.3,NE,-1.5,0.814285714,1
16835,White,M,42,3.8,NE,1.29,0.886904762,1
16837,White,M,42,3.4,NE,-0.32,0.848809524,1
16839,White,F,42,3.1,NE,2.39,0.820238095,1
16840,White,F,37,3.3,MS,-1.15,0.776785714,1
16841,White,F,41,3.5,GL,0.51,0.845833333,1
16842,White,F,42,3.3,NE,-0.2,0.839285714,1
16843,White,M,40,3.6,FW,0.23,0.842857143,1
16844,Black,M,30,2.3,NE,-0.95,0.594047619,0
16845,White,M,33,3.4,NG,-1,0.736309524,1
16846,Black,F,35,3,NE,0.88,0.723214286,1
16848,White,F,44,4,GL,-0.67,0.930952381,1
16849,White,M,47,3.4,NE,-0.6,0.911309524,1
16850,White,F,44,4,GL,0.24,0.930952381,1
16852,White,F,39,3.8,GL,-0.98,0.849404762,1
16853,White,F,48,3.4,GL,0.7,0.923809524,1
16854,White,F,43,3.3,GL,-1.06,0.851785714,1
16855,White,F,42,3.6,GL,1.54,0.867857143,1
16857,White,M,45,3.7,GL,-0.07,0.914880952,1
16858,Asian,F,41,3.3,GL,1.39,0.826785714,1
16859,White,M,41,3.5,GL,-0.83,0.845833333,1
16860,White,M,45,3.5,GL,-0.07,0.895833333,1
16861,White,F,46,3.6,NE,1.85,0.917857143,1
16863,White,M,47,3.5,GL,0.47,0.920833333,1
16864,White,M,46,3.7,GL,0.08,0.927380952,1
16865,White,F,44,3.6,GL,1.46,0.892857143,1
16866,White,F,42,3.3,NE,0.77,0.839285714,1
16868,White,M,44,3.3,GL,-0.15,0.864285714,1
16869,White,M,48,3.7,GL,0.54,0.952380952,1
16870,White,M,46,3.6,SE,-0.15,0.917857143,1
16871,White,F,40,3.8,GL,0.93,0.861904762,1
16873,White,F,42,3.5,NE,-0.52,0.858333333,1
16874,Mexican,M,40,3.7,GL,-0.07,0.852380952,1
16875,White,F,44,3.6,Mt,-1.44,0.892857143,1
16876,White,F,45,3.4,SE,-0.15,0.886309524,1
16877,White,F,41,3.9,GL,-0.15,0.883928571,1
16878,White,F,41,3.7,GL,0.85,0.864880952,1
16879,White,M,41,3.4,FW,0.85,0.836309524,1
16880,White,F,44,3.4,MS,0.93,0.873809524,1
16881,White,M,44,3.7,GL,0.54,0.902380952,1
16883,White,F,45,3.3,GL,0.08,0.876785714,1
16884,White,F,42,3.4,GL,0.08,0.848809524,1
16887,White,F,45,3.6,GL,1.16,0.905357143,1
16888,White,F,45,3.4,GL,1.99,0.886309524,1
16889,White,F,47,3.3,GL,0.24,0.901785714,1
16890,White,M,48,3.6,GL,0.08,0.942857143,1
16892,White,F,43,3.8,GL,0.7,0.899404762,1
16893,White,F,43,4.1,GL,1.77,0.92797619,1
16894,White,M,44,3.4,GL,-1.44,0.873809524,1
16895,White,F,41,3.7,NE,-0.21,0.864880952,1
16896,White,F,42,3.5,GL,0.47,0.858333333,1
16897,White,M,45,3.4,MS,0.62,0.886309524,1
16898,White,F,43,3.9,GL,-0.07,0.908928571,1
16899,Asian,M,44,3.4,NE,0.77,0.873809524,1
16900,White,M,48,3.8,FW,0.54,0.961904762,1
16902,White,M,44,3.8,GL,0.39,0.911904762,1
16903,White,M,40,3.9,GL,-0.07,0.871428571,1
16904,White,F,40,3.8,GL,0.62,0.861904762,1
16906,Black,F,39,2.5,GL,-1.9,0.725595238,1
16907,White,M,36,3.5,GL,-1.9,0.783333333,1
16908,Black,F,28.5,3.6,GL,-1.36,0.699107143,1
16909,White,M,47,3.4,SC,-0.75,0.911309524,1
16910,White,F,42,3.1,FW,0.51,0.820238095,1
16911,Black,F,33,3.3,GL,-1.36,0.726785714,1
16912,White,F,46,3.7,Mt,0.7,0.927380952,1
16913,White,M,47,3.2,GL,-0.15,0.892261905,1
16914,Black,M,39,3.5,GL,-1.44,0.820833333,1
16915,White,M,36.5,3.6,GL,0.39,0.799107143,1
16916,Amerindian,F,30.5,3.6,GL,-1.29,0.724107143,1
16917,Other,F,44,3.6,GL,-0.21,0.892857143,1
16919,White,M,43,3.7,GL,1,0.889880952,1
16920,White,F,43,3.5,GL,1.77,0.870833333,1
16921,White,M,42,3.7,GL,-1.06,0.877380952,1
16922,Black,M,30,3.6,GL,-0.67,0.717857143,1
16924,White,F,43,3.5,NE,0.93,0.870833333,1
16925,White,M,41,3.9,Mt,-0.15,0.883928571,1
16926,White,F,45,3.5,GL,1.31,0.895833333,1
16927,White,M,41.5,3.7,Mt,1.31,0.871130952,1
16928,White,F,44,3.7,SE,-1.21,0.902380952,1
16930,Asian,F,41,3.8,GL,-0.52,0.874404762,1
16931,White,F,44,4,MS,1.08,0.930952381,0
16932,White,M,42,3.5,FW,1.69,0.858333333,1
16933,White,M,45,3.6,GL,-0.15,0.905357143,1
16934,White,F,45,3.5,GL,-0.21,0.895833333,1
16935,Black,M,32,3.3,GL,-3.04,0.714285714,1
16936,Black,M,31,3.7,GL,-0.52,0.739880952,1
16938,White,F,47,3.6,GL,-0.07,0.930357143,1
16939,White,M,43,3.5,NE,-0.37,0.870833333,1
16940,White,F,43,3.8,NE,1.54,0.899404762,1
16941,White,F,47,3.4,GL,0.93,0.911309524,1
16942,White,F,42,3.7,GL,0.24,0.877380952,1
16943,White,M,46,3.5,NE,-0.52,0.908333333,1
16944,White,M,41,3.6,GL,-0.67,0.855357143,1
16945,White,F,47,3.8,GL,0.54,0.949404762,1
16946,Asian,F,43,3.4,GL,0.54,0.861309524,1
16947,Black,M,32,3.5,GL,-1.36,0.733333333,1
16948,White,F,47,3.5,MS,0.7,0.920833333,1
16949,Asian,M,39,3.3,GL,-1.13,0.801785714,1
16950,Black,F,33,3.2,NE,-1.06,0.717261905,1
16951,White,F,46,3.2,FW,1.23,0.879761905,1
16952,White,F,44,3.8,MW,-0.21,0.911904762,1
16953,White,M,46,3.7,GL,0.31,0.927380952,1
16954,White,F,44,3.5,GL,0.24,0.883333333,1
16955,Asian,F,44,3.3,NG,-1.52,0.864285714,1
16956,White,M,42,3.5,NE,0.54,0.858333333,1
16957,White,M,45,3.5,GL,-0.15,0.895833333,1
16958,White,M,41,3.4,GL,-0.6,0.836309524,1
16959,White,F,46,4,GL,1.31,0.955952381,1
16960,Asian,F,42,3.6,GL,-0.21,0.867857143,1
16961,White,F,38,3.9,GL,1.31,0.846428571,1
16962,White,F,42,3.2,GL,0.16,0.829761905,1
16963,White,M,47,3.4,GL,-1.29,0.911309524,1
16964,White,F,47,3.6,GL,0.08,0.930357143,1
16966,White,F,39,3.4,MW,0.59,0.811309524,1
16968,White,F,42,3.6,MW,-0.5,0.867857143,1
16969,White,F,38,3.4,SC,0.84,0.798809524,1
16970,White,F,36,3.5,GL,-1.12,0.783333333,1
16971,White,F,41,3,FW,0.57,0.798214286,1
16972,White,F,39,2.8,NE,-0.8,0.754166667,1
16973,White,F,40,3.3,MS,1.77,0.814285714,1
16974,White,M,36,3.7,MW,0.7,0.802380952,1
16975,White,F,39,2.9,GL,0.26,0.763690476,1
16976,White,F,41,4,MW,0.09,0.893452381,1
16978,White,F,36,3.2,MW,-0.18,0.754761905,1
16979,White,F,36,3.5,GL,-0.01,0.783333333,1
16980,White,M,36,3,NG,0.88,0.735714286,1
16981,White,M,40,3.1,NE,-0.38,0.795238095,1
16982,White,M,40,3.6,Mt,0.64,0.842857143,1
16983,White,F,48,2.9,NE,2.22,0.876190476,1
16984,White,F,42,3.6,MW,0.26,0.867857143,1
16985,White,F,37,3.1,MS,-1.79,0.757738095,0
16986,White,F,38,3,NG,0.09,0.760714286,1
16987,White,M,35.5,3.6,MW,0.8,0.786607143,1
16988,White,M,42,3.3,GL,0.14,0.839285714,1
16989,White,M,43,3.2,MW,0.61,0.842261905,1
16990,White,M,39,3.1,SE,-0.03,0.782738095,1
16991,White,M,38,3.9,MW,-0.43,0.846428571,1
16993,White,F,43,2.9,FW,-0.55,0.813690476,1
16995,White,M,41,3.8,MW,0.86,0.874404762,1
16996,White,M,44,3.3,GL,2.04,0.864285714,1
16997,White,F,40,3.3,SE,1.62,0.814285714,1
16998,White,F,40,2.9,NG,0.54,0.776190476,1
17000,White,M,40,3.1,MS,-0.69,0.795238095,1
17002,White,F,40,2.6,MW,-0.44,0.747619048,1
17003,White,F,41,3.2,MS,0.54,0.817261905,1
17004,White,M,44,2.5,NE,0.84,0.788095238,1
17005,White,F,45,3.3,GL,0.48,0.876785714,1
17007,White,F,36,3.8,MW,0.7,0.811904762,1
17008,White,F,36,3.5,GL,-0.01,0.783333333,1
17009,White,F,36,3.6,SC,-0.94,0.792857143,1
17010,White,M,39.5,3.2,MW,0.76,0.798511905,1
17011,White,F,41,2.8,GL,1.7,0.779166667,1
17012,White,F,37,3.1,NE,-2.14,0.757738095,1
17013,White,F,42,3,MW,-1.04,0.810714286,1
17014,White,M,40,2.8,NE,-1.94,0.766666667,1
17015,White,M,38,3.2,FW,0.73,0.779761905,1
17016,White,M,37,3.9,MW,0.95,0.833928571,1
17017,White,F,41,2.8,GL,-1.03,0.779166667,1
17020,White,F,40,3.2,GL,-0.39,0.804761905,1
17021,White,M,41,3.2,NE,0.75,0.817261905,1
17022,White,F,39,3.4,MW,0.26,0.811309524,1
17023,Black,M,31,3.3,MW,-0.59,0.701785714,1
17024,White,F,35,3.4,MW,1.47,0.761309524,1
17025,Asian,F,38,3.5,FW,0.89,0.808333333,1
17026,White,M,41,3.2,MW,-0.19,0.817261905,1
17027,White,F,42,3.4,MW,0.69,0.848809524,1
17028,White,M,38,3.3,MW,0.56,0.789285714,1
17029,White,M,38,3,MS,0.28,0.760714286,1
17030,White,M,40,3.5,MW,-0.61,0.833333333,1
17031,White,F,39,2.9,MW,0.58,0.763690476,1
17032,White,M,42,3.1,MS,0.48,0.820238095,1
17033,White,F,37,3.5,MW,-1.22,0.795833333,1
17036,White,F,41,2.9,FW,2.07,0.788690476,1
17037,White,F,42,2.7,SC,-0.19,0.782142857,1
17038,White,M,43,2.8,MW,0.94,0.804166667,1
17039,White,M,44,3.4,GL,1.09,0.873809524,1
17040,White,F,38.5,3.6,NG,0.56,0.824107143,1
17041,White,F,46,3.8,MW,-0.14,0.936904762,1
17043,White,F,40,3,MW,-0.42,0.785714286,1
17044,White,F,37,3.5,NE,0.11,0.795833333,0
17045,White,M,31,3.6,MW,-0.24,0.730357143,1
17046,Black,F,39,2.3,FW,-0.88,0.706547619,0
17047,White,F,40.5,3,MS,0.07,0.791964286,1
17050,White,F,39,3.3,NE,-1.67,0.801785714,1
17051,White,F,40,2.8,MW,-1.66,0.766666667,1
17053,White,M,38,3.3,MW,-1.19,0.789285714,1
17054,White,M,36,3.5,SC,-1.03,0.783333333,1
17055,Black,M,31,3.3,MW,-0.03,0.701785714,1
17056,Other,F,41,3.2,FW,1.27,0.817261905,1
17058,White,F,36.5,3.4,MS,1.49,0.780059524,1
17059,White,F,35,3.6,NG,-0.21,0.780357143,1
17060,White,F,40,2.7,MW,0.01,0.757142857,1
17061,Black,F,30,2.4,MW,-0.45,0.603571429,1
17062,White,M,39,3.2,GL,-0.65,0.792261905,1
17063,White,M,37,2.9,MW,-1.53,0.738690476,1
17064,White,F,40,2.8,SE,1.49,0.766666667,1
17065,White,F,41,3.8,MW,1.26,0.874404762,1
17066,White,F,40,3.1,GL,-0.88,0.795238095,1
17067,White,F,41,3.5,FW,-0.04,0.845833333,1
17068,White,M,42,2.8,NE,-0.56,0.791666667,1
17069,White,M,39,4,MW,1.16,0.868452381,1
17070,White,F,41,3,GL,-0.02,0.798214286,1
17071,White,M,41,2.7,GL,-0.55,0.769642857,1
17072,Black,M,34,3,MW,-0.47,0.710714286,1
17073,White,F,40,3.7,MW,-0.36,0.852380952,1
17074,Asian,F,42,3,GL,-0.59,0.810714286,1
17075,Hispanic,F,30.5,3,SE,-1.52,0.666964286,0
17076,White,F,40,3.3,GL,1,0.814285714,1
17077,White,F,38.5,2.8,NG,-0.45,0.747916667,1
17078,Black,M,33,2.9,FW,-0.02,0.688690476,1
17079,White,F,42,3.8,MW,1.11,0.886904762,1
17081,White,F,38,3.4,NE,0.02,0.798809524,1
17082,White,F,39,2.8,MS,-0.56,0.754166667,1
17084,White,M,39,3,MW,-0.13,0.773214286,1
17085,White,F,42,2.9,GL,-0.5,0.801190476,1
17087,Black,F,27,2.9,NE,-1.94,0.613690476,0
17088,White,F,46,3,MS,0.17,0.860714286,1
17091,Black,F,28,2.4,GL,-1.92,0.578571429,1
17092,White,M,38.5,2.8,GL,-0.76,0.747916667,1
17093,White,F,44,3.3,MW,1.13,0.864285714,1
17094,White,M,37,3.3,FW,0.13,0.776785714,1
17096,White,M,37,3.8,MW,0.13,0.824404762,1
17097,White,F,43,3.4,MW,0.54,0.861309524,1
17098,Black,F,31,3.1,MS,-0.19,0.682738095,1
17099,White,M,39,3.2,SE,-0.8,0.792261905,1
17100,Black,F,33,2.9,FW,-0.64,0.688690476,0
17103,White,M,41,3.1,MS,0.59,0.807738095,1
17104,Black,M,33,2.7,SE,-1.63,0.669642857,1
17106,White,M,41,4,MW,1.45,0.893452381,1
17107,White,F,43,2.5,SE,-0.5,0.775595238,0
17108,White,M,37,3.5,MW,0.13,0.795833333,1
17109,White,F,47,3.3,MW,0.79,0.901785714,1
17110,White,F,40,3.5,MW,0.2,0.833333333,1
17111,White,M,40,3.5,FW,-0.69,0.833333333,1
17113,White,M,42,4,MW,0.07,0.905952381,1
17115,White,M,40,3.6,NE,0.21,0.842857143,1
17117,White,F,40,3.4,MW,1.17,0.823809524,1
17118,White,M,40,2.9,MW,-0.11,0.776190476,1
17119,White,M,39,3.4,MW,0.52,0.811309524,1
17120,Hispanic,F,34,3.6,MW,-1.26,0.767857143,1
17121,White,M,41,3.2,FW,-0.18,0.817261905,1
17122,White,F,39,3.3,NE,-0.99,0.801785714,0
17123,White,F,44,3.2,MW,1.46,0.854761905,1
17125,White,F,38,3.1,MW,-1.21,0.770238095,1
17126,Black,M,27,2.5,GL,-2.18,0.575595238,1
17127,White,F,35.5,3.9,FW,1.08,0.815178571,1
17128,White,F,43,3.4,MW,1.85,0.861309524,1
17130,White,M,42,4,MW,0.51,0.905952381,1
17131,Black,M,31,2.7,MS,-1.79,0.644642857,0
17134,White,F,41,3,MW,-0.45,0.798214286,1
17135,White,M,41,2.9,MW,-0.61,0.788690476,1
17137,Other,F,35,3.9,MW,-0.62,0.808928571,1
17138,White,F,40,3,MW,0.42,0.785714286,1
17139,White,F,41,2.6,MS,-0.41,0.760119048,1
17141,White,F,44,2.8,NE,1.55,0.816666667,1
17143,White,M,38,3.1,FW,1.53,0.770238095,1
17144,White,M,35,3.9,MW,0.5,0.808928571,1
17146,White,M,44,3.9,GL,1.04,0.921428571,1
17147,White,F,41,3,NG,-0.11,0.798214286,1
17148,White,M,38,3.3,MW,-0.07,0.789285714,1
17149,White,M,37,3.5,MW,-0.7,0.795833333,1
17150,White,M,37,3.4,SC,1.02,0.786309524,1
17151,White,F,40,3.9,MW,-0.19,0.871428571,1
17152,White,F,41,2.9,SC,0.25,0.788690476,1
17153,White,M,39,3.1,MS,-0.39,0.782738095,1
17154,White,F,40,3.4,FW,0.18,0.823809524,1
17155,White,M,39,3.9,GL,1.54,0.858928571,1
17156,White,F,39,3.2,SE,-0.42,0.792261905,1
17158,Asian,M,41,2.9,NE,-0.07,0.788690476,1
17159,White,M,40,2.7,MS,1.05,0.757142857,1
17160,White,F,42,3.3,MW,-0.35,0.839285714,1
17165,White,M,42,2.8,MW,1.88,0.791666667,1
17166,White,M,41,3.6,MW,2.34,0.855357143,1
17167,White,M,42,2.8,MW,0.73,0.791666667,1
17169,White,M,44,3.2,MW,1.68,0.854761905,1
17170,White,M,39,2.9,MW,-0.92,0.763690476,1
17171,White,M,39,3,MW,0.33,0.773214286,1
17172,White,F,42,3.4,MW,0.38,0.848809524,1
17174,White,M,43,3.3,SE,1.35,0.851785714,1
17175,White,M,34,3.8,FW,-0.39,0.786904762,1
17176,White,M,48,3.8,MW,1.2,0.961904762,1
17177,White,M,40,3.6,MW,0.01,0.842857143,1
17178,White,F,41,2.9,GL,0.56,0.788690476,1
17180,Black,F,34,2.6,MW,-1.46,0.672619048,1
17181,White,M,37,3.4,GL,0.44,0.786309524,1
17182,White,F,38,3.6,MW,0.29,0.817857143,1
17183,White,F,42,2.8,MW,-0.1,0.791666667,1
17185,White,F,44,3.2,MW,-0.03,0.854761905,1
17186,White,F,41,3.1,FW,0.8,0.807738095,1
17187,White,F,38,3.6,MW,1.6,0.817857143,1
17196,White,F,38.5,3.1,FW,0.31,0.776488095,1
17206,White,F,41,3.1,FW,0.92,0.807738095,1
17216,White,F,42,3.2,FW,0.34,0.829761905,0
17225,Asian,F,34,3.5,FW,-1.02,0.758333333,1
17235,White,M,39,3.2,FW,-0.07,0.792261905,1
17246,White,F,46,2.3,FW,-0.27,0.794047619,1
17256,Black,F,29,2.8,FW,0.04,0.629166667,1
17267,Asian,M,29,3.3,FW,-0.67,0.676785714,0
17288,Mexican,M,38,2.6,FW,-0.8,0.722619048,1
17297,Asian,M,27,3.5,FW,-0.21,0.670833333,1
17308,White,M,42,2.5,FW,-1.22,0.763095238,0
17319,White,M,39,3.4,FW,1.54,0.811309524,1
17328,White,M,40,2.9,FW,1.12,0.776190476,1
17336,White,F,40,3.2,FW,-0.28,0.804761905,0
17346,Mexican,M,34.5,3.1,FW,0.5,0.726488095,1
17350,White,F,46,3.6,GL,-0.9,0.917857143,1
17351,Black,F,38,3.2,GL,-1.38,0.779761905,1
17352,White,M,47,3.4,SC,1.5,0.911309524,1
17353,White,M,42,3.9,SE,0.16,0.896428571,1
17355,Black,F,32,3.5,NE,-0.83,0.733333333,1
17356,White,M,42,3.1,FW,0.2,0.820238095,1
17357,White,M,40,3.7,SC,-1.76,0.852380952,1
17358,White,M,44,4,GL,0.86,0.930952381,1
17359,White,M,46,3.8,NE,-0.34,0.936904762,1
17360,White,M,41,3.6,GL,-0.9,0.855357143,1
17361,White,F,42,3.9,GL,1.07,0.896428571,1
17362,White,M,43,3.8,GL,0.61,0.899404762,1
17363,White,M,44,3.5,GL,-0.34,0.883333333,1
17364,White,F,45,3,FW,0.61,0.848214286,1
17366,White,F,48,3.4,MS,1.58,0.923809524,1
17367,White,F,45,3.7,MS,-0.43,0.914880952,1
17369,White,F,48,3.9,GL,0.9,0.971428571,1
17370,White,M,48,3.8,GL,-0.18,0.961904762,1
17371,White,F,45,3.8,GL,0.97,0.924404762,1
17373,White,M,47,3.2,GL,-1.15,0.892261905,1
17374,White,M,42,3.6,FW,-0.03,0.867857143,1
17376,White,M,43,3.6,GL,-1,0.880357143,1
17377,White,F,43,3.6,FW,0.14,0.880357143,1
17380,White,M,47,3.1,GL,1.1,0.882738095,1
17381,Asian,M,45,3.5,GL,0.21,0.895833333,1
17382,White,F,47,3.4,GL,-0.85,0.911309524,1
17383,White,F,48,3.5,Mt,1.48,0.933333333,1
17384,White,M,39,3.5,FW,0.48,0.820833333,1
17385,Black,M,33,3.5,GL,-1.15,0.745833333,1
17386,Black,F,40,3.4,GL,-1.53,0.823809524,1
17387,White,M,45,3.9,GL,0.52,0.933928571,1
17389,White,F,45,3.7,MW,0.86,0.914880952,1
17392,White,F,44,4,GL,1.29,0.930952381,1
17394,White,M,28,3.9,FW,-0.48,0.721428571,1
17395,White,M,44,3.9,GL,-1.07,0.921428571,1
17397,White,F,39,3.8,FW,0.12,0.849404762,1
17399,White,F,44,3.7,GL,0.29,0.902380952,1
17400,White,M,41,3.7,SE,0.46,0.864880952,1
17401,White,F,45,3.5,NE,-0.24,0.895833333,1
17402,White,M,42,3.7,SE,0.82,0.877380952,1
17404,White,M,45,3.6,NE,0.71,0.905357143,1
17405,Asian,F,37,3,FW,-0.69,0.748214286,1
17407,White,F,45,3.6,GL,-0.79,0.905357143,0
17408,White,F,44,3.7,GL,-0.24,0.902380952,1
17409,Asian,M,40,3.7,Mt,-1.66,0.852380952,0
17411,White,M,43,3.4,GL,-1,0.861309524,1
17412,Black,M,35,3,MS,-1.68,0.723214286,1
17414,White,M,45,3.6,GL,0.25,0.905357143,1
17415,White,M,41,3.8,GL,0.12,0.874404762,1
17417,White,M,45,3.6,GL,1.33,0.905357143,1
17418,White,M,39,3.6,SC,-0.58,0.830357143,1
17423,White,M,48,3.6,GL,0.08,0.942857143,1
17425,White,F,43,3.7,GL,0.35,0.889880952,1
17426,Mexican,F,35,3.3,SE,-1.81,0.751785714,1
17427,Black,M,28,3.1,FW,-0.96,0.645238095,1
17428,White,F,48,3.1,GL,-1.95,0.895238095,0
17429,White,M,43,3.5,NE,-0.94,0.870833333,1
17431,White,M,41,3.9,GL,0.12,0.883928571,1
17432,White,M,41,4,NE,0.63,0.893452381,1
17433,White,M,46,3.8,GL,-0.07,0.936904762,1
17434,Black,M,40,2.9,GL,-0.85,0.776190476,1
17435,Puertorican,F,47,2.8,GL,-1.13,0.854166667,1
17437,White,M,47,4,GL,0.65,0.968452381,1
17438,Black,M,30,2.9,FW,-0.15,0.651190476,1
17441,White,F,43,3.9,GL,0.57,0.908928571,1
17444,Asian,M,44,3.5,NE,-0.58,0.883333333,1
17445,White,F,44,3.5,FW,1.37,0.883333333,1
17446,White,F,44,3.5,GL,0.06,0.883333333,1
17447,White,F,48,3.5,SC,1.05,0.933333333,1
17448,White,F,45,3.3,NE,0.88,0.876785714,1
17449,White,F,40,3.5,FW,-0.44,0.833333333,1
17452,White,F,42,3.9,GL,-0.07,0.896428571,1
17454,White,F,43,3.8,NG,-0.51,0.899404762,0
17455,White,M,42,3.7,FW,0.86,0.877380952,1
17456,White,F,46,3.5,MS,-0.85,0.908333333,0
17457,White,F,45,3.7,NE,-0.09,0.914880952,1
17458,White,F,47,3.5,SE,0.82,0.920833333,1
17461,White,M,45,3.6,SE,0.16,0.905357143,1
17462,White,M,42,3.8,GL,-0.41,0.886904762,1
17463,Mexican,M,40,3.1,Mt,-2.15,0.795238095,0
17464,White,M,41,3.8,NE,-0.64,0.874404762,1
17465,Asian,M,41,3.8,FW,-1.68,0.874404762,1
17466,Mexican,F,45,3.4,NG,0.1,0.886309524,1
17467,White,M,48,3.5,NE,0.5,0.933333333,1
17468,White,F,41,3.6,GL,0.18,0.855357143,1
17469,White,F,45,3.7,GL,1.26,0.914880952,1
17470,White,M,41,3.4,FW,0.08,0.836309524,1
17471,Asian,F,48,3.5,FW,1.11,0.933333333,1
17472,White,M,40,3.7,GL,-1.62,0.852380952,0
17473,Puertorican,F,40,3.2,NE,-0.34,0.804761905,1
17474,White,F,43,3.7,GL,-0.92,0.889880952,1
17475,White,F,47,3.5,GL,-0.49,0.920833333,1
17476,White,M,46,4,Mt,0.86,0.955952381,1
17478,White,M,46,3.9,GL,1.84,0.946428571,1
17479,White,F,45,3.8,GL,0.57,0.924404762,1
17480,White,F,44,2.8,FW,1.05,0.816666667,1
17481,Puertorican,M,40,2.8,SE,-2.12,0.766666667,1
17482,White,M,42,3.7,FW,-0.39,0.877380952,1
17483,White,F,44,3.8,GL,1.16,0.911904762,1
17484,White,F,47,3.7,GL,-1.3,0.939880952,1
17485,White,M,43,3.9,GL,-0.03,0.908928571,1
17487,White,M,47,3.7,FW,1.16,0.939880952,1
17488,White,F,45,3.8,GL,-0.56,0.924404762,1
17489,Amerindian,F,44,3,SC,-0.49,0.835714286,1
17490,White,M,48,3.5,NE,0.93,0.933333333,1
17492,Black,M,35,2.4,NE,-0.9,0.666071429,1
17493,White,M,45,3.7,SC,-0.71,0.914880952,1
17494,White,M,42,3.7,MS,-0.05,0.877380952,1
17495,White,F,48,3.5,GL,1.26,0.933333333,1
17496,White,F,44,3.8,FW,-0.39,0.911904762,1
17497,Black,F,46,3.1,GL,-1.23,0.870238095,1
17498,White,M,47,3.8,Mt,0.9,0.949404762,1
17499,White,M,48,3.4,FW,-0.2,0.923809524,1
17500,White,M,46,4,GL,0.78,0.955952381,1
17501,White,M,42,3.9,NE,-1.3,0.896428571,1
17502,White,F,43,2.6,FW,1.11,0.785119048,1
17503,Asian,M,44,3.8,NE,1.29,0.911904762,1
17504,Mexican,F,34,3.3,GL,-1.49,0.739285714,1
17505,White,M,47,3.4,NG,0.31,0.911309524,1
17506,White,F,45,3.7,MS,-0.2,0.914880952,1
17507,White,F,41,3.8,GL,-0.28,0.874404762,1
17508,Black,M,36,3.1,SE,-0.64,0.745238095,1
17509,White,F,48,3.7,GL,-0.62,0.952380952,1
17511,Other,M,37,3.5,FW,0.94,0.795833333,1
17512,White,M,42,2.8,FW,-0.15,0.791666667,1
17513,White,M,41,3.3,FW,0.16,0.826785714,1
17515,White,F,40,2.9,FW,-1.45,0.776190476,0
17517,White,F,37.5,3,FW,-1.13,0.754464286,1
17518,White,F,33,2.7,FW,-0.33,0.669642857,1
17519,White,M,39,3.7,FW,0.8,0.839880952,1
17520,Mexican,M,42,3.2,FW,0.16,0.829761905,1
17521,Asian,F,41,2.9,FW,1.16,0.788690476,1
17522,Hispanic,F,33,2.8,FW,-0.96,0.679166667,1
17523,White,F,42,2.9,FW,-0.56,0.801190476,1
17525,Mexican,M,28,3.1,FW,-0.12,0.645238095,1
17526,White,F,45,2.9,GL,0.16,0.838690476,1
17527,White,F,42,2.5,GL,0.2,0.763095238,1
17528,White,F,38,3.6,FW,-0.35,0.817857143,1
17529,White,M,39,3.3,FW,1.41,0.801785714,1
17530,White,M,44,3.2,FW,-0.16,0.854761905,1
17531,White,F,42,3.4,FW,1.11,0.848809524,1
17532,White,F,38,3.8,FW,0.93,0.836904762,1
17534,White,M,39,3.6,FW,-0.41,0.830357143,1
17535,White,F,45,3.5,FW,-0.02,0.895833333,1
17536,Asian,F,32,3.3,FW,-0.91,0.714285714,1
17537,White,M,40,3.5,FW,1.9,0.833333333,1
17538,Asian,M,36,3.6,FW,1.08,0.792857143,1
17539,White,F,41,3.3,FW,-0.9,0.826785714,1
17540,Asian,F,35.5,3,FW,-0.57,0.729464286,1
17541,White,M,40,3.3,FW,0.43,0.814285714,1
17542,White,M,37,3.2,FW,0.64,0.767261905,1
17543,Asian,M,37,3.5,FW,-0.96,0.795833333,1
17544,White,F,41,2.9,FW,0.23,0.788690476,1
17545,White,M,41,3.5,FW,1.56,0.845833333,1
17546,Asian,M,41,3.4,FW,-0.07,0.836309524,1
17547,White,F,45,2.6,FW,2.06,0.810119048,1
17548,White,F,39,3.4,FW,0.64,0.811309524,1
17549,Mexican,F,45,3.8,FW,0.83,0.924404762,1
17550,White,F,43,2.6,FW,1.17,0.785119048,1
17551,Hispanic,F,41,2.8,FW,-1.51,0.779166667,0
17552,White,M,36,3.4,FW,0.11,0.773809524,1
17553,White,M,37,3.6,FW,-0.07,0.805357143,1
17554,Mexican,F,28,3,FW,-1.36,0.635714286,1
17555,Black,M,35,2.5,FW,-1.01,0.675595238,1
17558,White,F,40,3.3,FW,-0.52,0.814285714,1
17559,White,F,41,3.1,FW,-0.87,0.807738095,1
17560,White,F,44,3.1,FW,0.45,0.845238095,1
17562,Asian,M,39,3,FW,0.37,0.773214286,1
17563,White,M,39,3.4,FW,0.32,0.811309524,1
17564,Asian,M,39,3.4,FW,0.78,0.811309524,1
17565,White,F,40,3.4,FW,0.67,0.823809524,1
17566,White,M,38,3.6,FW,1.25,0.817857143,1
17567,White,F,41,3.4,FW,0.55,0.836309524,1
17568,Black,M,31,3,FW,-1.05,0.673214286,0
17569,White,M,45,2.9,FW,2.06,0.838690476,1
17570,White,F,39,3.5,FW,1.2,0.820833333,1
17571,White,F,42,2.4,FW,0.79,0.753571429,1
17572,White,M,41,3.3,FW,2.08,0.826785714,1
17573,White,M,44,3.4,FW,1.28,0.873809524,1
17574,Other,F,35,2.5,FW,-1.08,0.675595238,0
17575,White,M,37.5,3.3,FW,0.25,0.783035714,1
17577,White,M,42,2.6,FW,1.21,0.772619048,1
17578,White,M,40,3.2,FW,0.23,0.804761905,1
17579,White,F,41,3.1,FW,-0.2,0.807738095,1
17580,White,F,41,2.6,FW,-0.12,0.760119048,1
17581,White,M,42,3,FW,0.39,0.810714286,1
17582,White,M,41,3,FW,0.49,0.798214286,1
17583,Asian,F,43,2.6,FW,0.64,0.785119048,1
17584,White,M,41,3.2,FW,-0.38,0.817261905,0
17585,Asian,M,35.5,3.4,FW,-1.2,0.767559524,1
17586,Asian,F,42,3.2,FW,-1.02,0.829761905,0
17587,White,F,36.5,3.3,FW,0.77,0.770535714,1
17588,White,F,42,2.3,FW,-0.59,0.744047619,1
17591,White,F,40,3.2,FW,0.86,0.804761905,1
17592,White,M,42,3.5,FW,1.7,0.858333333,1
17593,Asian,M,33,3.2,FW,-0.52,0.717261905,1
17594,White,F,44,2.4,FW,-0.48,0.778571429,1
17595,White,F,39,3.1,SC,0.67,0.782738095,1
17596,White,F,44,4,FW,1.57,0.930952381,1
17597,White,M,41,3.3,FW,-0.67,0.826785714,1
17598,White,M,43,3.6,FW,0.69,0.880357143,1
17599,Mexican,M,27,3.7,FW,-0.62,0.689880952,1
17600,White,F,40,3.1,FW,-0.26,0.795238095,1
17601,White,F,42,3,FW,0.33,0.810714286,1
17602,White,M,42,3,FW,1.23,0.810714286,1
17604,White,M,42,3.2,FW,-0.68,0.829761905,1
17605,White,F,41,3,FW,-0.26,0.798214286,1
17606,Asian,F,35,3.1,FW,-0.14,0.732738095,1
17607,White,M,42,3.3,FW,-1.66,0.839285714,1
17608,White,F,34.5,3.7,FW,0.67,0.783630952,1
17609,White,M,40,3.5,FW,-0.14,0.833333333,1
17610,White,F,45,2.9,FW,1.3,0.838690476,1
17611,White,F,45,2.6,FW,0.8,0.810119048,1
17614,Mexican,M,33,2.5,FW,-0.37,0.650595238,1
17615,White,M,42,2.4,FW,-0.26,0.753571429,1
17616,White,M,42,3,FW,-1.42,0.810714286,1
17617,White,M,37,3.8,FW,0.62,0.824404762,1
17618,White,F,36,3.2,FW,0.41,0.754761905,1
17620,White,F,41,3.3,FW,1.05,0.826785714,1
17622,White,M,39,3,FW,0.88,0.773214286,1
17624,White,F,39,3.2,FW,1.31,0.792261905,1
17625,Mexican,M,35,3,FW,-0.77,0.723214286,1
17627,Asian,F,39,3.1,FW,-0.47,0.782738095,1
17629,Asian,F,40,2.8,FW,-1.57,0.766666667,1
17632,Mexican,F,34,3.2,FW,0.2,0.729761905,1
17634,White,F,43,3.2,FW,-0.66,0.842261905,1
17635,White,F,45,2.7,FW,-1.14,0.819642857,0
17636,White,F,39,3.4,FW,0.31,0.811309524,1
17637,Asian,F,30,3.3,FW,-0.41,0.689285714,0
17638,Asian,F,44,2.6,FW,-0.85,0.797619048,0
17639,White,F,39,3.5,FW,0.52,0.820833333,1
17640,White,F,41,2.8,FW,-1.14,0.779166667,1
17641,White,F,44,2.9,FW,0.13,0.826190476,1
17643,White,F,42,2.8,FW,0.58,0.791666667,1
17644,Mexican,M,32,3.1,FW,-0.52,0.695238095,1
17645,White,M,41,3.3,FW,0.06,0.826785714,1
17646,White,F,41,3.2,FW,-0.21,0.817261905,1
17647,White,F,39,2.9,FW,0.67,0.763690476,1
17648,White,F,42,2.8,FW,-0.94,0.791666667,0
17649,White,F,35.5,3.4,FW,-0.85,0.767559524,1
17650,White,F,41,2.9,FW,1.85,0.788690476,1
17651,Asian,M,46,2.3,FW,-0.2,0.794047619,1
17653,White,F,40,3.5,FW,0.77,0.833333333,1
17654,White,F,42,3.1,FW,0.93,0.820238095,1
17656,White,F,42,3.1,FW,2.13,0.820238095,1
17657,White,M,41,3.1,FW,0.79,0.807738095,1
17658,White,F,44,2.7,FW,-0.16,0.807142857,0
17659,White,F,44,2.9,FW,1.86,0.826190476,1
17660,Asian,F,40,3,FW,0.64,0.785714286,1
17661,White,M,41,3.4,FW,0.73,0.836309524,1
17662,White,F,43,3.4,FW,0.32,0.861309524,1
17663,White,M,43,3.3,FW,1.07,0.851785714,1
17664,White,F,40,3.3,FW,0.62,0.814285714,1
17666,Mexican,M,29.7,2.9,FW,-1.66,0.647440476,0
17667,White,F,41,3.3,FW,1.37,0.826785714,1
17668,White,F,44,2.8,FW,0.96,0.816666667,1
17670,White,F,47,3,FW,0.23,0.873214286,1
17671,Asian,M,35,3.1,FW,-0.69,0.732738095,1
17672,Asian,F,37,3,FW,-1.21,0.748214286,1
17673,White,F,36,3.3,FW,0.07,0.764285714,1
17674,White,F,44,3,FW,0.45,0.835714286,1
17675,Mexican,F,36,2.6,FW,-1.17,0.697619048,1
17676,White,M,35,4,FW,1.54,0.818452381,1
17677,White,M,39,3.4,FW,1.12,0.811309524,1
17678,White,M,41,3.4,FW,1.26,0.836309524,1
17679,Asian,M,36,3.3,FW,-1.52,0.764285714,1
17680,Asian,M,36,3.6,FW,0.56,0.792857143,1
17681,White,F,37,3.6,FW,0.24,0.805357143,1
17682,Black,F,40,2.3,FW,0.86,0.719047619,1
17684,White,M,37,3.8,FW,0.69,0.824404762,1
17685,White,F,36.5,3.4,FW,-0.02,0.780059524,1
17686,Hispanic,F,39,3,FW,0.99,0.773214286,1
17687,White,F,37,3.3,FW,1.38,0.776785714,1
17688,Other,M,41,3.1,FW,-1.06,0.807738095,1
17689,White,M,41,2.8,FW,-0.07,0.779166667,1
17692,Mexican,M,29,3,FW,-1.3,0.648214286,0
17694,White,M,43,2.2,NE,1.62,0.74702381,1
17695,White,F,41,3.3,FW,0.68,0.826785714,1
17696,White,F,39,3.5,FW,1.41,0.820833333,1
17697,White,F,42,2.8,FW,-0.92,0.791666667,1
17698,White,M,41,3.3,FW,-0.75,0.826785714,1
17699,White,F,38,3.1,FW,-0.13,0.770238095,1
17700,White,F,43,3.7,FW,-0.2,0.889880952,1
17701,White,F,37,3.5,FW,-0.09,0.795833333,1
17702,White,F,36,3.5,NE,1.8,0.783333333,1
17703,White,F,37.5,3.6,FW,0.8,0.811607143,1
17704,White,F,42,3.4,FW,0.55,0.848809524,1
17705,White,M,39,3.4,FW,0.44,0.811309524,1
17706,White,F,37,3.2,MS,-0.08,0.767261905,0
17707,White,F,41,3.2,FW,-0.55,0.817261905,0
17708,White,M,36,3.5,FW,-1.37,0.783333333,0
17710,Asian,F,38,2.9,FW,-0.18,0.751190476,1
17712,Asian,F,40,3.3,FW,0.61,0.814285714,1
17713,Asian,M,32,3.4,FW,-0.96,0.723809524,1
17714,White,M,37,3.8,FW,-0.12,0.824404762,1
17715,White,F,44,3.7,FW,1.72,0.902380952,1
17716,White,F,41,3.1,FW,0.23,0.807738095,1
17717,Hispanic,M,35,3.3,FW,0.01,0.751785714,1
17718,White,F,43,2.9,FW,1.11,0.813690476,1
17719,White,M,40,3.4,FW,0.91,0.823809524,1
17720,White,M,38,3.5,FW,0.2,0.808333333,1
17721,Asian,F,36,3.7,FW,-1.57,0.802380952,0
17722,White,M,37,3.5,FW,1.36,0.795833333,1
17723,White,F,40,3,FW,0.6,0.785714286,1
17725,Hispanic,M,41,3,FW,-0.02,0.798214286,1
17727,White,F,37.5,3,FW,-0.58,0.754464286,1
17729,White,F,39,2.7,FW,-0.43,0.744642857,1
17730,White,M,36,3.6,FW,-0.06,0.792857143,1
17731,White,M,37,3.3,FW,1.11,0.776785714,1
17732,Mexican,M,40,2.9,FW,-1.05,0.776190476,1
17733,Asian,F,34,3.6,FW,-0.66,0.767857143,1
17734,White,M,46,2.9,FW,1.07,0.851190476,1
17735,White,M,39,3.4,FW,-0.06,0.811309524,1
17736,White,F,43,2.9,FW,0.09,0.813690476,1
17737,White,F,41,2.8,FW,0.25,0.779166667,1
17738,Asian,M,42,3.1,FW,0.4,0.820238095,1
17739,White,F,42,3.4,FW,-0.83,0.848809524,1
17740,Black,M,30,2.8,FW,-0.07,0.641666667,0
17742,White,M,40,2.7,FW,0.47,0.757142857,1
17745,White,F,39,3.5,FW,-0.99,0.820833333,1
17746,White,F,41,3.2,FW,0.31,0.817261905,0
17747,White,M,39,3.8,FW,-0.09,0.849404762,1
17748,White,M,40,3.4,FW,0.17,0.823809524,1
17749,White,M,42,3.4,FW,0.83,0.848809524,1
17750,White,M,41,3.2,FW,0.2,0.817261905,1
17751,White,F,37,3.6,FW,0.59,0.805357143,1
17752,Mexican,F,32,2.8,FW,-1.1,0.666666667,1
17753,White,F,40,3.2,FW,0.09,0.804761905,1
17754,White,M,38.5,3.4,FW,-0.97,0.805059524,0
17755,White,F,42,3.5,FW,1.28,0.858333333,1
17756,White,M,37,3.9,FW,-0.39,0.833928571,1
17757,White,M,37,3.7,FW,0.14,0.814880952,1
17758,Mexican,M,33,2.7,FW,-1.52,0.669642857,0
17759,White,M,46,2.6,Mt,0.62,0.822619048,1
17760,White,F,41,3.3,FW,0.01,0.826785714,1
17762,White,F,41,3.6,FW,0.19,0.855357143,1
17763,Mexican,M,30,2.8,FW,-1.25,0.641666667,1
17764,Hispanic,F,42,2.7,FW,0.34,0.782142857,1
17766,White,M,35,3.3,FW,-1.3,0.751785714,1
17767,Asian,F,44,3,FW,0.98,0.835714286,1
17768,White,M,39,3.7,FW,1.82,0.839880952,1
17769,White,F,42,3,FW,1.01,0.810714286,1
17770,White,F,43,2.7,FW,0.48,0.794642857,1
17771,White,M,38.5,3.1,FW,-0.45,0.776488095,1
17772,White,F,41,2.7,FW,-0.42,0.769642857,0
17773,White,M,40,3.3,FW,-0.13,0.814285714,1
17775,White,F,38.5,3,FW,0.17,0.766964286,1
17776,Mexican,M,32,2.6,FW,-0.63,0.647619048,1
17777,Other,F,37,3.7,FW,-0.26,0.814880952,1
17778,Mexican,M,32,2.9,FW,-0.68,0.676190476,1
17779,White,F,37.5,2.9,FW,1.04,0.744940476,1
17780,White,F,39,3.1,FW,-0.3,0.782738095,1
17784,White,F,37,3.4,FW,1.15,0.786309524,1
17785,White,F,41,3.1,FW,-0.49,0.807738095,1
17786,White,F,36,3.8,FW,0.3,0.811904762,1
17788,White,F,39.5,3.2,FW,0.36,0.798511905,1
17789,Mexican,F,31,3.1,FW,-1.28,0.682738095,0
17790,White,F,44,4,FW,1.52,0.930952381,1
17792,White,F,43,3.5,FW,1.6,0.870833333,1
17793,White,F,39,2.5,FW,0.2,0.725595238,1
17794,White,M,41,2.7,FW,0.57,0.769642857,0
17795,Black,F,35,2.3,FW,-1.5,0.656547619,0
17796,Asian,M,37.5,3,FW,-1.42,0.754464286,1
17798,White,F,41,3.3,FW,0.98,0.826785714,1
17800,Hispanic,M,29,3.4,FW,-0.3,0.686309524,0
17802,White,F,38,3.3,FW,1.52,0.789285714,1
17803,White,F,34,3.6,FW,-0.57,0.767857143,1
17805,White,F,39,3.4,FW,0.36,0.811309524,1
17806,White,F,40,3,MS,-1.82,0.785714286,1
17807,White,F,43,2.7,GL,-1.02,0.794642857,1
17808,White,M,36,3.6,MW,0.66,0.792857143,1
17810,White,M,40,3.6,GL,1.81,0.842857143,1
17811,Black,F,31,2.5,GL,-0.07,0.625595238,1
17812,White,F,36,3.9,GL,-0.02,0.821428571,1
17813,Black,F,40,2.2,GL,-1.09,0.70952381,1
17814,White,F,35.5,3.4,GL,-0.15,0.767559524,1
17815,White,M,37,3.7,GL,-0.65,0.814880952,1
17818,White,M,32,3.9,GL,-0.89,0.771428571,1
17819,White,F,48,3.7,GL,1.89,0.952380952,1
17820,White,F,40,3.3,MS,1.05,0.814285714,1
17821,White,M,34,3.9,GL,-1.28,0.796428571,1
17823,White,F,40,2.9,GL,-0.76,0.776190476,1
17824,White,M,45,3,GL,1.08,0.848214286,1
17825,White,F,39.5,3,GL,-1.75,0.779464286,1
17826,White,F,40,3.3,GL,-0.05,0.814285714,1
17827,White,F,40,3.1,GL,-0.76,0.795238095,1
17828,White,F,42,3,GL,-0.36,0.810714286,1
17831,White,M,37,4,GL,0.79,0.843452381,1
17832,White,F,40,3.2,MS,1,0.804761905,0
17833,White,M,42,3,GL,0.61,0.810714286,1
17834,White,F,40,3,GL,0.71,0.785714286,1
17835,White,F,40,3.4,GL,-0.52,0.823809524,1
17836,White,F,43,3.6,GL,1.31,0.880357143,1
17837,White,M,35,3.7,GL,0.92,0.789880952,1
17838,White,M,43,3.1,GL,-0.11,0.832738095,1
17840,White,M,31.5,4,NE,0.68,0.774702381,1
17841,White,M,37,3.3,GL,-2.01,0.776785714,1
17842,White,F,42,3.8,SE,0.45,0.886904762,1
17843,White,F,40,2.9,GL,-1.14,0.776190476,1
17844,Black,M,38,2.5,FW,-0.76,0.713095238,1
17845,White,F,47,3.3,GL,1.05,0.901785714,1
17846,White,F,43,3.3,GL,0.68,0.851785714,1
17847,White,M,36,3.7,MS,0.14,0.802380952,1
17849,White,M,41,3.8,GL,1.13,0.874404762,1
17851,Other,M,38,3,MS,0.35,0.760714286,1
17852,White,F,41,3.6,GL,-0.49,0.855357143,1
17853,White,F,35,3.3,GL,1.32,0.751785714,1
17855,White,F,38,3.4,GL,-0.18,0.798809524,1
17857,White,M,40,3.1,GL,-0.18,0.795238095,1
17859,White,F,42,2.7,GL,0.37,0.782142857,1
17860,White,M,42,3.3,GL,0.03,0.839285714,1
17861,White,F,45,3.4,GL,0.55,0.886309524,1
17862,Black,M,28,2.7,GL,-1.31,0.607142857,1
17863,White,F,33,3.9,GL,1.34,0.783928571,1
17864,White,F,41,3.5,GL,0.73,0.845833333,1
17865,White,F,43,2.8,GL,1.11,0.804166667,1
17867,Black,F,31,2.7,GL,-1.23,0.644642857,1
17868,White,M,42,4,GL,0.92,0.905952381,1
17869,White,F,41,3.4,GL,0.16,0.836309524,1
17870,Black,F,31,3,GL,-1.8,0.673214286,1
17871,White,M,32,3.7,GL,0.05,0.752380952,1
17872,White,F,41,3.3,GL,0.22,0.826785714,1
17873,White,M,37.5,3.9,GL,0.92,0.840178571,1
17874,White,M,42,3.9,GL,0.74,0.896428571,1
17875,White,M,37,3.5,GL,0.29,0.795833333,1
17877,White,M,39,3.4,GL,-0.94,0.811309524,1
17878,White,F,44,3.9,GL,1.32,0.921428571,1
17879,White,F,39,3.1,MS,-1.15,0.782738095,1
17880,White,M,37,3.4,GL,0.4,0.786309524,1
17881,White,F,37,3.8,GL,-0.05,0.824404762,1
17882,White,F,32,4,GL,-0.26,0.780952381,1
17883,White,M,32,3.7,GL,0.61,0.752380952,1
17884,White,M,40,3.8,SE,1.08,0.861904762,1
17885,White,F,48,2.6,GL,-0.55,0.847619048,1
17886,White,F,42,3.1,GL,0.16,0.820238095,1
17887,White,F,35,3.8,GL,0.19,0.799404762,1
17888,White,F,43,3.1,GL,0.53,0.832738095,1
17889,White,F,41,2.8,GL,-1.17,0.779166667,1
17890,White,M,36,3.6,GL,-0.18,0.792857143,1
17891,White,M,33,4,MS,0.58,0.793452381,1
17892,White,F,38,3.5,GL,-0.6,0.808333333,1
17893,White,F,37,3.7,GL,0.69,0.814880952,1
17896,White,F,31,3.9,GL,-1.83,0.758928571,1
17897,White,M,34,3.8,GL,-0.6,0.786904762,1
17898,White,F,41,2.9,GL,-0.47,0.788690476,1
17899,White,F,38,3.7,GL,0.47,0.827380952,1
17900,White,F,43,3.6,GL,-0.38,0.880357143,1
17902,White,F,40,2.9,GL,0.53,0.776190476,1
17904,White,M,38,3,GL,-0.68,0.760714286,1
17905,Black,F,30,3.1,GL,-1.39,0.670238095,1
17906,White,F,41,3.1,GL,-0.44,0.807738095,1
17907,White,F,42,3.5,GL,0.74,0.858333333,1
17908,White,F,41,3.5,GL,1.26,0.845833333,1
17909,White,F,35,3.7,GL,0.45,0.789880952,1
17910,White,F,40,2.7,GL,0.08,0.757142857,1
17912,White,M,41,2.7,NG,0.03,0.769642857,1
17913,White,F,35,3.6,GL,1.6,0.780357143,1
17914,White,M,39,3.4,GL,-0.52,0.811309524,1
17915,White,M,43,3.7,GL,1.47,0.889880952,1
17916,White,F,42,2.9,GL,-0.92,0.801190476,1
17917,White,F,41,2.3,GL,-1.88,0.731547619,1
17918,White,M,38,3.5,GL,0.08,0.808333333,1
17919,White,F,40,2.6,GL,0.06,0.747619048,1
17921,White,F,40,3.1,MW,-0.78,0.795238095,1
17922,Black,F,27,2.7,SE,-1.02,0.594642857,1
17923,White,F,32,3.8,GL,0.13,0.761904762,1
17924,White,M,43,3.5,GL,0.06,0.870833333,1
17925,White,F,34,3.7,GL,0.97,0.777380952,1
17926,Black,F,26,2.5,Mt,-3.01,0.563095238,0
17928,White,M,27,2.7,SC,-0.73,0.594642857,0
17929,White,F,38,2.8,SC,-0.73,0.741666667,1
17930,White,F,38,2.6,SC,0.11,0.722619048,1
17931,White,F,31,3,SC,0,0.673214286,1
17933,White,M,37,2.4,SC,-0.76,0.691071429,1
17935,White,F,40,2.5,SC,0.1,0.738095238,1
17936,White,F,32,2.9,SC,0.73,0.676190476,1
17937,White,M,34,3,SC,0.25,0.710714286,1
17938,White,F,42,3.2,SC,0.95,0.829761905,1
17939,White,F,34,3.2,SC,0.08,0.729761905,1
17941,Hispanic,F,31,2.5,SC,-1.09,0.625595238,0
17942,White,F,44,2.1,SC,0.07,0.75,1
17943,White,F,30,2.6,SC,0.7,0.622619048,1
17944,White,F,40,2.5,SC,1.1,0.738095238,1
17945,White,F,38,3,SC,-0.75,0.760714286,1
17946,White,F,38,2.5,SC,-0.14,0.713095238,1
17948,White,F,28.3,2.8,SC,-0.93,0.620416667,0
17949,White,F,39,2.7,SC,-0.14,0.744642857,1
17950,White,M,36,3.1,SC,0.31,0.745238095,1
17952,White,M,25,3.4,SC,0.78,0.636309524,1
17954,White,F,39,2.8,SC,0.67,0.754166667,1
17955,White,F,33,3.3,SC,0.94,0.726785714,1
17956,White,F,37,2.7,SC,0.61,0.719642857,1
17957,White,F,33,2.8,SC,-0.9,0.679166667,1
17958,Hispanic,M,36,3.1,SC,-0.46,0.745238095,0
17960,White,M,38,2.7,SC,1.1,0.732142857,1
17961,Mexican,F,32,2.7,SC,0.71,0.657142857,1
17962,White,F,39,3,SC,1.39,0.773214286,1
17963,White,M,36,3.4,SC,0.55,0.773809524,1
17964,White,M,32,2.6,SC,-1.22,0.647619048,0
17965,Mexican,F,31,2.8,SC,-1.42,0.654166667,0
17966,White,F,30.5,2.6,SC,0.54,0.628869048,1
17968,White,F,35,3.4,SC,1.39,0.761309524,1
17969,White,M,32,3.6,SC,0.52,0.742857143,1
17970,White,M,39,3,SC,0.67,0.773214286,1
17971,White,F,34,3.3,SC,1.44,0.739285714,1
17973,White,M,38,2.4,MS,0.81,0.703571429,1
17974,White,M,31,3.4,SC,-0.08,0.711309524,1
17975,White,F,30.5,2.7,SC,-0.02,0.638392857,1
17976,White,M,37,3.1,SC,0.34,0.757738095,1
17977,White,F,35,3,SE,0.26,0.723214286,1
17979,White,F,35,2.7,SC,0.9,0.694642857,1
17980,White,M,36.5,2.7,SC,-0.94,0.713392857,1
17981,White,M,34,3.5,SC,0.52,0.758333333,1
17982,White,M,35,3,SC,0.76,0.723214286,1
17984,White,F,36,2.7,SC,-0.5,0.707142857,0
17985,White,F,36,2.9,SC,0.59,0.726190476,1
17986,Mexican,M,27,2.5,SC,-1.4,0.575595238,1
17987,White,M,32,3.5,SC,-1.09,0.733333333,1
17988,White,M,39,2.8,SC,-0.57,0.754166667,1
17989,Asian,F,29,3.3,SC,-0.07,0.676785714,1
17990,White,F,36,3.4,SC,-0.02,0.773809524,1
17991,Black,M,32,3.1,SC,-1.39,0.695238095,0
17992,White,F,36.5,2.2,SC,-0.43,0.66577381,1
17993,White,M,37,2.9,SC,0.66,0.738690476,1
17997,White,F,34.5,3.4,SC,-0.95,0.755059524,1
17998,White,M,29,3.9,SC,-0.14,0.733928571,1
18000,White,F,36,3.3,NE,0.01,0.764285714,1
18001,White,F,36,3.1,SC,0.89,0.745238095,1
18002,White,M,32.5,2.9,SC,0.85,0.682440476,1
18004,White,F,34,2.9,SC,-0.94,0.701190476,1
18005,White,F,41,2.8,SC,0.13,0.779166667,1
18006,Mexican,M,26,2.7,SC,-0.94,0.582142857,0
18007,White,F,35,3.4,SC,1.51,0.761309524,1
18008,White,M,34,3.3,SC,0.39,0.739285714,1
18009,White,F,41,2.4,SC,2.18,0.741071429,1
18010,White,F,34,3.5,SC,0.06,0.758333333,1
18011,White,M,32.5,3.6,SC,-0.14,0.749107143,1
18012,White,M,27,3.4,SC,-1.21,0.661309524,0
18013,White,F,34,2.7,SC,0.64,0.682142857,1
18014,White,F,32,2.6,SC,-1.15,0.647619048,1
18015,White,F,36,2.9,SC,0.22,0.726190476,1
18017,Mexican,M,26.5,2.7,SC,-0.7,0.588392857,1
18018,White,F,34,3.1,SC,0.44,0.720238095,1
18019,White,M,32.5,3.5,SC,0.14,0.739583333,1
18020,White,M,35,3.1,SC,0.44,0.732738095,1
18022,White,M,33,3.2,SC,0.42,0.717261905,1
18023,White,M,39,3,SC,2.32,0.773214286,1
18024,White,F,38,2.8,SC,2.48,0.741666667,1
18025,White,F,38,2.5,NW,0.16,0.713095238,1
18026,White,M,37,3,SC,1.28,0.748214286,1
18027,White,M,33.5,3.6,SC,0.3,0.761607143,1
18028,White,M,36,3.3,SC,1.59,0.764285714,1
18031,White,M,37,3.4,SC,-0.22,0.786309524,1
18032,White,F,26.5,2.6,SC,0.98,0.578869048,1
18033,White,M,36,3.2,SC,0.75,0.754761905,1
18034,Black,M,25,3.7,SC,-0.76,0.664880952,0
18037,White,F,29.3,3.5,SC,0.58,0.699583333,1
18038,White,F,34,2.8,SC,1.11,0.691666667,1
18039,White,F,39,2.8,SC,0.39,0.754166667,1
18041,White,F,35,3.8,SC,-1.31,0.799404762,1
18042,Mexican,M,32,2.7,SC,-0.5,0.657142857,1
18044,White,F,34,3,SC,-0.14,0.710714286,1
18046,White,M,35,3.3,SC,0.23,0.751785714,1
18047,White,F,35.5,3.2,SC,0.34,0.748511905,1
18048,Asian,M,32,3.5,SC,-0.84,0.733333333,1
18049,White,F,36,3.2,SC,-2.15,0.754761905,1
18050,White,M,37,3.1,SC,1.51,0.757738095,1
18051,White,M,32.5,3.3,SC,-0.09,0.720535714,1
18052,White,M,32,3,SC,0.35,0.685714286,1
18053,White,F,37,2.9,SC,-0.04,0.738690476,1
18054,White,F,35,3.2,SC,0.07,0.742261905,1
18055,White,M,29,3,SC,-1.59,0.648214286,0
18056,White,F,38,2.9,SC,1.08,0.751190476,1
18057,White,M,29.5,2.8,SC,0.19,0.635416667,1
18058,White,M,33.5,3.1,SC,1.23,0.713988095,1
18059,White,F,21.5,3.3,SC,0.15,0.583035714,0
18060,White,F,28,2.4,SC,-0.05,0.578571429,1
18061,White,F,33,2.9,SC,1.92,0.688690476,1
18062,White,F,34,3.2,SC,0.11,0.729761905,1
18063,White,F,35,3.1,SC,0.12,0.732738095,1
18066,White,F,46,2.9,SC,-0.12,0.851190476,1
18067,White,F,34,2.9,SC,-0.36,0.701190476,1
18068,White,M,35,3,SC,0.14,0.723214286,1
18069,White,M,37,2.9,SC,1.42,0.738690476,1
18070,White,F,28.3,2.8,SC,-1.41,0.620416667,1
18072,White,M,35,3.6,SC,-0.29,0.780357143,1
18073,White,M,40,2.9,SC,-0.1,0.776190476,1
18074,White,M,32,3.9,Mt,-0.74,0.771428571,0
18075,White,M,33,2.4,SC,-0.27,0.641071429,1
18077,White,M,37,2.7,SC,-0.33,0.719642857,1
18078,White,M,36.5,2.8,SC,-0.66,0.722916667,1
18079,White,M,32,3.3,SC,0.04,0.714285714,1
18080,White,M,33,3,SC,-0.75,0.698214286,1
18081,White,F,27.7,2,SC,-0.81,0.53672619,1
18082,White,F,45,1.9,SC,1.59,0.743452381,1
18084,White,M,36.5,2.4,SC,0.61,0.684821429,1
18085,White,F,34,3.1,SC,-0.16,0.720238095,1
18086,White,M,33,3.5,SC,-0.13,0.745833333,1
18087,White,F,38,2.1,NE,3.04,0.675,1
18088,White,M,32,3.2,SC,0.01,0.704761905,0
18089,White,M,37,2.8,SC,0.26,0.729166667,1
18090,White,F,39,2.9,SC,2.7,0.763690476,1
18092,White,F,30.5,3.5,SC,0.27,0.714583333,1
18095,White,M,38,2.8,SC,0.78,0.741666667,1
18096,White,F,32,2.5,SC,0.59,0.638095238,1
18097,White,M,32,3.5,SC,-0.55,0.733333333,0
18100,White,M,34,3.3,SC,0.67,0.739285714,1
18101,White,F,36,3.3,SC,0.14,0.764285714,1
18102,White,F,36,2.9,SC,0.32,0.726190476,1
18105,White,F,37,2.8,SE,0.59,0.729166667,1
18106,Mexican,F,31,2.7,SC,0.3,0.644642857,1
18107,White,F,35,3.1,SC,-0.02,0.732738095,1
18108,White,M,33,3.5,SC,0.17,0.745833333,1
18110,White,F,36,3.2,SC,1.26,0.754761905,1
18111,White,M,35,3,SC,-0.31,0.723214286,0
18112,Asian,M,25,3.1,SC,-0.67,0.607738095,1
18113,White,M,29,3.7,SC,-0.43,0.714880952,0
18114,White,F,35,2.9,SC,1.36,0.713690476,1
18116,White,F,39,3.1,SC,1.77,0.782738095,1
18118,White,M,32,3.3,SC,-0.47,0.714285714,1
18119,White,F,37,3.4,SC,2.27,0.786309524,1
18120,White,M,34,3.4,SC,0.41,0.748809524,1
18121,White,M,35,3.2,SC,0.42,0.742261905,1
18122,White,M,33,3.5,SC,0.58,0.745833333,1
18123,White,F,36,2.8,SC,1.28,0.716666667,1
18124,White,M,35,3,SC,1.05,0.723214286,1
18125,White,M,25.5,2.6,SC,-1.01,0.566369048,1
18127,White,F,39,2.5,SC,1.09,0.725595238,1
18128,White,M,35,2.8,SC,-0.58,0.704166667,1
18129,White,M,36,3.1,NG,0.15,0.745238095,1
18131,White,M,32,3.1,SC,1.23,0.695238095,1
18132,White,M,33,3,SC,0.39,0.698214286,1
18133,White,F,40,2.5,SC,-0.12,0.738095238,1
18134,White,M,33,2.8,SC,-1.02,0.679166667,0
18136,White,M,30,3.6,SC,-0.91,0.717857143,1
18137,Black,M,29,2.1,SC,-0.6,0.5625,1
18138,White,F,33,3.2,SC,0.83,0.717261905,1
18139,White,F,37,3.2,SC,-0.58,0.767261905,1
18140,White,M,26,3.7,SC,-0.22,0.677380952,1
18141,White,F,37,2.9,SC,-0.75,0.738690476,0
18143,Asian,F,31,3.4,SC,-0.86,0.711309524,0
18147,White,M,36,2.7,SC,1.34,0.707142857,1
18148,White,M,33,3,SC,0.46,0.698214286,1
18149,White,M,39,3,NE,1.43,0.773214286,1
18150,White,F,33,3.3,SC,-0.62,0.726785714,1
18151,White,F,30.5,3.2,SC,-0.77,0.686011905,1
18152,White,M,33.5,2.8,SC,-0.17,0.685416667,1
18153,White,M,31,3,SC,-1.06,0.673214286,0
18154,White,F,37,2.6,SC,-0.08,0.710119048,1
18155,Black,F,21,3.2,SC,-1.09,0.567261905,0
18156,White,M,36,3.1,SC,-0.67,0.745238095,1
18157,White,M,36,3.1,SC,1.33,0.745238095,1
18160,White,M,29.5,3.5,SC,-0.58,0.702083333,1
18161,White,M,39,3,SC,0.07,0.773214286,1
18162,White,F,39,2.6,SC,0.15,0.735119048,1
18164,White,M,34,3.5,SC,2.56,0.758333333,1
18165,White,F,35,2.8,SC,1.22,0.704166667,1
18166,White,M,35,3.1,SC,1.74,0.732738095,1
18167,White,F,33,2.8,SC,0.67,0.679166667,1
18168,White,M,30,3.5,SC,0.53,0.708333333,1
18169,Mexican,M,32,2.3,SC,0.18,0.619047619,1
18170,White,M,39,3.1,SC,-1.64,0.782738095,0
18171,White,M,34,3.1,SC,-0.03,0.720238095,0
18172,Mexican,M,25,3.3,SC,-0.75,0.626785714,1
18173,White,M,35,3,SC,-0.88,0.723214286,1
18174,White,F,32,2.9,SC,0.24,0.676190476,0
18175,White,F,34,2.7,SC,0.61,0.682142857,1
18176,White,M,31,3.6,SC,-0.48,0.730357143,1
18177,White,M,32,3.2,SC,-1.16,0.704761905,1
18179,White,M,37,3.3,SC,0.86,0.776785714,1
18180,Black,F,23,2.7,SC,-1.39,0.544642857,0
18181,White,F,31.5,3.6,SC,-0.67,0.736607143,0
18182,White,F,42,2.7,SC,1.43,0.782142857,1
18183,Black,F,29,3,SC,-0.04,0.648214286,1
18185,White,M,32,3,SC,0.68,0.685714286,1
18186,White,M,33,3.6,SC,-0.04,0.755357143,1
18188,White,F,35,2.3,SC,-0.35,0.656547619,1
18189,White,F,38,2.8,SC,0.21,0.741666667,1
18191,White,F,35,3.3,SC,1.34,0.751785714,1
18192,Black,M,25,3.3,SC,-0.75,0.626785714,0
18193,White,F,40,2.6,SC,-1,0.747619048,0
18194,White,F,29,3.5,SC,-0.17,0.695833333,1
18196,White,F,35,3.4,SC,1.51,0.761309524,1
18197,White,F,35,2.6,SC,-0.25,0.685119048,1
18198,White,F,33,3.2,SC,0.53,0.717261905,1
18199,White,F,45,2.9,NE,0.22,0.838690476,1
18200,White,F,39,3,NE,1.05,0.773214286,1
18201,White,F,45,2.9,NE,0.48,0.838690476,1
18202,White,F,42,2.9,NE,-0.14,0.801190476,1
18204,White,F,29.5,3.7,MS,-0.01,0.721130952,1
18205,White,M,38,3.4,NE,0.02,0.798809524,1
18206,White,F,40,3,NE,1.97,0.785714286,1
18207,White,F,47,3.2,NE,1.92,0.892261905,1
18209,White,F,30.5,3.5,NE,0.79,0.714583333,1
18210,White,F,45,2.8,SE,0.84,0.829166667,1
18211,Black,M,24,3.1,NE,-1.37,0.595238095,1
18212,White,F,36,3.1,NG,0.92,0.745238095,1
18213,White,M,39,3.6,NE,0.89,0.830357143,1
18214,White,F,34,3.4,NE,0.22,0.748809524,1
18215,Asian,F,32,3.6,NE,0.07,0.742857143,1
18216,Black,F,34,2.8,NE,-1.63,0.691666667,0
18218,White,F,38,3.3,NE,1.02,0.789285714,1
18219,White,F,28,3.7,NE,-1.55,0.702380952,0
18220,White,M,37.5,2.7,NE,1.18,0.725892857,1
18221,Black,M,28,3.2,MS,0.25,0.654761905,1
18222,White,F,35,2.5,NE,-1.63,0.675595238,1
18223,White,M,31,3.1,GL,-0.44,0.682738095,1
18224,White,F,43,2.8,NE,0.48,0.804166667,1
18225,White,F,33.5,3.6,NE,-0.55,0.761607143,1
18226,White,M,37,3.3,NE,0.56,0.776785714,1
18227,Hispanic,M,26,3.1,NE,-0.65,0.620238095,0
18228,White,F,36,2.9,NE,0.97,0.726190476,1
18229,White,F,28.5,3.3,NE,-0.32,0.670535714,1
18230,Hispanic,F,27.7,2.9,NE,-1.83,0.622440476,0
18232,White,M,35,3.4,NE,-0.29,0.761309524,1
18233,White,M,39,3.3,NE,1.3,0.801785714,1
18234,White,M,35.5,3.5,NE,0.3,0.777083333,1
18236,Hispanic,M,27,2.5,NE,-1.39,0.575595238,0
18237,White,F,40,3.3,NE,0.74,0.814285714,1
18238,White,M,40,3.3,NE,-0.24,0.814285714,1
18239,White,M,33,3.4,NE,0.87,0.736309524,1
18240,White,F,38,3.2,NE,-0.62,0.779761905,1
18241,Hispanic,F,28,2.7,NE,-1.16,0.607142857,1
18242,Black,F,22,3.2,NE,-2.14,0.579761905,1
18243,White,M,29,3.9,NE,1.38,0.733928571,1
18244,Hispanic,F,31,3.2,NE,0.28,0.692261905,1
18245,White,M,33.5,3.4,NE,0.94,0.742559524,1
18246,White,M,34,3.2,NE,-0.47,0.729761905,1
18247,White,M,32,3.8,NE,0.61,0.761904762,1
18248,White,F,32,3.5,NE,0.71,0.733333333,1
18249,White,M,36,3.5,NE,-0.8,0.783333333,1
18250,White,F,37,3.3,NE,0.35,0.776785714,1
18251,White,F,35,3.2,NE,0.35,0.742261905,1
18253,White,M,32,3.7,NE,1.25,0.752380952,1
18254,White,M,37,3.3,NE,-0.11,0.776785714,1
18255,White,F,40,3.1,NE,0.35,0.795238095,1
18256,White,F,34,3.2,GL,-0.01,0.729761905,1
18257,White,F,37,2.8,NE,0.02,0.729166667,1
18259,White,M,34,3.5,NE,0.92,0.758333333,1
18260,White,F,32,3.5,SC,0.35,0.733333333,1
18261,White,F,36,3.2,NE,-0.39,0.754761905,1
18262,White,M,40,3.1,NE,0.02,0.795238095,1
18263,Other,F,41.5,3.1,NE,-0.01,0.813988095,1
18265,White,M,39,3.6,NE,0.56,0.830357143,1
18266,White,M,40,3.2,NE,0.71,0.804761905,1
18267,White,F,29,3.8,NE,-0.24,0.724404762,1
18268,Asian,M,34,2.8,GL,0.22,0.691666667,1
18269,White,M,37,3.4,NE,0.69,0.786309524,1
18270,White,M,33,3.4,NE,-0.47,0.736309524,1
18271,White,M,34,3.7,NE,0.15,0.777380952,1
18272,White,F,37,3.4,NE,0.58,0.786309524,1
18273,White,F,23.7,2.9,NE,-0.93,0.572440476,1
18274,Asian,M,30,3.5,NE,0.1,0.708333333,1
18275,White,F,36,3.7,NE,-0.03,0.802380952,1
18276,White,F,33,3.5,NE,0.1,0.745833333,1
18277,White,F,35,3.4,NE,-0.21,0.761309524,1
18279,White,F,37,3.3,NE,0.15,0.776785714,1
18280,White,F,36,2.9,NE,-0.52,0.726190476,1
18281,White,F,40,3.2,FW,1.38,0.804761905,1
18282,White,F,34,3.5,NE,1.15,0.758333333,1
18283,White,M,34,3.4,MS,1.05,0.748809524,1
18284,Other,M,31,3.2,FW,-1.24,0.692261905,0
18285,White,F,34,3.6,NE,1.23,0.767857143,1
18286,White,M,32,3.7,NE,0.1,0.752380952,1
18287,White,F,35,3.3,MS,0.07,0.751785714,1
18288,White,F,34,2.8,NE,-0.32,0.691666667,1
18289,Other,M,27,3.1,NE,-2.86,0.632738095,0
18290,Puertorican,F,31,2.7,NE,0.17,0.644642857,1
18292,White,F,40.5,3.3,NE,0.22,0.820535714,1
18293,White,F,36,3.3,NE,0.33,0.764285714,1
18294,White,F,28,3.5,NE,0.17,0.683333333,1
18295,White,F,34,3.5,NE,0.35,0.758333333,1
18296,White,F,28.5,3.5,MS,-1.37,0.689583333,0
18297,White,F,43,2.6,NE,-0.75,0.785119048,1
18299,White,F,30,3.1,NE,-0.24,0.670238095,1
18300,Asian,M,28,2.9,NE,-0.98,0.626190476,1
18301,Black,M,29,3.4,NE,-1.32,0.686309524,1
18302,White,M,41,3.5,NE,1.23,0.845833333,1
18304,Black,M,13.5,2.7,NE,-1.57,0.425892857,1
18305,White,M,47,3.9,NE,1.61,0.958928571,1
18306,White,M,35,3.5,NE,0.43,0.770833333,1
18307,Black,F,39,2.8,NE,-1.96,0.754166667,1
18308,White,M,31.5,3.6,NE,-0.37,0.736607143,1
18309,White,M,39,3.5,NE,0.1,0.820833333,1
18311,White,M,34.5,3.9,NE,0.76,0.802678571,1
18312,White,F,35,3,NE,0.35,0.723214286,1
18313,Other,M,33,3.3,NE,-1.91,0.726785714,0
18314,Black,M,28,3,SE,0.43,0.635714286,0
18315,White,F,39,3.8,NE,0.58,0.849404762,1
18317,White,M,37,4,NE,1.23,0.843452381,1
18318,White,M,34,2.9,NE,-0.73,0.701190476,0
18319,White,F,34,3.6,NE,0.64,0.767857143,1
18320,Asian,M,31,2.8,MS,-1.32,0.654166667,0
18321,White,M,41,3.4,NE,0.46,0.836309524,1
18322,White,F,35,3.3,NE,-0.26,0.751785714,1
18323,White,M,36,3.1,NE,0.76,0.745238095,1
18324,White,F,34,2.5,NE,-1.27,0.663095238,1
18325,White,M,39.5,3.2,NE,-0.5,0.798511905,1
18326,White,F,38,3.4,NE,1.23,0.798809524,1
18327,White,F,37,3.1,NE,0.2,0.757738095,1
18328,White,F,38,2.4,NE,-0.11,0.703571429,1
18329,White,F,33,2.6,NE,0.2,0.660119048,1
18330,Hispanic,F,40,3.8,NE,0.1,0.861904762,1
18332,Black,F,30,3.4,NE,-0.52,0.698809524,1
18333,White,M,36,3.8,NE,1.54,0.811904762,1
18335,Asian,M,30,3.6,NE,-0.19,0.717857143,1
18336,White,M,39,2.9,NG,1,0.763690476,1
18337,White,M,29,3.7,NG,1.33,0.714880952,1
18338,White,M,33,3.7,NE,-1.86,0.764880952,1
18339,White,M,34,3.4,MS,0.48,0.748809524,1
18340,White,M,37,3.7,GL,-0.42,0.814880952,1
18341,White,M,31,3.7,NE,-0.37,0.739880952,1
18342,White,M,36,3.5,NE,-0.6,0.783333333,1
18343,White,M,32.5,2.9,NE,-0.55,0.682440476,1
18344,Black,M,32.5,3.8,NE,-0.44,0.768154762,1
18346,White,F,37,3.7,Mt,2,0.814880952,1
18347,White,F,32,3.3,NE,0.4,0.714285714,1
18349,White,M,30.5,3.2,NE,0.71,0.686011905,1
18350,White,M,41,3.5,NE,0.58,0.845833333,1
18351,White,M,27,3.5,NE,0.07,0.670833333,1
18352,Black,M,33,2.7,NE,-0.52,0.669642857,1
18353,White,M,32,3.1,NE,-0.21,0.695238095,1
18354,White,M,37,3.9,NE,0.71,0.833928571,1
18356,Hispanic,M,38,3.4,NE,-0.37,0.798809524,1
18357,White,M,39,3.2,NE,0.48,0.792261905,1
18358,White,M,37,3.3,NE,1.46,0.776785714,1
18359,White,M,30,3.5,NE,-0.83,0.708333333,1
18361,White,M,41,3.5,NE,-0.26,0.845833333,1
18362,White,F,34,3.2,NE,0.82,0.729761905,1
18364,Other,F,26,3.1,MS,-0.44,0.620238095,0
18365,White,M,30,3.9,NE,0.33,0.746428571,1
18366,White,M,28,3.5,NE,0.66,0.683333333,1
18367,White,F,39,2.8,NE,0.61,0.754166667,1
18368,White,F,35,3.4,NE,-1.96,0.761309524,1
18369,White,M,37,3.4,NE,0.35,0.786309524,1
18370,White,M,38,3.1,NG,1.3,0.770238095,1
18371,Other,M,32.5,3.1,NE,0.71,0.701488095,1
18372,White,F,34,3.2,NE,-0.47,0.729761905,1
18373,White,F,37,3.4,NE,0.56,0.786309524,1
18374,White,F,36,2.8,NE,-0.67,0.716666667,1
18375,Black,M,27,3.3,NE,-1.14,0.651785714,0
18376,White,F,33,3.5,NE,0.58,0.745833333,1
18377,White,F,33.7,3.3,NW,1.72,0.735535714,1
18378,White,M,35,3.2,NE,0.1,0.742261905,1
18379,Black,F,31,2.7,NE,-0.98,0.644642857,1
18380,Black,M,34,2.2,NE,-0.11,0.63452381,1
18381,White,F,39,3.8,NE,0.61,0.849404762,1
18382,Other,F,33,3.8,NE,-0.62,0.774404762,1
18383,White,M,36,3.9,NE,1.9,0.821428571,1
18385,White,M,35.5,3,NE,1.07,0.729464286,1
18386,White,F,27,3.6,NE,-0.98,0.680357143,1
18387,White,F,42,3.3,NE,0.07,0.839285714,1
18388,White,M,34,3.6,NE,0.28,0.767857143,1
18389,White,F,37,3.3,NE,0.38,0.776785714,1
18390,White,M,37,3.4,NE,0.43,0.786309524,1
18391,Black,F,18,3.7,NE,-2.01,0.577380952,0
18392,White,M,36,3.2,NE,-0.11,0.754761905,1
18393,White,F,43,3.3,NE,0.87,0.851785714,1
18394,White,M,34,3.7,NE,0.48,0.777380952,1
18395,White,F,41,3.2,NE,0.97,0.817261905,1
18396,Asian,F,33,2.5,NE,1.28,0.650595238,1
18397,White,F,36,3.5,NE,-0.06,0.783333333,1
18398,White,F,30.5,3.7,MS,-0.01,0.733630952,1
18399,Black,M,26.5,2.9,NE,-1.81,0.607440476,1
18402,White,M,42,2.7,SC,0.77,0.782142857,1
18404,White,F,41,2.5,MS,1.11,0.750595238,1
18407,White,F,38,3.2,NE,0.17,0.779761905,1
18408,White,M,34.5,2.8,SC,-0.51,0.697916667,1
18413,White,F,27,2.9,SC,-0.36,0.613690476,1
18415,White,M,36,3.5,MS,0.69,0.783333333,1
18416,White,F,40,2.6,SC,-0.17,0.747619048,1
18417,White,M,36,3.5,NE,0.2,0.783333333,1
18418,White,M,32.5,3,SC,0.23,0.691964286,1
18420,White,F,30,3.7,SC,-0.42,0.727380952,1
18421,White,M,33,2.5,SC,0.21,0.650595238,1
18423,White,M,35,2.8,SE,1.9,0.704166667,1
18424,White,M,35,2.9,SC,-0.49,0.713690476,1
18425,Mexican,F,31,2.6,SC,-0.44,0.635119048,1
18426,White,F,25,4,SC,0.86,0.693452381,1
18427,White,M,34,3.6,NE,1.3,0.767857143,1
18429,White,M,41,3.7,SC,0.16,0.864880952,1
18430,White,F,33.5,2.8,MS,0.16,0.685416667,1
18431,White,F,34,2.8,SC,-0.03,0.691666667,1
18432,White,M,35,3,SC,0,0.723214286,1
18433,White,M,37,3.3,NE,-0.24,0.776785714,1
18434,White,F,32.5,3,MW,0.52,0.691964286,1
18436,White,M,34,3.2,SC,0.63,0.729761905,1
18437,White,F,33,3,SC,-0.51,0.698214286,1
18438,White,F,34,3.7,NE,-0.55,0.777380952,1
18439,Black,M,28,3.1,MS,-0.34,0.645238095,1
18440,White,M,30,3.9,SC,-0.15,0.746428571,1
18442,White,F,35,3,SC,0.31,0.723214286,1
18443,White,M,33,3,MS,-0.72,0.698214286,0
18444,White,M,33,3.4,SE,-0.21,0.736309524,1
18446,White,M,42,3.7,SC,1.82,0.877380952,1
18447,Black,M,26,3,NE,-1.7,0.610714286,1
18450,White,F,40,4,SC,1.44,0.880952381,1
18451,White,F,24,3.2,SC,-0.89,0.604761905,1
18453,Black,M,14.5,3.2,MS,-1.22,0.486011905,0
18455,White,M,27,3.2,SC,-0.82,0.642261905,1
18456,White,F,30,2.6,SC,0.69,0.622619048,1
18457,White,F,34,2.6,SC,-0.17,0.672619048,1
18459,White,F,39,3.7,SC,1.42,0.839880952,1
18460,White,F,36,3.9,SC,1.32,0.821428571,1
18462,White,F,37,3.4,SC,0.86,0.786309524,1
18465,White,F,41,2.4,SC,-0.59,0.741071429,0
18467,Black,F,24,3.3,GL,-1.39,0.614285714,1
18469,White,F,34,2.3,NE,0.07,0.644047619,1
18470,White,F,35.5,2.6,SC,1.88,0.691369048,1
18471,White,F,36,2.6,MS,1.34,0.697619048,1
18473,White,M,36,2.9,NE,-0.06,0.726190476,1
18474,White,F,36,3.3,NE,-0.08,0.764285714,1
18475,White,F,40,3.6,NE,1.05,0.842857143,1
18476,Asian,M,39,3.1,NE,0.4,0.782738095,1
18477,White,F,33,2.9,FW,-0.06,0.688690476,0
18479,White,F,37.5,3.2,NE,1.84,0.773511905,1
18480,White,F,34,3.6,NE,1.28,0.767857143,1
18481,White,M,36,3.2,NE,-1.37,0.754761905,1
18482,White,M,32,3.5,NE,-0.26,0.733333333,1
18483,White,F,33,3.4,NE,-1.11,0.736309524,1
18484,White,M,37,3,NE,0.15,0.748214286,1
18485,White,F,34,3.4,NE,-0.03,0.748809524,1
18486,White,M,41,3.5,NE,0.92,0.845833333,1
18487,White,F,37,3.7,NE,1.02,0.814880952,1
18488,White,F,36,3.7,NE,-0.06,0.802380952,1
18489,White,M,36,3.2,NE,0.25,0.754761905,1
18490,White,F,39,3.3,NE,0.22,0.801785714,1
18491,Asian,F,33,2.9,NE,-0.37,0.688690476,1
18492,White,M,35,3.8,NE,0.07,0.799404762,1
18493,White,F,33,3.4,NE,0.46,0.736309524,1
18495,White,F,39,3.7,NE,-0.29,0.839880952,1
18496,White,F,36,2.7,NE,-0.55,0.707142857,1
18497,Black,M,29,2.7,NE,-1.03,0.619642857,1
18498,White,M,36,3.5,NE,0.58,0.783333333,1
18499,White,F,27.5,3.4,NE,-0.6,0.667559524,1
18500,White,F,38,3.1,NE,-0.57,0.770238095,1
18502,White,M,33,3.4,NE,0.1,0.736309524,1
18503,Asian,M,35.5,3.1,NE,-0.57,0.738988095,1
18504,White,M,39,3.8,NE,1.64,0.849404762,1
18505,White,F,37,3.4,NE,0.82,0.786309524,1
18506,White,F,34,3.4,NE,-0.44,0.748809524,0
18507,White,F,35,2.9,NE,0.17,0.713690476,1
18508,White,M,23,3.4,NE,0.3,0.611309524,1
18509,White,F,43,3.2,NE,-0.5,0.842261905,0
18510,Other,F,38.5,3.5,NE,1.33,0.814583333,1
18511,White,F,32,3.8,NE,1.25,0.761904762,1
18512,White,F,42,4,NE,2.08,0.905952381,1
18514,Black,M,28,3.3,NE,-0.08,0.664285714,1
18515,White,F,31.5,3.6,NE,1.46,0.736607143,1
18516,White,F,40,2.6,NE,-0.03,0.747619048,1
18517,White,F,37,3.3,NE,-1.81,0.776785714,1
18518,White,M,33,3.5,MS,-0.08,0.745833333,0
18519,White,F,39,3.8,NE,1.38,0.849404762,1
18520,White,F,33,3.7,NE,0.76,0.764880952,1
18521,Puertorican,M,34,2.7,NE,0.89,0.682142857,1
18522,White,F,36,3.4,NE,0.3,0.773809524,1
18523,White,F,45,3.3,NE,-0.34,0.876785714,1
18524,White,F,34,2.9,NE,-0.55,0.701190476,1
18525,Black,F,25,3.5,NE,-1.29,0.645833333,0
18527,White,M,38,3.4,NE,-0.37,0.798809524,1
18530,White,M,45,2.9,NE,-1.01,0.838690476,1
18532,Black,F,27,3.4,NE,-0.19,0.661309524,1
18533,Asian,F,31,3,NE,-0.03,0.673214286,1
18534,White,M,33,3,NE,0.56,0.698214286,1
18535,White,F,39,3.8,NE,1.92,0.849404762,1
18537,White,F,36,3.4,NE,0.04,0.773809524,1
18538,White,M,35,4,NE,1.9,0.818452381,1
18539,White,F,30,3.7,NE,-0.62,0.727380952,1
18540,White,M,35,3.5,NE,0.15,0.770833333,1
18541,White,M,35,4,NE,0.28,0.818452381,1
18542,Asian,M,32,3.2,NE,-0.06,0.704761905,1
18543,White,M,43,3.3,NE,0.89,0.851785714,1
18545,White,F,35,3.4,NE,0.66,0.761309524,1
18546,White,M,31,3.9,NE,-0.55,0.758928571,1
18547,Black,M,36,2.4,NE,0.07,0.678571429,1
18549,White,F,36,2.8,SC,-0.16,0.716666667,1
18550,White,M,37,3.3,MS,-0.13,0.776785714,1
18551,Black,F,31,2.6,SC,-1.72,0.635119048,0
18552,Black,M,26,3.6,SC,-0.89,0.667857143,0
18553,White,F,32,3,SC,-1.15,0.685714286,0
18554,Black,M,27,3.3,SC,-2.04,0.651785714,0
18555,White,M,42,2.8,SC,-0.35,0.791666667,1
18556,White,M,40,3.7,SC,-0.75,0.852380952,0
18557,White,M,40,2.6,SC,-0.78,0.747619048,1
18558,White,M,38,3.2,SC,-0.05,0.779761905,1
18559,White,F,25,2.9,SC,-1.24,0.588690476,0
18561,White,F,34.5,3.2,SC,-0.24,0.736011905,1
18562,Asian,F,40,2.8,SC,-0.83,0.766666667,1
18563,Asian,M,38,3.3,SC,-0.19,0.789285714,1
18564,Asian,M,25.5,3,SC,-1.15,0.604464286,0
18566,White,F,39,3.1,SC,-0.16,0.782738095,1
18567,White,F,40,2.2,SC,-0.16,0.70952381,1
18568,White,F,40.5,3.2,SC,1.13,0.811011905,1
18569,White,M,28,3.2,SC,-0.05,0.654761905,1
18570,White,F,40,3.2,SC,-1.16,0.804761905,1
18571,Hispanic,F,34,2.9,SC,-1.37,0.701190476,0
18572,White,F,32.5,3.6,SC,0.24,0.749107143,1
18573,White,F,38,3.5,SC,0.38,0.808333333,1
18574,White,M,45,3.2,SC,1.51,0.867261905,1
18575,White,M,36,3.1,SC,0.27,0.745238095,1
18576,White,F,39,3.4,SC,-0.78,0.811309524,1
18577,White,F,44,3,SC,1.05,0.835714286,1
18578,White,M,41,3.7,FW,0.57,0.864880952,1
18579,White,F,38,3.5,SC,-0.62,0.808333333,1
18580,White,F,39,3.5,GL,1.13,0.820833333,1
18581,White,F,41,2.8,SC,1.51,0.779166667,1
18582,White,F,42,3.1,Mt,0.49,0.820238095,1
18584,White,M,38,3.5,SC,0.62,0.808333333,1
18585,White,M,38,2.7,SE,0.11,0.732142857,1
18586,White,M,41,3.1,SC,-0.35,0.807738095,1
18587,White,M,42,3.3,SC,0.62,0.839285714,1
18589,White,F,38,3.8,SC,1.4,0.836904762,1
18590,White,F,38,3.2,SC,-0.29,0.779761905,1
18592,White,F,42,2.5,SC,-0.43,0.763095238,1
18593,White,F,40,3.5,SC,-0.21,0.833333333,1
18594,White,F,38,3.6,SC,-0.43,0.817857143,1
18595,White,M,40,3.1,SC,-0.08,0.795238095,1
18596,White,M,37,3.8,SC,0.99,0.824404762,1
18597,Hispanic,F,31,3.6,MS,-0.94,0.730357143,0
18599,White,F,43,3.2,SC,1.1,0.842261905,1
18600,White,F,40,3.6,SC,1.45,0.842857143,1
18601,Hispanic,F,27,3.3,SC,-0.56,0.651785714,1
18602,White,M,37,3,SC,-0.13,0.748214286,1
18604,White,F,38,3.2,SC,0.14,0.779761905,1
18606,White,M,38,3.1,SC,0.54,0.770238095,1
18607,White,F,38,3.6,SC,0.65,0.817857143,1
18608,White,F,37.7,3.3,SC,-0.08,0.785535714,1
18609,White,F,37,3.3,SC,1.13,0.776785714,1
18610,Asian,M,33,2.8,FW,-0.89,0.679166667,1
18611,White,F,37,3.5,SC,1.51,0.795833333,1
18612,White,M,44,3.8,SC,3.07,0.911904762,1
18613,White,F,43,3.6,SC,1.48,0.880357143,1
18615,White,F,41,3.2,SC,0.49,0.817261905,1
18618,White,M,36,3.8,SC,0.7,0.811904762,1
18619,White,M,42,3.5,SC,1.13,0.858333333,1
18620,White,F,36.5,3.2,SC,-0.05,0.761011905,1
18621,White,F,34.5,3.2,SC,-0.02,0.736011905,1
18623,White,M,37,3.6,SC,1.45,0.805357143,1
18624,White,M,41,2.9,SC,0.3,0.788690476,1
18625,White,M,45,3,SC,1.08,0.848214286,1
18626,White,M,37,3.4,SC,-0.32,0.786309524,1
18627,White,F,39,3.3,SC,-0.29,0.801785714,1
18628,White,M,41,3.7,SC,1.1,0.864880952,1
18629,White,M,40,3.1,SC,0.39,0.795238095,1
18630,White,F,47,2.8,SC,1.32,0.854166667,1
18631,White,M,42,3,SC,-0.62,0.810714286,0
18632,Hispanic,M,48,3.8,SC,0.84,0.961904762,0
18634,White,F,38,3,SC,-0.05,0.760714286,1
18635,White,M,37,3.6,SC,0.27,0.805357143,1
18636,White,M,39,3.4,SC,-1.5,0.811309524,1
18637,Hispanic,M,38,2.4,SE,-1.75,0.703571429,0
18638,White,M,38,3.9,SC,-0.32,0.846428571,1
18639,Asian,F,30.5,3,GL,-1.77,0.666964286,1
18640,White,M,36,3.2,SC,-0.64,0.754761905,1
18641,White,F,36,3.2,SC,-1.69,0.754761905,1
18642,Black,M,32,3.8,SC,-0.8,0.761904762,0
18643,White,F,36,3.3,SC,-0.19,0.764285714,1
18644,White,M,37,3,SC,0.11,0.748214286,1
18645,Asian,F,35,2.8,NE,-0.75,0.704166667,1
18646,White,F,44,2.9,SC,-0.64,0.826190476,1
18647,White,M,35,3.4,SC,-0.37,0.761309524,1
18648,White,F,38,3.3,SC,-0.48,0.789285714,1
18649,Hispanic,M,31.5,3.4,SC,-0.22,0.717559524,1
18650,White,F,40,3,SC,0.11,0.785714286,1
18651,Black,M,36,2.6,SC,-1.83,0.697619048,1
18652,Black,M,28,2.7,SC,-0.64,0.607142857,1
18653,White,F,42,2.6,SC,0.03,0.772619048,1
18654,White,M,37,3.1,SC,0.51,0.757738095,1
18655,White,F,39,3.3,SC,-0.13,0.801785714,0
18656,White,F,42,3.9,SC,0.78,0.896428571,1
18657,White,F,41,2.9,SC,-0.37,0.788690476,1
18658,White,F,38,3.5,SC,-0.11,0.808333333,1
18659,White,F,36,3.2,FW,0.94,0.754761905,1
18660,White,F,42,3.9,SC,0.16,0.896428571,1
18661,White,F,37,3.1,SC,1.97,0.757738095,1
18662,Mexican,M,42,2.9,SC,0.05,0.801190476,1
18663,White,M,41,3.4,SC,-0.02,0.836309524,1
18664,White,F,40,3.1,SC,0.35,0.795238095,1
18665,Hispanic,M,31,3.9,SC,-0.97,0.758928571,0
18666,White,M,42,3.1,MS,0.27,0.820238095,1
18667,Mexican,M,28,3.6,SC,-1.16,0.692857143,0
18668,White,F,39,3.3,GL,1.27,0.801785714,1
18670,White,M,38,3.4,SC,-1.02,0.798809524,1
18671,White,F,40,3.7,GL,1.32,0.852380952,1
18672,White,F,41,2.9,SC,-1.13,0.788690476,1
18673,White,M,38,3.7,SC,0.19,0.827380952,1
18674,Mexican,F,35,3,SC,-0.13,0.723214286,1
18675,White,F,40,3.2,SC,-0.56,0.804761905,1
18676,White,F,40,3,SC,0,0.785714286,1
18677,White,F,37,3.5,SC,0.24,0.795833333,1
18678,White,F,39,3.1,FW,0.3,0.782738095,1
18679,White,M,38,3.4,SC,0.81,0.798809524,0
18680,White,M,40,3.2,SC,0.06,0.804761905,0
18681,White,F,44,2.9,SC,1.21,0.826190476,1
18682,White,M,38,3.4,SC,0.19,0.798809524,1
18683,White,F,38,3.1,SC,0.67,0.770238095,1
18684,White,F,39,3.4,SC,-1.07,0.811309524,1
18685,Black,F,32,2.2,SC,-1.74,0.60952381,0
18686,Mexican,F,28,3.2,SC,-0.83,0.654761905,0
18688,Mexican,F,28,3.4,SC,-0.29,0.673809524,1
18689,White,F,46,2.8,SC,0.54,0.841666667,1
18690,Mexican,F,34,3.1,FW,-0.21,0.720238095,1
18691,White,F,40,2.9,SC,0.19,0.776190476,1
18692,White,M,37,3.3,NE,-0.19,0.776785714,1
18693,White,M,39,3.4,GL,1.7,0.811309524,1
18695,White,F,39,3.2,SC,1,0.792261905,1
18696,White,M,37,3.3,NW,-1.1,0.776785714,0
18697,White,F,34.5,3.6,SC,-0.21,0.774107143,1
18698,White,M,37,3.9,SC,1.64,0.833928571,1
18699,White,F,31,3.8,SC,-0.46,0.749404762,1
18700,White,F,36.5,2.8,NE,0.06,0.722916667,1
18701,White,F,36,3.4,SE,-2.61,0.773809524,1
18702,Mexican,F,29,3.1,NE,-1.85,0.657738095,0
18703,White,F,41,3.2,SC,-0.13,0.817261905,1
18705,White,M,40,2.8,SC,-0.7,0.766666667,0
18706,Hispanic,F,35,3.4,SC,-0.11,0.761309524,1
18708,White,F,39,3.1,SC,-0.59,0.782738095,1
18709,White,F,39,3.6,SC,1.1,0.830357143,1
18710,White,F,39,3.9,SC,1.21,0.858928571,1
18711,Puertorican,F,40.5,2.6,NE,0.46,0.753869048,1
18712,White,M,33.5,3.1,SC,-0.24,0.713988095,1
18713,White,M,42,3.8,SC,1.62,0.886904762,1
18714,Mexican,F,29.5,2.9,SC,-0.97,0.644940476,1
18715,White,M,38,3.7,SC,-0.02,0.827380952,1
18716,White,M,40,3.6,SC,-0.48,0.842857143,1
18717,White,M,34,3.6,SC,-0.16,0.767857143,1
18718,White,M,33.5,3.2,SC,-0.51,0.723511905,1
18719,White,F,38,3.4,NE,-0.43,0.798809524,1
18721,White,F,41,3.9,SC,1.59,0.883928571,1
18722,White,F,43,3.2,SC,1.21,0.842261905,1
18723,White,F,45,3.4,SC,1.88,0.886309524,1
18724,White,M,38,3.1,SC,0.81,0.770238095,1
18725,White,F,40,3,SC,0.32,0.785714286,1
18726,White,F,39,3,SC,0.84,0.773214286,1
18727,White,M,43,3.1,SC,1.21,0.832738095,1
18728,White,F,45,3.1,MS,1.29,0.857738095,1
18729,White,M,40,3.5,SC,0.73,0.833333333,1
18730,White,M,42,3.4,SC,0,0.848809524,1
18731,Black,M,32,2.5,SC,-1.05,0.638095238,0
18732,White,F,38,3.2,SC,-0.64,0.779761905,1
18733,White,F,35.5,3.8,SC,1.27,0.805654762,1
18734,White,M,37,3.7,SC,0.16,0.814880952,1
18735,White,F,39,2.6,SC,-0.59,0.735119048,1
18736,White,M,39,3.3,MS,-0.08,0.801785714,1
18737,Mexican,F,33,2.3,SC,0.14,0.631547619,1
18738,Black,M,27,2.7,SC,-1.83,0.594642857,0
18739,White,F,41,3.6,SC,1,0.855357143,1
18740,White,F,35.5,2.5,SC,2.29,0.681845238,1
18741,White,M,36,3.7,GL,0.62,0.802380952,1
18742,White,M,44,3.7,SC,2.05,0.902380952,1
18743,White,F,37,3.4,SC,0.94,0.786309524,1
18744,Black,M,30,2.5,FW,-1.72,0.613095238,0
18745,White,M,38,3.9,SC,0.43,0.846428571,1
18746,Black,M,26,3.5,SC,-1.53,0.658333333,1
18747,White,M,37,3.5,MS,-0.21,0.795833333,1
18748,White,M,36,3.1,NE,-0.81,0.745238095,1
18749,White,F,37,3.4,MS,0.64,0.786309524,1
18750,White,F,32,3,SE,-0.94,0.685714286,0
18751,White,F,28,3.5,SE,-0.32,0.683333333,0
18752,White,F,32,3.2,SE,0.49,0.704761905,1
18753,White,F,40,2.5,SE,0.28,0.738095238,1
18754,White,M,37,3,MS,0.19,0.748214286,1
18755,White,F,28,3.5,SE,0.04,0.683333333,1
18757,White,F,33,3.4,SE,0.53,0.736309524,1
18759,White,F,32.5,2.9,SE,0.43,0.682440476,1
18760,White,M,28.5,3.1,SC,0.7,0.651488095,1
18761,White,M,34,2.5,SE,-1.02,0.663095238,0
18762,White,F,29.5,3.1,SE,-0.6,0.663988095,1
18763,White,M,42,3.4,SE,0.19,0.848809524,1
18765,White,F,24,2.5,SE,-0.3,0.538095238,0
18766,White,F,33,2.9,SE,0.86,0.688690476,1
18767,White,F,30,3.8,SE,0.22,0.736904762,1
18768,White,F,35,3.2,SE,1.43,0.742261905,1
18769,White,F,36,2.7,SE,-0.3,0.707142857,1
18770,White,F,40,2.8,SE,-0.4,0.766666667,1
18771,White,M,41,3.3,MS,1.18,0.826785714,1
18772,White,F,32,3.5,SC,-0.36,0.733333333,1
18773,White,F,32,3.4,SC,1.26,0.723809524,1
18774,White,M,36,3,SE,-0.81,0.735714286,0
18775,White,F,36,3.7,SE,-0.17,0.802380952,0
18777,White,F,32,2.8,SC,-0.96,0.666666667,1
18778,White,F,29,3.7,SE,0.54,0.714880952,1
18779,White,M,37,4,SE,0.94,0.843452381,1
18780,White,F,35,3.5,SE,1.13,0.770833333,1
18781,White,F,34,3.4,SE,0.09,0.748809524,0
18782,White,F,42,3.6,SE,0.94,0.867857143,1
18783,White,M,31,3,SE,1.22,0.673214286,1
18785,White,M,34,3.4,SE,0.13,0.748809524,1
18786,White,M,29,3.5,MS,-0.11,0.695833333,1
18788,White,M,36,2.9,Mt,0.13,0.726190476,0
18789,White,F,32,3.1,SE,-0.11,0.695238095,0
18790,White,F,46,2.2,SE,-0.45,0.78452381,1
18791,White,F,32,2.8,SE,0.71,0.666666667,1
18792,White,F,29,3.2,SE,0.58,0.667261905,1
18793,White,F,33,3.6,SE,1.52,0.755357143,1
18794,White,M,30.5,3.2,SE,0.07,0.686011905,1
18795,White,F,34,3.1,SE,0.49,0.720238095,1
18796,White,M,33,3.5,SE,-0.6,0.745833333,0
18797,White,M,25,3.7,SE,-1.02,0.664880952,1
18798,White,M,34,2.8,MS,0.13,0.691666667,1
18799,White,F,32,3.6,SE,0.19,0.742857143,0
18800,White,F,38,2.8,SE,1.26,0.741666667,1
18801,White,F,29,3.4,SE,-0.17,0.686309524,0
18802,White,F,26.5,3.3,SE,-0.75,0.645535714,0
18803,White,M,32.5,3.4,MS,1.81,0.730059524,1
18804,White,F,28,3.4,SE,-1.11,0.673809524,0
18807,White,M,30,3.7,SE,0,0.727380952,1
18809,White,M,26,3.7,MS,0.38,0.677380952,1
18810,White,F,34,3.4,SE,0.09,0.748809524,1
18811,White,F,36,3,MS,-0.62,0.735714286,1
18812,White,F,38,3.7,SE,0.24,0.827380952,1
18813,White,M,30.5,3.1,SE,0.09,0.676488095,1
18814,Asian,M,45,3.7,SE,1.96,0.914880952,1
18815,White,F,28.5,2.6,MS,0.22,0.603869048,1
18816,White,F,32,2.7,SE,-0.32,0.657142857,1
18817,Black,F,26,2.5,SE,-1.51,0.563095238,1
18819,White,F,35,4,SE,0.09,0.818452381,1
18820,White,F,39,3.1,SE,1.58,0.782738095,1
18821,White,F,30,3.8,SE,0.49,0.736904762,1
18822,White,F,39,3.3,SE,0.39,0.801785714,0
18823,White,F,36,3.5,SE,0.53,0.783333333,1
18826,White,F,32,3.2,SE,0.9,0.704761905,1
18827,White,F,29,3.7,MS,0.79,0.714880952,1
18828,White,F,26,3.2,SE,0.53,0.629761905,1
18829,White,F,27.5,3.4,SE,0.79,0.667559524,1
18830,White,F,36,3.7,SE,1.58,0.802380952,1
18831,White,M,29,3.8,SE,-0.62,0.724404762,1
18835,White,F,34.5,3.2,SC,0.22,0.736011905,1
18838,Black,M,27,2.8,SE,-0.66,0.604166667,1
18839,White,F,36,2.9,MS,-0.4,0.726190476,1
18840,Black,M,32,2.3,NE,-1.09,0.619047619,0
18841,Black,M,27,3.9,SE,0.39,0.708928571,1
18842,Asian,F,43,3.8,FW,-1.08,0.899404762,1
18843,White,F,45,3.8,NE,1.12,0.924404762,1
18844,White,F,48,3.9,NG,1.08,0.971428571,1
18845,White,F,47,4,NE,1.47,0.968452381,1
18846,Asian,M,44,3.7,NG,-0.61,0.902380952,1
18847,White,M,46,3.8,NE,-1.66,0.936904762,1
18849,Hispanic,F,47,3.6,SE,-0.27,0.930357143,1
18850,White,F,46,3.8,FW,-0.36,0.936904762,1
18851,White,M,43.5,3.8,FW,-0.69,0.905654762,1
18852,Asian,F,45,3.7,NE,0.89,0.914880952,1
18853,Black,M,39,3.4,NG,-0.97,0.811309524,1
18854,Asian,F,39,3.9,NE,-0.61,0.858928571,1
18855,Other,M,41,3.9,NE,0.62,0.883928571,1
18856,White,M,47,4,NG,0.31,0.968452381,1
18857,White,F,44,3.7,GL,0.08,0.902380952,1
18859,White,M,44,3.8,MS,1.01,0.911904762,1
18860,Asian,M,47,3.9,FW,0.43,0.958928571,1
18861,White,M,43,4,NE,-0.47,0.918452381,1
18862,Black,F,46,3.3,FW,-0.5,0.889285714,1
18864,White,F,48,4,GL,0.25,0.980952381,1
18865,White,F,42,3.9,NE,0.31,0.896428571,1
18866,Mexican,F,41,3.9,FW,-1.31,0.883928571,1
18867,White,F,44,4.1,Mt,-0.5,0.94047619,1
18868,White,M,46,3.7,NE,-1.08,0.927380952,1
18869,White,M,47,3.6,MS,0.86,0.930357143,1
18870,White,F,47,4,FW,0.2,0.968452381,1
18871,White,F,44,3.7,FW,1.42,0.902380952,1
18873,White,F,44,3.8,NE,-1.36,0.911904762,1
18874,White,F,45,3.7,NG,0.55,0.914880952,1
18875,Asian,M,46,3.9,NE,-0.47,0.946428571,1
18876,White,M,46,4,NE,-0.19,0.955952381,1
18877,White,M,46,3.7,NE,0.2,0.927380952,1
18878,White,F,45,3.8,GL,0.08,0.924404762,1
18879,White,F,48,4,GL,-0.63,0.980952381,1
18880,White,F,46,4.1,SC,0.78,0.96547619,1
18881,White,F,47,4,NG,-1.24,0.968452381,1
18882,White,M,43,3.7,GL,-0.91,0.889880952,1
18883,White,M,44,3.7,MS,-0.5,0.902380952,1
18884,White,F,48,4.1,NE,1.31,0.99047619,1
18885,White,F,46,3.9,NE,0.2,0.946428571,1
18886,White,F,46,3.8,NE,0.89,0.936904762,1
18888,White,F,45,3.8,NE,0.66,0.924404762,1
18889,White,F,43.5,3.8,NE,-1.31,0.905654762,1
18890,White,M,42,3.7,NE,-0.27,0.877380952,1
18891,White,F,44,3.7,NE,-0.63,0.902380952,1
18892,White,M,46,3.8,SE,-0.73,0.936904762,1
18893,White,F,44,3.8,NG,0.43,0.911904762,1
18894,White,F,48,3.7,NG,0.36,0.952380952,1
18895,White,F,46,4,NE,1.36,0.955952381,1
18896,White,F,48,3.5,SE,-0.15,0.933333333,1
18897,White,F,47,3.7,NE,0.81,0.939880952,1
18898,Asian,M,45,3.7,MS,0.89,0.914880952,1
18899,White,F,45,3.8,NE,1.24,0.924404762,1
18900,White,F,44,3.7,Mt,1.25,0.902380952,1
18901,White,F,48,3.7,NE,-0.75,0.952380952,1
18902,White,F,45,3.9,NE,-0.5,0.933928571,1
18903,White,F,43.5,3.8,NE,0.7,0.905654762,1
18904,Mexican,F,36,3.2,FW,0.43,0.754761905,1
18905,White,M,46,3.5,FW,0.89,0.908333333,1
18906,White,M,48,3.8,NG,-0.47,0.961904762,1
18907,White,M,45,3.9,FW,1.75,0.933928571,1
18908,White,F,40,3.8,NG,0.03,0.861904762,1
18909,White,F,46,3.9,NW,-1.47,0.946428571,1
18910,Asian,F,43,3.8,FW,-0.08,0.899404762,1
18911,White,M,44,3.9,NG,-0.61,0.921428571,1
18912,White,M,44,3.9,NE,-0.25,0.921428571,1
18918,White,M,42,3.2,NE,1.06,0.829761905,1
18919,White,F,34.5,3.7,NE,-0.23,0.783630952,1
18921,White,F,45,3,NE,0.44,0.848214286,1
18923,White,F,33.5,3,NE,-1.25,0.704464286,1
18924,White,M,40,3.8,NE,1.96,0.861904762,1
18925,White,M,43,2.9,NE,0.2,0.813690476,1
18927,White,F,41,3.2,GL,-0.7,0.817261905,1
18928,White,M,37,2.9,NE,0.62,0.738690476,1
18929,White,M,36,3.4,NE,0.25,0.773809524,1
18930,White,F,42,2.9,NE,-0.61,0.801190476,1
18931,White,M,38,3.7,NE,0.34,0.827380952,1
18932,White,F,39,3.3,MS,1.2,0.801785714,1
18934,White,F,42,2.6,NE,-0.23,0.772619048,1
18935,White,M,35,3.5,NE,-0.47,0.770833333,1
18936,White,F,40,3.4,NE,-1.11,0.823809524,1
18937,White,F,40,3.1,NE,-1.14,0.795238095,1
18938,Hispanic,M,32,2.5,NE,-1.6,0.638095238,1
18939,White,F,44,2.7,NE,0.32,0.807142857,1
18941,White,F,37,3.2,NE,0.16,0.767261905,1
18942,White,M,37,3.5,NE,1.36,0.795833333,1
18943,White,M,37,3.4,NE,-0.35,0.786309524,1
18944,White,F,34,3.2,NE,0.02,0.729761905,1
18945,White,F,42.5,3.8,NE,1.55,0.893154762,1
18946,Hispanic,M,45,2.9,MS,-0.3,0.838690476,1
18948,White,F,48,3.2,NE,-0.21,0.904761905,1
18950,White,M,37,3.7,NE,0.53,0.814880952,1
18951,White,M,40,3.5,NE,-0.3,0.833333333,1
18952,White,F,41,3.8,MS,-2.09,0.874404762,1
18953,White,M,41,3.9,NE,0.71,0.883928571,1
18954,Black,F,31.5,1.9,NE,-2.13,0.574702381,0
18955,White,M,36.5,3.6,NE,0.9,0.799107143,1
18956,White,F,42,2.7,NE,-0.28,0.782142857,1
18957,White,M,37.5,3,MS,0.62,0.754464286,1
18958,White,F,42,3.3,NE,0.74,0.839285714,1
18959,White,F,40,3.4,GL,0.55,0.823809524,1
18962,White,M,38,3.2,NE,0.2,0.779761905,1
18964,White,M,40,3.2,MS,1.25,0.804761905,1
18965,White,F,40,3.2,NE,-1.07,0.804761905,1
18966,White,M,43,3.5,NE,0.85,0.870833333,1
18967,White,F,37,3.5,NE,0.69,0.795833333,1
18968,White,M,46,3,NE,0.97,0.860714286,1
18969,White,F,40,2.6,NE,0.32,0.747619048,1
18970,White,F,38,3.8,NE,-1,0.836904762,1
18971,White,M,35.5,3.6,NE,-0.17,0.786607143,1
18974,White,F,40,3.7,NE,-0.19,0.852380952,1
18975,White,F,41,3.8,NE,1.43,0.874404762,1
18976,White,M,39,2.9,NE,0.04,0.763690476,1
18977,White,M,38,3.3,NE,-0.35,0.789285714,1
18979,Hispanic,M,28,2.7,NE,-0.35,0.607142857,1
18980,White,M,38.7,3.3,NE,-0.4,0.798035714,1
18981,White,M,36,2.9,NE,-1.39,0.726190476,1
18982,White,F,36.5,3.2,NE,0.25,0.761011905,1
18983,White,M,39,3.7,MS,0.62,0.839880952,1
18984,White,M,38,3.2,NE,-1.09,0.779761905,1
18985,White,F,37,3.6,NE,-0.61,0.805357143,1
18986,White,F,38,3.6,NE,0.69,0.817857143,1
18987,Black,M,36,3,NE,-0.56,0.735714286,1
18989,White,F,35,3.9,NE,0.83,0.808928571,1
18990,White,F,40,3.3,NE,-0.17,0.814285714,1
18992,White,M,35,3.8,MS,0.48,0.799404762,1
18993,White,M,36.5,3.1,NE,-0.74,0.751488095,1
18994,White,M,37,3.4,NE,0.32,0.786309524,1
18995,White,F,34,2.6,MS,-1.3,0.672619048,0
18996,White,M,38,3.3,NE,-0.1,0.789285714,1
18997,Black,M,31,2.1,NE,-2.78,0.5875,1
18998,White,F,45,3.6,NE,0.76,0.905357143,1
18999,White,M,40,3.3,MS,-0.47,0.814285714,1
19000,White,M,39,3.1,GL,0.11,0.782738095,1
19002,White,M,37,3.1,NE,-0.07,0.757738095,1
19003,White,F,41,3,NE,-0.98,0.798214286,1
19004,White,F,44,3.4,NE,1.18,0.873809524,1
19006,White,F,45,3.5,NE,1.08,0.895833333,1
19007,White,F,39,3.3,NE,-0.14,0.801785714,1
19008,White,F,37,3.5,NE,0.62,0.795833333,1
19009,Other,F,34,3,FW,-0.26,0.710714286,1
19010,Black,M,28,2.7,MS,-0.61,0.607142857,0
19011,White,M,41,3.3,NE,-0.28,0.826785714,1
19012,White,M,40,3.1,NE,0.07,0.795238095,1
19013,White,F,46,3.3,NE,1.36,0.889285714,1
19015,White,M,40,4,NE,1.52,0.880952381,1
19016,White,F,37,3.5,NE,-0.49,0.795833333,1
19017,White,M,39,3.2,NE,-0.47,0.792261905,1
19018,White,F,43,3.6,NE,1.57,0.880357143,1
19019,White,M,38,3.6,NE,1.85,0.817857143,1
19020,White,F,44,3.3,NE,1.57,0.864285714,1
19022,White,M,37.5,3.3,NE,-1.53,0.783035714,1
19024,White,F,36,3.1,MS,-0.47,0.745238095,1
19025,White,F,38,2.9,MS,0.8,0.751190476,1
19026,White,F,43,2.8,MS,-0.35,0.804166667,1
19027,White,F,39,3.3,NE,-0.78,0.801785714,1
19028,White,F,37.5,3,MS,-0.12,0.754464286,1
19029,White,F,42,2.9,MS,0.59,0.801190476,1
19030,White,M,36,3.8,MS,-0.32,0.811904762,1
19031,White,F,37,3.7,MS,-0.63,0.814880952,1
19032,White,F,37,3.2,MS,0.11,0.767261905,1
19033,Other,F,36,3.3,Mt,-0.43,0.764285714,1
19034,Hispanic,M,30,3.6,NE,-1.17,0.717857143,1
19036,Asian,M,35.5,3.4,FW,-0.42,0.767559524,0
19037,White,M,41,3.4,FW,-0.46,0.836309524,1
19039,White,M,30,3.4,FW,1.52,0.698809524,1
19040,Mexican,F,36,2.9,FW,0.42,0.726190476,1
19041,White,M,29.5,3.6,FW,1.75,0.711607143,1
19043,White,F,32,3.6,FW,2.15,0.742857143,1
19045,White,M,39,3.2,Mt,-1.41,0.792261905,1
19046,White,F,47,3.5,GL,1.26,0.920833333,1
19047,White,F,48,3.4,GL,1.46,0.923809524,1
19062,White,F,45,3.2,NG,0.6,0.867261905,1
19063,White,M,39,3.5,NG,1.83,0.820833333,1
19064,White,M,38,3.2,NG,-0.98,0.779761905,1
19065,White,F,40.5,2.6,NG,0.49,0.753869048,1
19066,White,M,40,3.3,NE,1.55,0.814285714,1
19067,White,F,46,3.9,NG,2.02,0.946428571,1
19068,Asian,F,31,3.3,NG,-1.18,0.701785714,1
19070,Asian,M,33,2.9,SE,-0.23,0.688690476,1
19071,White,M,40,2.9,NG,0.21,0.776190476,1
19072,White,M,42,3.2,NG,0.63,0.829761905,1
19073,White,F,39.5,2.5,NG,-1.43,0.731845238,1
19074,White,F,42,3,NG,0.96,0.810714286,1
19077,White,F,42,3.6,NG,-0.09,0.867857143,1
19079,White,F,39,3.2,NG,-0.84,0.792261905,1
19080,White,M,36.5,3.3,NG,-0.84,0.770535714,1
19081,White,F,44,3.4,NG,0.77,0.873809524,1
19082,White,M,42,3.3,NG,0.44,0.839285714,1
19083,White,F,40,3,NG,0.21,0.785714286,1
19084,White,M,41,2.8,NG,0.24,0.779166667,1
19086,White,F,37,3.4,NG,-0.9,0.786309524,1
19087,White,M,46,3.9,NG,1.41,0.946428571,1
19090,White,M,39,3.5,NG,0.21,0.820833333,1
19093,White,F,44,3.3,NG,-0.04,0.864285714,1
19095,White,M,42,2.9,NG,0.55,0.801190476,1
19096,White,F,43,3.2,NG,-0.57,0.842261905,1
19099,White,F,36.5,2.9,NG,1.02,0.732440476,1
19102,White,M,30,3.7,NG,-0.23,0.727380952,1
19106,White,M,37,2.8,NG,0.3,0.729166667,1
19107,White,F,45,3.1,NG,0.07,0.857738095,1
19108,White,M,38,3.3,NG,0.49,0.789285714,1
19109,White,M,43,3.7,NG,1.27,0.889880952,1
19110,White,M,38,3.7,NG,0.35,0.827380952,1
19112,White,F,42,3.6,NG,0.82,0.867857143,1
19113,White,M,39,3.5,NE,1.1,0.820833333,1
19114,White,F,42,3,NG,1.07,0.810714286,1
19115,White,M,41,3.3,NG,0.24,0.826785714,1
19116,White,M,37,3.4,NG,-0.51,0.786309524,1
19119,White,M,38,3.9,NG,2.41,0.846428571,1
19120,White,F,48,3.4,SE,0.69,0.923809524,1
19121,White,F,38,3.8,NG,0.63,0.836904762,1
19122,White,M,38,3.6,NG,0.49,0.817857143,1
19124,Black,M,27,2.6,NE,-1.23,0.585119048,0
19125,White,F,39,3.5,NG,1.49,0.820833333,1
19126,Black,F,40,3.4,FW,0.82,0.823809524,1
19127,White,M,40,3.3,NG,-0.98,0.814285714,1
19128,White,F,36.5,3.2,NG,0.82,0.761011905,1
19129,White,M,36,3.5,NE,-1.09,0.783333333,1
19130,White,M,42,3.6,NG,-0.09,0.867857143,1
19131,White,M,43,2.9,NG,0.21,0.813690476,1
19134,White,M,34.5,3.8,NG,-0.09,0.793154762,1
19135,Black,M,27,2.9,NG,-2.35,0.613690476,1
19136,White,F,45,3.3,NG,1.07,0.876785714,1
19138,White,F,41,3.5,NG,0.35,0.845833333,1
19140,White,F,44,3.2,NG,-0.32,0.854761905,1
19141,White,F,41,3,NG,0.16,0.798214286,1
19142,White,F,43,2.4,NG,-0.04,0.766071429,1
19143,White,M,46,3.2,NG,-0.01,0.879761905,1
19144,White,M,38,3.4,NG,0.05,0.798809524,1
19145,White,F,39,3.3,NG,0.3,0.801785714,1
19146,White,M,39,3.3,NG,0.74,0.801785714,1
19149,White,M,38,3.3,NG,-0.57,0.789285714,1
19150,White,F,44,3.3,NG,1.55,0.864285714,1
19151,White,M,39,2.8,NG,-0.04,0.754166667,1
19152,White,F,42,3.3,NG,-0.62,0.839285714,1
19153,White,F,43,3.5,SE,-1.15,0.870833333,1
19154,White,M,41,3.6,NG,0.77,0.855357143,1
19155,White,M,46,3.4,NG,0.96,0.898809524,1
19156,White,M,40,3.5,NE,-0.95,0.833333333,1
19157,White,M,41,3.6,NG,-0.32,0.855357143,1
19158,White,F,42,3,NG,-1.04,0.810714286,1
19159,White,M,42,2.8,NE,0.63,0.791666667,1
19160,White,F,40,3.5,NG,0.77,0.833333333,1
19162,White,M,41,3.8,NG,1.6,0.874404762,1
19163,White,F,38,3,NG,0.21,0.760714286,1
19165,Other,M,38,3.4,NG,1.35,0.798809524,1
19166,White,M,35.7,3.6,NG,0.1,0.789107143,1
19167,White,M,43,3.7,NG,-0.09,0.889880952,1
19168,Black,F,38,3.3,NG,-0.57,0.789285714,1
19169,White,M,47,3.2,NG,0.3,0.892261905,1
19170,White,M,42,3.9,NG,0.1,0.896428571,1
19171,White,F,42,3.1,NG,-0.43,0.820238095,1
19172,White,F,38,3.6,NE,0.88,0.817857143,1
19173,White,F,38,3.3,GL,-0.7,0.789285714,1
19174,Hispanic,F,46,3.2,NG,0.55,0.879761905,1
19175,Asian,M,25.5,3.4,NE,-0.76,0.642559524,1
19193,White,M,32,3.3,MS,0.34,0.714285714,1
19194,White,F,39,2.5,MS,0.85,0.725595238,1
19195,White,F,34,2.9,GL,0.29,0.701190476,1
19196,White,M,26,3.9,MS,-0.74,0.696428571,1
19197,White,F,40,2.7,MS,1.47,0.757142857,1
19198,White,M,36,3.9,MS,0.29,0.821428571,1
19200,Black,M,33,3,MS,0.09,0.698214286,1
19203,White,F,30,2.5,MS,-0.32,0.613095238,1
19205,White,F,33,3.4,MS,1.19,0.736309524,1
19206,White,M,40,3,MS,0.55,0.785714286,1
19207,White,F,33,2.9,MS,-0.34,0.688690476,0
19208,White,M,34,3.4,MS,-0.02,0.748809524,1
19210,White,F,33,3,MS,0.01,0.698214286,1
19211,White,F,33,3.2,MS,1.2,0.717261905,1
19212,White,F,36,2.9,MS,1.19,0.726190476,1
19214,White,F,36,2.8,MS,0.4,0.716666667,1
19215,White,F,40,2.6,MS,1.12,0.747619048,1
19217,White,F,21,2.9,SE,-0.4,0.538690476,1
19220,White,F,26,2.2,SC,-0.67,0.53452381,1
19221,White,M,41,3.5,SE,0.39,0.845833333,1
19223,White,F,32,3,SE,-0.32,0.685714286,1
19224,White,F,34,3.2,MS,1.85,0.729761905,1
19225,White,M,34,3.1,MS,0.15,0.720238095,1
19227,White,F,36,2.7,MS,0.15,0.707142857,1
19231,White,F,30,3.4,NE,0.32,0.698809524,1
19232,White,M,33,3.5,MS,1.24,0.745833333,1
19233,White,F,37,3.2,MS,0.92,0.767261905,1
19235,White,F,38,2.6,MS,0.14,0.722619048,0
19237,White,F,39,2.6,MS,0.95,0.735119048,1
19238,White,M,33,3.5,MS,0.43,0.745833333,1
19239,White,M,38,3.9,NE,1.55,0.846428571,1
19240,White,F,31,2.9,NE,0.26,0.663690476,1
19241,White,M,32,3,NE,-0.42,0.685714286,0
19243,White,F,33,2.5,NE,-0.67,0.650595238,1
19244,White,F,30,3,NG,-1.17,0.660714286,1
19245,White,M,33,3.1,NG,-0.6,0.707738095,1
19246,White,F,30,2.6,NE,-0.04,0.622619048,1
19247,White,M,39,3,NE,1.7,0.773214286,1
19248,White,F,39,2.4,NE,-0.1,0.716071429,1
19249,White,F,31,2.4,NE,-0.28,0.616071429,1
19250,Black,M,18,3.5,NE,-1.14,0.558333333,1
19251,White,F,34,2.9,NE,1.61,0.701190476,1
19252,White,F,30,3.4,NE,0.87,0.698809524,1
19254,White,M,36,3.5,NE,1.3,0.783333333,1
19255,White,F,38,2.4,NE,1.18,0.703571429,1
19256,White,F,23.7,2.9,NE,-1.17,0.572440476,1
19257,White,F,40,2.8,NE,-0.49,0.766666667,1
19258,White,M,34,3.2,SE,0.3,0.729761905,1
19259,White,M,31,2.1,NE,0.14,0.5875,1
19260,White,M,28.5,3.4,NE,-1.32,0.680059524,0
19261,White,F,25.5,3.2,NE,1.05,0.623511905,1
19262,White,F,24.7,3.4,NE,-1.17,0.632559524,1
19267,White,F,40,3.5,NE,1.34,0.833333333,1
19268,White,F,32,3,NE,-0.37,0.685714286,1
19269,White,M,31,3.4,NE,0.57,0.711309524,1
19270,White,M,39,3.7,NE,1.05,0.839880952,1
19274,White,F,37,2.9,NG,0.08,0.738690476,1
19275,White,F,30,3,NE,-0.89,0.660714286,1
19276,White,F,26,3.3,NE,-1.39,0.639285714,0
19277,White,F,35,2.8,NE,-0.35,0.704166667,1
19278,White,F,35,2.8,NE,0.08,0.704166667,1
19279,White,M,23,3.6,NE,-1.03,0.630357143,0
19280,White,F,33,2.1,NE,1.23,0.6125,1
19282,White,M,30.7,3.1,NE,0.48,0.678988095,1
19283,White,F,30,3.4,NE,-0.98,0.698809524,0
19284,White,M,36,3.3,NE,-0.67,0.764285714,1
19285,White,F,33,3.2,NE,-0.6,0.717261905,0
19286,White,M,35,3.7,NE,0.57,0.789880952,1
19287,Other,F,19.5,3.4,NE,-0.89,0.567559524,0
19289,White,F,30,3.2,NE,-1.14,0.679761905,0
19290,White,F,38,2.1,NE,0.73,0.675,1
19291,White,F,35,2.3,NE,-1.71,0.656547619,0
19292,White,M,29,3.4,NG,0.48,0.686309524,1
19294,White,F,40,3.3,NE,0.8,0.814285714,1
19295,White,F,32.5,2.9,NG,-1.28,0.682440476,1
19296,Hispanic,F,21.5,3.2,NE,-1.32,0.573511905,0
19297,White,M,33,3.7,NE,-1.14,0.764880952,0
19298,White,F,30,3.3,NE,-0.67,0.689285714,1
19299,White,M,33,3.4,NE,-0.6,0.736309524,1
19300,White,M,28,3.4,NE,0.51,0.673809524,1
19301,White,F,22.7,2.2,NE,-1.17,0.49327381,0
19302,White,F,34,3.1,NE,1.12,0.720238095,1
19306,Puertorican,M,34,2.4,NE,-0.85,0.653571429,1
19307,White,F,31,3.3,NE,-1.46,0.701785714,1
19308,White,M,37,2.7,NG,0.05,0.719642857,1
19309,White,F,33,3.4,NE,0.62,0.736309524,1
19310,White,F,32,3.2,NE,-0.24,0.704761905,1
19311,White,F,33,3.2,NE,0.89,0.717261905,1
19312,White,M,30,3.4,NG,1.61,0.698809524,1
19313,White,M,31.5,3.4,NE,0.44,0.717559524,1
19314,White,F,31,3,NE,-0.04,0.673214286,1
19315,White,M,30,3.2,NE,-0.92,0.679761905,1
19316,White,M,26,3.5,NE,-1.26,0.658333333,0
19317,White,F,32,3.4,NE,0.17,0.723809524,1
19318,White,M,32,2.9,NE,0.17,0.676190476,1
19319,White,M,36,3,NE,1.3,0.735714286,1
19320,White,M,34,2.9,NE,0.42,0.701190476,1
19321,White,F,30.5,3,NE,-0.4,0.666964286,1
19322,White,F,29.5,3,NE,0.05,0.654464286,1
19324,White,F,30,3.3,NE,0.01,0.689285714,1
19325,White,F,38,2.2,NE,-0.06,0.68452381,1
19326,White,F,37,2.7,NG,2.22,0.719642857,1
19328,White,F,34,2.9,NE,-0.74,0.701190476,0
19330,White,F,34,3.7,NE,1.55,0.777380952,1
19331,White,M,32,3.3,NE,0.24,0.714285714,1
19333,Black,M,26,2.8,NE,-0.4,0.591666667,0
19335,White,F,38,3.5,NE,1.32,0.808333333,1
19336,White,M,31,3,NE,-0.85,0.673214286,1
19337,White,F,31,3.1,NE,0.62,0.682738095,1
19338,White,F,31,2.6,NE,0.48,0.635119048,1
19339,White,F,34,2.6,NG,0.73,0.672619048,1
19340,White,F,31,3.3,NE,0.42,0.701785714,1
19341,White,M,32,3.1,NE,1.98,0.695238095,1
19342,White,M,37,2.7,NG,0.1,0.719642857,1
19343,White,M,30,3.4,NE,0.76,0.698809524,1
19344,White,F,36,3.2,NE,0.85,0.754761905,1
19345,White,F,33,3,NE,0.76,0.698214286,1
19347,White,M,34,3.5,NE,1.55,0.758333333,1
19348,White,F,31,3.2,NE,-0.83,0.692261905,1
19349,White,M,31,3,NE,-0.94,0.673214286,1
19350,White,F,37,2.8,NE,-0.28,0.729166667,1
19351,White,M,35,2.9,NE,1.37,0.713690476,1
19352,White,M,35,3.5,NE,-0.13,0.770833333,1
19353,White,F,38,2.7,NE,-0.22,0.732142857,1
19354,White,F,33,3.3,NE,0.94,0.726785714,1
19355,White,M,32,3.7,NE,0.37,0.752380952,1
19356,White,M,33,3.5,NE,1.18,0.745833333,1
19357,White,M,25.7,2.8,NE,-0.35,0.587916667,1
19358,White,F,42,2.2,NE,1.88,0.73452381,1
19359,White,F,31,3.7,NE,2.45,0.739880952,1
19360,White,M,34,3.3,NE,0.62,0.739285714,1
19361,White,F,38,2.5,NE,0.73,0.713095238,1
19362,White,M,34,3.5,NG,1.37,0.758333333,1
19363,White,F,30.5,3.2,NE,-0.13,0.686011905,1
19364,White,M,32,3.4,NE,0.85,0.723809524,1
19365,White,F,31,3.1,NE,0.8,0.682738095,1
19366,White,F,38,2.7,NE,0.94,0.732142857,1
19367,White,F,35,3.6,NE,0.66,0.780357143,1
19369,White,F,34,2.7,NE,0.78,0.682142857,1
19370,White,F,35,2.7,NE,-1.1,0.694642857,1
19371,White,F,33,3.1,NE,0.48,0.707738095,1
19372,White,F,33,2.9,NE,-0.06,0.688690476,1
19373,White,F,38,2.7,NE,0.51,0.732142857,1
19374,White,F,34,2.7,NE,0.19,0.682142857,1
19375,White,F,30,2.4,NG,-0.74,0.603571429,0
19376,White,F,20,3.3,NE,-1.6,0.564285714,0
19377,White,F,40,2.1,NE,0.48,0.7,1
19378,White,F,34,3.1,NE,1.3,0.720238095,1
19379,White,M,32,3.4,NE,-0.06,0.723809524,1
19380,White,F,33,2.8,NE,-1.1,0.679166667,0
19381,White,M,31,3.3,NE,-0.4,0.701785714,1
19383,White,F,30,3,NE,-1.48,0.660714286,1
19385,White,F,34,3,NE,0.8,0.710714286,1
19386,White,F,30.5,3.1,NE,1.18,0.676488095,1
19387,White,M,29,3.3,NE,1.48,0.676785714,1
19388,White,F,30.7,3,NE,1.27,0.669464286,1
19389,White,F,30,3.1,NE,-0.69,0.670238095,1
19390,Other,F,31,3.5,NE,0.78,0.720833333,1
19392,White,M,30,3.6,NE,-1.28,0.717857143,1
19394,White,M,31,3,NE,1.18,0.673214286,1
19395,White,M,30,3.2,NE,0.51,0.679761905,1
19396,White,F,33,3.2,NE,-1.41,0.717261905,0
19397,White,F,33,2.8,NE,-0.24,0.679166667,1
19399,White,M,34,3.3,NG,-0.53,0.739285714,1
19400,White,M,34,2.8,NE,0.33,0.691666667,1
19401,White,F,31.5,3.1,NE,-0.04,0.688988095,1
19402,White,M,35,2.6,NE,-0.28,0.685119048,1
19403,White,M,33,2.5,NE,0.98,0.650595238,1
19404,White,F,34,2.9,NE,0.66,0.701190476,1
19405,White,F,30,3.1,NE,-1.21,0.670238095,1
19406,White,F,30,3.1,NE,0.44,0.670238095,1
19407,White,F,34,3.3,NE,-0.44,0.739285714,1
19408,White,F,31.5,3,NE,0.35,0.679464286,1
19409,White,M,31,3.2,NE,-0.71,0.692261905,1
19410,White,F,33.5,3.1,NE,0.37,0.713988095,1
19411,White,M,33.5,4,NE,0.94,0.799702381,1
19412,White,M,34,2.8,NE,0.01,0.691666667,1
19413,White,M,33,3.2,NE,0.8,0.717261905,1
19414,White,M,32,2.9,NE,0.71,0.676190476,1
19415,White,M,32,3.3,NE,-0.37,0.714285714,0
19416,White,M,32,3.2,NE,-1.48,0.704761905,0
19417,Hispanic,F,22,2.6,NE,-1.41,0.522619048,0
19418,White,M,32.5,3.1,NE,0.21,0.701488095,1
19419,White,M,35,2.9,NE,-0.92,0.713690476,0
19420,White,M,34,3.2,NE,0.76,0.729761905,1
19421,White,F,34,2.7,NE,-0.6,0.682142857,1
19422,White,F,34,3.2,NG,1.5,0.729761905,1
19424,White,M,35,2.9,NE,0.73,0.713690476,1
19425,Black,M,24,2.8,NE,-1.82,0.566666667,0
19426,White,F,33,3.2,NE,-0.69,0.717261905,1
19428,White,F,30.5,3.5,NE,0.64,0.714583333,1
19429,White,M,36,2.7,NE,-0.15,0.707142857,1
19431,Other,M,28,2.4,NE,-0.92,0.578571429,0
19432,White,F,28.5,3.3,NE,1.03,0.670535714,1
19433,White,M,32,3.3,NE,0.48,0.714285714,0
19434,White,M,31,3.6,NE,1.23,0.730357143,1
19435,White,F,30,3.3,FW,0.35,0.689285714,1
19436,White,M,29.5,3.2,NE,0.35,0.673511905,1
19437,White,M,27.3,3,NE,0.37,0.626964286,0
19438,White,F,31.5,3.1,NE,0.8,0.688988095,1
19439,White,F,35,2.6,NE,-0.53,0.685119048,1
19440,White,M,38,3.7,NE,1.23,0.827380952,1
19441,White,M,38,2.7,NE,-0.89,0.732142857,1
19443,White,F,32.5,3.2,NE,1,0.711011905,1
19444,White,F,32.3,3.1,NE,0.05,0.698988095,1
19445,White,F,32,3.3,NE,-0.78,0.714285714,1
19446,White,M,33,3.2,NE,-0.4,0.717261905,0
19449,White,M,35,3.2,NE,0.53,0.742261905,1
19450,White,F,33,3.2,NE,-0.33,0.717261905,1
19451,White,F,40,3.1,NE,1.7,0.795238095,1
19452,White,M,32,3.2,NG,0.64,0.704761905,1
19453,White,M,34,3.5,NE,1.19,0.758333333,1
19454,White,F,35,2.5,NG,-0.04,0.675595238,1
19455,Hispanic,M,29,3.6,NE,0.44,0.705357143,1
19456,White,F,32,3,NE,-0.78,0.685714286,0
19458,Black,M,24.5,2.6,NE,1.3,0.553869048,1
19459,White,M,27,2.6,NE,-2.11,0.585119048,1
19460,White,F,33,3.2,NE,0.87,0.717261905,1
19461,White,M,31,3.2,NE,-1.35,0.692261905,1
19462,White,F,27.3,3.2,NE,0.05,0.646011905,0
19463,White,M,27.5,3.1,NE,-0.15,0.638988095,0
19465,White,F,17.5,3,SC,-0.58,0.504464286,0
19467,Mexican,F,20,2.8,SC,0.12,0.516666667,1
19469,Other,F,20,3.3,SC,1.42,0.564285714,1
19470,Black,M,29,2.4,Mt,0.97,0.591071429,1
19471,White,F,41,2.4,SC,0.93,0.741071429,1
19472,Black,F,22,2.9,SC,0.4,0.551190476,1
19473,Mexican,F,18,2.7,SC,0.28,0.482142857,1
19474,Black,F,20,3,SE,-0.26,0.535714286,0
19476,Black,M,15.5,3.2,SC,-0.26,0.498511905,0
19477,Black,M,18,2.9,SE,-1.02,0.501190476,0
19478,Black,M,23,3.3,SE,-1.72,0.601785714,0
19480,White,F,34,2.5,SC,1.91,0.663095238,1
19481,Mexican,M,22,2.7,SC,-1.02,0.532142857,1
19485,Asian,M,24,3.4,SC,0.12,0.623809524,0
19486,White,M,26,2.8,SC,1.26,0.591666667,1
19487,White,F,31.3,2.8,SC,2.63,0.657916667,1
19488,White,M,26,2.3,SC,0.45,0.544047619,1
19489,White,M,33,2.5,SC,0.61,0.650595238,1
19491,Black,M,20,2.7,SC,-0.04,0.507142857,0
19494,Black,M,22,2.4,SC,0.07,0.503571429,0
19496,Hispanic,M,27,3,SC,1,0.623214286,1
19497,Black,F,25,3,GL,0.35,0.598214286,1
19498,White,F,28,3.3,SC,1.16,0.664285714,0
19499,White,F,33,2.6,SC,-0.26,0.660119048,1
19501,Mexican,F,27.7,2.2,SC,0.56,0.55577381,1
19503,Black,F,30,2.3,SC,0.28,0.594047619,1
19505,Other,M,26,3.1,SC,0.93,0.620238095,1
19507,Black,F,23,2.8,SE,0.35,0.554166667,1
19509,White,F,35,2.6,SC,2.4,0.685119048,1
19511,Black,M,17,3.7,GL,0.28,0.564880952,0
19512,Black,F,31,2,GL,0.35,0.57797619,1
19515,Black,M,30,2.4,SC,1.75,0.603571429,1
19516,Black,M,19,3.2,SC,0.28,0.542261905,1
19517,Mexican,F,25,2.6,SC,0.61,0.560119048,0
19519,Black,M,21,2.6,SE,0.02,0.510119048,0
19520,Black,M,25,2.9,SE,0.02,0.588690476,1
19521,Black,M,22,2.9,FW,0.67,0.551190476,0
19522,Black,M,19,3.8,SC,0.89,0.599404762,1
19523,Black,F,24,2.6,GL,-0.14,0.547619048,1
19525,Hispanic,F,23.3,2.8,SC,-0.79,0.557916667,0
19527,Mexican,M,21,3.8,SC,0.77,0.624404762,1
19529,Black,F,22,3.7,SC,0.12,0.627380952,1
19530,Black,M,22,2.6,SC,-0.26,0.522619048,0
19531,Black,M,37,2.8,SC,0.93,0.729166667,1
19532,Hispanic,F,26,2.7,SC,0.28,0.582142857,1
19533,Puertorican,F,28,2.8,SC,-0.42,0.616666667,0
19534,White,M,28,3.6,SC,0.61,0.692857143,1
19535,Black,F,22,2.6,SE,1.91,0.522619048,1
19536,Black,M,23,2.8,Mt,0.56,0.554166667,1
19537,Black,M,25.5,2.8,NE,0.51,0.585416667,1
19538,Black,M,40,2,SC,0.84,0.69047619,1
19539,Mexican,F,27,2.6,SC,1.65,0.585119048,1
19543,Black,M,25,2.4,SC,0.45,0.541071429,1
19544,Black,F,20,2.4,SC,0.89,0.478571429,1
19546,Mexican,M,16,3.3,SC,1,0.514285714,1
19549,Black,F,24,3,SC,0.35,0.585714286,0
19550,White,F,44,2.4,SC,0.89,0.778571429,1
19551,Mexican,F,23,2.2,SC,0.89,0.49702381,1
19553,Black,M,21,2.6,SC,-0.14,0.510119048,0
19554,Black,M,29,3.4,SC,1.38,0.686309524,1
19555,White,M,34,2.7,SC,1.59,0.682142857,1
19556,Black,F,23,2.9,SC,0.72,0.563690476,1
19557,Mexican,F,27,2.9,SC,0.61,0.613690476,1
19558,White,F,29,2.7,SC,0.93,0.619642857,1
19559,Black,F,17,3.6,SC,-0.26,0.555357143,0
19560,Black,M,26,2.5,SE,0.4,0.563095238,1
19561,Mexican,F,25.5,2.8,SC,-0.09,0.585416667,0
19562,Mexican,F,30,2.1,SC,0.18,0.575,0
19564,Black,M,18,3.2,SE,-0.58,0.529761905,0
19565,Black,M,27,2.3,GL,0.28,0.556547619,1
19566,Black,M,25,3.1,SC,-0.58,0.607738095,1
19567,Black,M,25,3.3,SC,0.28,0.626785714,1
19569,Asian,F,31,1.9,SC,0.93,0.568452381,1
19570,Mexican,F,29,2,SC,0.02,0.55297619,1
19572,Black,F,23,2.8,SC,1,0.554166667,1
19573,Hispanic,F,25,2.4,SE,-0.42,0.541071429,0
19574,Black,F,26,3.1,SC,0.89,0.620238095,1
19575,Asian,F,27,2.6,SC,0.56,0.585119048,1
19576,Mexican,M,26,2.2,SC,-0.04,0.53452381,1
19577,Mexican,F,21,3,SC,-0.09,0.548214286,0
19578,White,M,39,1.9,SC,0.35,0.668452381,1
19579,Mexican,F,29,2.7,SC,-0.31,0.619642857,0
19580,Mexican,F,23.5,2.5,SC,1.21,0.531845238,1
19582,Mexican,F,31,2.4,SC,1.05,0.616071429,1
19583,Black,M,29,2.7,SC,1.05,0.619642857,1
19584,Black,M,24,2.6,SC,-0.53,0.547619048,0
19585,Mexican,F,22.5,3.1,SC,0.45,0.576488095,1
19586,White,F,26.7,3,SC,1.82,0.619464286,1
19588,Black,F,21.5,2.9,NE,0.72,0.544940476,0
19589,Hispanic,M,26,2.6,SC,0.89,0.572619048,1
19592,White,F,29.5,1.6,SC,1.1,0.521130952,1
19594,Black,F,22,2.6,SC,-0.58,0.522619048,1
19597,Black,M,26,2.6,SC,1.33,0.572619048,1
19598,Black,F,27,2.5,SC,-0.58,0.575595238,0
19601,White,M,30,2.4,SC,0.28,0.603571429,1
19602,White,F,29,2.3,SC,0.72,0.581547619,1
19606,Mexican,F,25,2,SC,0.28,0.50297619,0
19607,Black,F,36,2.2,MW,-0.47,0.65952381,1
19609,Mexican,F,22,2.5,SC,-0.86,0.513095238,0
19610,Mexican,F,25,2.5,SC,0.89,0.550595238,1
19613,White,M,28.5,2.8,SC,1.49,0.622916667,1
19614,White,M,21,2.6,SC,-1.28,0.510119048,0
19616,Black,M,23,2.6,NE,0.84,0.535119048,1
19617,Black,F,23,2.4,MW,0.35,0.516071429,1
19618,Black,M,26,2.6,SC,0.23,0.572619048,1
19621,Black,M,17,3.3,SC,-0.26,0.526785714,0
19622,Asian,F,24.5,2.5,SC,-0.37,0.544345238,0
19624,Black,M,25,2.5,SC,0.77,0.550595238,1
19625,White,F,31,3,NE,0.56,0.673214286,1
19627,Black,M,18,3,SC,-0.04,0.510714286,0
19628,Black,F,22,2.5,NE,-0.47,0.513095238,0
19630,Black,F,23,2.3,SE,0.02,0.506547619,0
19631,Mexican,M,28,2.9,SC,0.02,0.626190476,1
19633,White,F,30.5,3,SC,0.35,0.666964286,0
19635,White,F,30.5,3.5,MS,-0.5,0.714583333,1
19636,White,M,35,2.9,MS,0.23,0.713690476,1
19638,White,F,33,3.1,MS,1.19,0.707738095,1
19640,Amerindian,M,41,2.9,MS,0.14,0.788690476,1
19642,White,F,40,3.5,MS,2.17,0.833333333,1
19643,White,F,40,3,MS,0.3,0.785714286,1
19644,White,M,28,2.9,MS,1.14,0.626190476,1
19645,White,F,41,2.7,MS,-0.92,0.769642857,1
19646,White,M,35,3.4,MS,0.28,0.761309524,1
19647,White,F,35,2.4,GL,0.37,0.666071429,1
19648,White,F,39,3.6,MS,0.92,0.830357143,1
19649,White,M,33,3.2,MS,-1.05,0.717261905,1
19651,White,F,36,2.3,MS,0.01,0.669047619,1
19652,White,M,31.5,3.4,MS,-0.37,0.717559524,0
19653,White,M,33,3.6,MS,0.94,0.755357143,1
19654,White,F,36,3,MS,-0.54,0.735714286,1
19655,White,M,37,2.7,MS,-0.48,0.719642857,1
19656,White,M,32,3.9,MS,1.83,0.771428571,1
19657,White,M,33.5,3.2,MS,-1.03,0.723511905,1
19659,White,M,32.5,3.6,MS,-0.74,0.749107143,1
19660,Asian,F,38,3.9,MS,0.34,0.846428571,1
19661,White,M,36,3.8,MS,-0.45,0.811904762,1
19662,White,F,39,3.4,MS,0.81,0.811309524,1
19663,White,F,30,3.8,MS,-0.08,0.736904762,1
19666,White,F,34,3.6,MS,0.37,0.767857143,1
19667,White,M,34,3.5,MS,-0.54,0.758333333,1
19668,White,F,39,3.3,NE,-1.12,0.801785714,1
19669,White,M,34,3.7,GL,1.63,0.777380952,1
19670,Asian,F,33,3.3,MS,0.52,0.726785714,1
19671,White,F,33,3.4,GL,0.97,0.736309524,1
19674,White,F,31,3.6,GL,1.19,0.730357143,1
19675,Other,F,36,3.2,FW,-0.54,0.754761905,1
19677,White,F,37,3.6,MS,0.43,0.805357143,1
19679,White,M,33.5,3.3,MS,0.74,0.733035714,1
19680,White,F,35,3.1,MS,1.17,0.732738095,1
19681,White,F,37,2.6,MS,-1.34,0.710119048,1
19683,White,F,35,2.9,MS,-0.77,0.713690476,1
19684,White,F,45,2.3,GL,1.01,0.781547619,1
19685,White,M,29,3.8,MS,1.72,0.724404762,1
19686,White,M,34,3.6,MS,0.57,0.767857143,1
19687,White,M,34.5,2.7,MS,0.81,0.688392857,1
19688,White,F,38,2.3,MS,-1.14,0.694047619,1
19689,White,M,40,3.5,GL,-0.3,0.833333333,0
19690,White,F,35,3.1,GL,0.72,0.732738095,1
19691,White,M,29,3.7,MS,-0.97,0.714880952,1
19692,White,F,40,2.8,MS,-0.72,0.766666667,1
19693,White,F,34,3.5,MS,0.43,0.758333333,1
19694,White,F,38,2.8,NE,-1.72,0.741666667,1
19696,White,M,36,3.5,MS,-0.57,0.783333333,1
19697,White,F,30.5,3.8,MS,0.57,0.743154762,1
19698,White,F,36,3,MS,0.57,0.735714286,1
19699,White,F,35,3.6,MS,-0.23,0.780357143,1
19700,White,F,38,3.4,MS,1.46,0.798809524,1
19701,White,F,38,2.9,GL,1.9,0.751190476,1
19702,White,M,28,3.6,GL,-1.03,0.692857143,1
19704,White,M,39,3.6,MS,1.19,0.830357143,1
19705,White,M,35,3.8,MS,1.01,0.799404762,1
19706,Mexican,M,35,3.1,MS,1.77,0.732738095,1
19708,White,M,37,2.9,SC,-0.54,0.738690476,1
19709,White,M,34,2.9,MS,-0.7,0.701190476,1
19711,White,F,33,3.5,MS,-0.88,0.745833333,1
19714,White,M,38,3.6,MS,1.12,0.817857143,1
19715,White,F,38,2.4,MS,0.43,0.703571429,1
19716,White,M,36,3.6,MS,0.1,0.792857143,1
19717,White,M,39,3.5,MS,0.19,0.820833333,1
19718,Puertorican,M,28.7,3,MS,-0.74,0.644464286,1
19720,White,F,30,3.8,MS,-0.65,0.736904762,1
19721,White,F,35.5,2.9,SC,0.41,0.719940476,0
19723,White,F,39,2.6,MS,-0.81,0.735119048,1
19726,White,M,39,2.8,MS,0.52,0.754166667,1
19727,White,F,41,2.6,MS,0.66,0.760119048,1
19728,White,F,31,3.5,MS,-0.68,0.720833333,1
19729,White,M,34,3.6,MS,-1.21,0.767857143,1
19731,White,M,42,4,GL,1.7,0.905952381,1
19732,White,F,34,3.4,MS,-0.97,0.748809524,0
19733,White,F,45,3.4,MS,-0.88,0.886309524,1
19734,Hispanic,F,36,2.4,SE,-0.68,0.678571429,1
19735,White,M,31,3,MS,0.94,0.673214286,1
19736,White,F,30,2.6,MS,-0.3,0.622619048,1
19737,White,M,41,3.9,MS,0.59,0.883928571,1
19738,White,F,38,3.2,MS,1.83,0.779761905,1
19740,Asian,F,32.5,3.1,MS,1.46,0.701488095,1
19741,White,M,37,3.6,MS,0.68,0.805357143,1
19742,White,F,37.5,3,MS,1.54,0.754464286,1
19744,White,F,37,2.6,GL,-0.25,0.710119048,1
19745,Hispanic,M,29,3.4,MS,-0.52,0.686309524,1
19746,White,F,39,2.9,MS,0.86,0.763690476,1
19747,White,F,36,2.3,MS,-0.45,0.669047619,0
19748,White,M,35,3.2,MS,-0.45,0.742261905,1
19749,White,M,35,3.4,MS,-0.28,0.761309524,0
19750,White,F,35,3,GL,0.88,0.723214286,1
19751,White,F,40,2.5,SC,-0.97,0.738095238,1
19752,White,F,33,3.1,SE,0.68,0.707738095,1
19753,White,M,32,3.2,MS,-0.77,0.704761905,0
19754,White,M,33,3.8,MS,-0.99,0.774404762,0
19755,Hispanic,F,36,2.4,SE,-0.9,0.678571429,1
19758,White,F,39,3.3,GL,0.34,0.801785714,1
19759,White,F,34,3.3,MS,0.61,0.739285714,1
19760,White,M,38,2.8,MS,-0.14,0.741666667,1
19761,White,F,40,3.4,GL,-0.41,0.823809524,1
19763,White,M,34,3.2,SE,0.34,0.729761905,1
19764,White,M,35,2.9,MS,0.86,0.713690476,1
19765,White,M,34,3,GL,-0.32,0.710714286,1
19766,White,F,36,2.7,MS,-0.59,0.707142857,0
19767,Hispanic,F,36,3.4,MS,0.7,0.773809524,1
19768,White,M,35,3.2,MS,0.21,0.742261905,1
19769,White,M,41,3.5,MS,-1.14,0.845833333,1
19771,White,F,30,3.6,MS,1.79,0.717857143,1
19772,White,F,34,2.1,MS,0.74,0.625,1
19776,White,M,35,3.1,MS,-0.88,0.732738095,1
19777,White,F,35,3.7,MS,0.12,0.789880952,1
19778,White,F,37,2.6,MS,0.57,0.710119048,1
19779,White,F,36.5,2.8,GL,1.26,0.722916667,1
19782,White,F,35,3.5,MS,0.26,0.770833333,1
19783,White,F,38.5,2.4,GL,0.9,0.709821429,1
19785,White,M,31.5,3.5,MS,-0.37,0.727083333,1
19786,White,F,36,3.6,MS,0.5,0.792857143,1
19787,White,F,35,3.1,MS,0.26,0.732738095,1
19788,White,F,34,3.3,MS,0.99,0.739285714,1
19789,Asian,F,30.5,2.6,MS,-1.28,0.628869048,0
19790,White,M,42,3.4,MS,1.08,0.848809524,1
19791,White,M,37,2.8,MS,0.34,0.729166667,1
19792,White,M,31,3.4,MS,0.12,0.711309524,1
19793,White,M,33,3.3,MS,-0.92,0.726785714,1
19794,White,F,36,2.7,SE,1.12,0.707142857,1
19795,White,M,41,2.8,MS,1.43,0.779166667,1
19796,White,F,33,3.4,MS,0.03,0.736309524,1
19798,White,F,36,2.9,MS,0.21,0.726190476,1
19799,White,F,32.5,3.4,GL,0.5,0.730059524,1
19800,White,F,38,2.9,MS,-1.14,0.751190476,0
19801,White,M,33,3.3,MS,1.83,0.726785714,1
19802,White,F,37,2.9,GL,0.66,0.738690476,0
19803,White,M,38,3.3,MS,-0.48,0.789285714,1
19804,White,F,35,3.3,SE,0.66,0.751785714,1
19805,White,F,35,3.2,MS,-1.19,0.742261905,1
19806,White,F,33,3.5,MS,0.81,0.745833333,1
19809,White,F,32,2.9,MS,-0.01,0.676190476,1
19810,White,F,37,3.5,GL,-0.01,0.795833333,1
19843,White,M,39,3.7,MS,-0.77,0.839880952,1
19844,White,F,43,3.9,MS,0.2,0.908928571,1
19845,Black,M,32,3.5,MS,0.71,0.733333333,1
19847,Black,M,35,3.1,MS,-0.37,0.732738095,0
19848,White,F,39,3.7,MS,-0.67,0.839880952,1
19849,White,M,33,3.3,SC,1.27,0.726785714,1
19850,White,F,41,3.4,MS,-0.86,0.836309524,1
19851,White,F,33,3.8,MS,-0.14,0.774404762,1
19852,White,F,44,3.2,MS,-1.5,0.854761905,0
19853,White,F,41,3.4,MS,-0.71,0.836309524,1
19855,White,F,43,2.8,MS,-0.39,0.804166667,1
19856,White,M,39,3,MS,-0.9,0.773214286,1
19857,White,F,44,2.7,MS,0.22,0.807142857,1
19858,White,M,41,3.6,MS,0.84,0.855357143,1
19861,White,F,38.5,3.6,MS,1.2,0.824107143,1
19862,Black,M,36,3.4,SE,-1.73,0.773809524,0
19863,Black,M,31,3.3,MS,-1.09,0.701785714,1
19864,White,F,38,3.4,MS,-0.88,0.798809524,1
19865,Black,F,35,3.6,MS,0.18,0.780357143,1
19866,White,F,40,3.4,MS,-0.29,0.823809524,1
19867,White,F,37.5,3.4,MS,0.69,0.792559524,1
19868,White,F,44,3.6,MS,0.8,0.892857143,1
19869,White,M,39,3.2,MS,1.39,0.792261905,1
19871,White,F,38,3.6,MS,1.46,0.817857143,1
19872,White,F,39.5,3.1,MS,-0.05,0.788988095,1
19873,White,M,38,3.6,MS,1.8,0.817857143,1
19874,White,F,38,3.6,MS,0.63,0.817857143,1
19875,Black,M,36,2.8,MS,0.2,0.716666667,1
19876,White,F,39,3.8,MS,-0.37,0.849404762,1
19877,White,F,42,3.4,MS,0.46,0.848809524,1
19878,White,M,43,3.3,MS,1.07,0.851785714,1
19879,Black,M,36,2.5,MS,-2.3,0.688095238,1
19880,White,M,45,3.1,NE,0.05,0.857738095,1
19881,White,M,37,3.8,SE,1.41,0.824404762,1
19882,White,M,38,3.5,MS,0.46,0.808333333,1
19883,White,F,42,3.7,MS,0.46,0.877380952,1
19884,White,M,39,3.7,SE,0.78,0.839880952,1
19885,White,M,42,3.5,MS,0.67,0.858333333,1
19886,White,M,39,3,SE,-0.82,0.773214286,1
19887,White,F,40,3.1,MS,1.31,0.795238095,1
19888,Black,M,30,3.3,MS,-0.92,0.689285714,0
19889,White,F,42,3,MS,0.8,0.810714286,1
19890,White,F,39,3,MS,0.9,0.773214286,1
19892,White,F,37,3.3,MS,-0.5,0.776785714,1
19893,White,F,45,3.1,MS,1.01,0.857738095,1
19894,White,F,43,2.4,MW,-0.86,0.766071429,1
19895,White,M,37,3.5,MS,0.67,0.795833333,1
19896,White,F,41,3.2,MS,0.27,0.817261905,1
19897,White,M,41,3.7,MS,1.33,0.864880952,1
19898,White,M,42,3,MS,-0.05,0.810714286,1
19899,White,F,40,3.3,MS,-0.01,0.814285714,1
19900,White,M,40,3.7,MS,1.44,0.852380952,1
19901,White,F,38,3.7,MS,1.69,0.827380952,1
19902,White,M,42,3.5,NE,-1.41,0.858333333,1
19903,White,F,33,2.3,MS,-0.35,0.631547619,0
19904,White,F,41,3.4,Mt,-0.75,0.836309524,1
19905,White,M,38,3.4,MS,0.03,0.798809524,1
19906,White,M,43,3.1,MS,0.01,0.832738095,1
19907,White,F,37,3.4,MS,-0.31,0.786309524,1
19908,White,M,40,3.4,SC,0.18,0.823809524,0
19909,White,F,40,3.7,NE,0.08,0.852380952,1
19910,White,M,40,3.6,MS,1.71,0.842857143,1
19911,White,F,43,3.6,MS,-0.94,0.880357143,0
19912,White,M,38,3.3,MS,-0.39,0.789285714,1
19913,White,M,40,3.5,MS,1.37,0.833333333,1
19914,White,M,40,3.6,MS,-0.01,0.842857143,1
19916,White,F,36,3.3,MS,0.14,0.764285714,1
19917,White,M,39,3.3,MS,1.01,0.801785714,1
19918,White,M,41,3.4,MS,1.63,0.836309524,1
19919,Black,F,25,3.6,MS,-2.16,0.655357143,0
19920,White,M,38,3.7,MS,-1.6,0.827380952,1
19922,Black,M,42,3,MS,-0.82,0.810714286,1
19924,White,M,44,3.4,MS,1.07,0.873809524,1
19925,White,M,38,3.7,MS,-0.14,0.827380952,1
19927,White,M,47,3.4,NE,0.59,0.911309524,1
19928,White,M,44,3.2,MS,0.08,0.854761905,1
19929,White,F,44,3,MS,0.99,0.835714286,1
19930,White,M,34,3.3,MS,-0.92,0.739285714,0
19931,White,F,47,3.8,FW,0.38,0.949404762,1
19932,Asian,M,39,3.1,FW,-0.91,0.782738095,0
19933,Puertorican,F,37,3.5,FW,-0.8,0.795833333,0
19934,White,M,47,3.8,GL,2.08,0.949404762,1
19935,White,M,45,3.4,FW,-0.33,0.886309524,1
19936,White,F,38,3.5,FW,-0.91,0.808333333,1
19937,Hispanic,F,44,3.7,FW,-0.94,0.902380952,1
19938,White,M,41,3.4,FW,-1,0.836309524,1
19939,White,F,46,3.9,FW,0.61,0.946428571,1
19940,Black,M,41,3.2,FW,-1.59,0.817261905,1
19941,Black,F,38.5,3.5,SC,-0.09,0.814583333,1
19942,White,M,44,3.5,NE,0.61,0.883333333,1
19943,White,M,45,3.8,FW,-0.62,0.924404762,1
19944,Amerindian,F,41,3.5,FW,0.23,0.845833333,1
19945,White,M,47,3.4,FW,-0.09,0.911309524,1
19946,White,M,40,3.5,FW,-1.41,0.833333333,1
19947,White,F,46,2.9,NE,1.73,0.851190476,1
19948,Black,F,23.5,3.4,SE,-1.28,0.617559524,1
19949,Other,F,45,3.5,FW,1.29,0.895833333,1
19950,Black,M,46,3.2,FW,0.41,0.879761905,1
19953,Black,F,47,3.4,FW,0.73,0.911309524,1
19954,White,M,48,4.2,FW,1.73,1,1
19955,White,M,48,3.9,FW,0.02,0.971428571,1
19956,White,F,46,3.9,FW,0.02,0.946428571,1
19958,White,F,47,4,FW,1.67,0.968452381,1
19959,White,F,38,3.4,SE,0.88,0.798809524,1
19960,White,F,42,3.6,FW,-0.21,0.867857143,1
19961,Puertorican,M,34,3.5,FW,-2.09,0.758333333,0
19962,White,F,46,3.8,FW,1.43,0.936904762,1
19964,Black,F,39,3.2,FW,-0.62,0.792261905,1
19965,White,M,42,3.9,GL,-0.21,0.896428571,1
19966,Black,M,37,3.5,FW,-1.74,0.795833333,0
19967,Puertorican,M,37,3.6,NE,-0.56,0.805357143,1
19968,White,M,48,3.6,SE,0.44,0.942857143,1
19969,White,M,47,3.7,NE,1.17,0.939880952,1
19970,Black,M,39,3.4,FW,-0.86,0.811309524,1
19971,White,M,40.5,3.7,FW,-0.42,0.858630952,1
19974,White,M,48,3.8,FW,0.17,0.961904762,1
19975,White,F,48,3.8,NE,1.61,0.961904762,1
19976,White,F,44,3.6,SC,1.29,0.892857143,1
19979,White,M,39,4,FW,-1.21,0.868452381,1
19980,White,F,32,2.9,SE,-0.82,0.676190476,1
19982,White,F,46,3.9,NE,-0.42,0.946428571,1
19983,Asian,M,46,3.5,FW,-0.3,0.908333333,1
19984,Asian,F,46,3.7,NE,-0.18,0.927380952,1
19985,White,M,45,3.7,NE,-0.18,0.914880952,1
19987,White,F,44,3.8,FW,-1.53,0.911904762,1
19988,White,M,46,3,FW,0.52,0.860714286,1
19990,White,F,48,3.8,NE,0.85,0.961904762,1
19991,Black,M,25,3.1,SC,-0.65,0.607738095,1
19992,White,M,46,3.9,NE,0.55,0.946428571,1
19993,White,F,48,3.7,FW,0.55,0.952380952,1
19997,Mexican,F,41,3.6,SC,-0.65,0.855357143,0
19998,Mexican,F,41,3.6,FW,0.05,0.855357143,1
19999,Black,M,41,3.2,MS,-1.62,0.817261905,1
20000,Puertorican,F,46,3,FW,-0.53,0.860714286,1
20001,White,M,48,3.8,FW,0,0.961904762,1
20002,White,F,36,3.2,SE,0.51,0.754761905,1
20003,Mexican,M,42,3.2,FW,-0.56,0.829761905,1
20004,Mexican,F,42,3.4,FW,-1.12,0.848809524,1
20005,White,F,45,3.6,FW,1.11,0.905357143,1
20006,White,M,48,3.6,MS,1.52,0.942857143,1
20007,White,M,47,3.9,FW,0.49,0.958928571,1
20008,White,M,46,3.4,FW,-0.15,0.898809524,1
20009,Mexican,F,40,3.3,FW,-1.21,0.814285714,1
20010,Asian,F,46,3.7,FW,-1.06,0.927380952,1
20011,White,F,48,3.8,FW,1.55,0.961904762,1
20012,Asian,M,48,3.6,NE,0.08,0.942857143,1
20013,White,F,37,3.3,SE,-0.17,0.776785714,1
20014,Mexican,M,40,3.5,NG,0.79,0.833333333,1
20015,Puertorican,M,38,3.1,NE,-1.47,0.770238095,1
20016,Asian,M,48,3.8,FW,0.67,0.961904762,1
20017,Asian,M,46,3.5,FW,-0.12,0.908333333,1
20018,Asian,F,42,3.3,FW,-0.24,0.839285714,0
20019,Puertorican,M,37.5,3.3,FW,-0.91,0.783035714,1
20020,White,M,45,3.8,FW,-0.12,0.924404762,1
20021,Mexican,F,43,3.3,FW,-0.94,0.851785714,1
20024,Black,M,44,3.2,FW,-0.7,0.854761905,1
20025,White,F,37,3.5,SE,-0.82,0.795833333,1
20026,Black,F,25,3.2,SC,-1.42,0.617261905,1
20027,White,F,32,3.7,SE,-0.77,0.752380952,1
20028,White,M,31,3.5,SE,0.83,0.720833333,1
20030,White,M,32,3.7,SE,0.14,0.752380952,1
20031,White,M,34,3.6,SE,-0.68,0.767857143,1
20033,White,F,35,3.3,SE,-1.48,0.751785714,1
20034,White,M,34,3.8,SE,0.63,0.786904762,1
20035,White,M,36,3.6,SE,0.14,0.792857143,1
20036,White,F,37,3.6,SE,1.14,0.805357143,1
20037,White,F,32,2.7,SE,1.45,0.657142857,1
20038,White,F,31,3.9,SE,-0.28,0.758928571,1
20039,White,M,37,3.7,SE,0.63,0.814880952,1
20040,White,F,38,3.2,GL,0.71,0.779761905,1
20041,White,F,30.5,3.7,SE,0.8,0.733630952,1
20042,Black,F,32,2.5,SE,-2.93,0.638095238,1
20043,White,F,38.5,3,SE,-0.34,0.766964286,1
20044,White,F,37,2.6,SE,0.8,0.710119048,1
20046,White,F,45,2.7,SE,0.8,0.819642857,1
20047,Amerindian,F,43,3,SE,0.34,0.823214286,1
20048,White,F,35,3.3,SE,-0.94,0.751785714,1
20049,White,F,40,3.3,SE,0.57,0.814285714,1
20050,White,F,46,3.5,SE,1.17,0.908333333,1
20051,White,F,35,3.6,SE,-0.42,0.780357143,1
20052,White,F,36,3.2,SE,0.32,0.754761905,1
20053,White,M,45,3.5,SE,1.62,0.895833333,1
20054,White,F,31,3.8,MS,-0.17,0.749404762,0
20055,White,F,37,3.3,SE,0.6,0.776785714,1
20056,White,F,41,2.8,SE,1.54,0.779166667,1
20057,White,F,34,3.8,SE,-0.85,0.786904762,1
20058,White,M,40,2.9,SE,0.03,0.776190476,1
20059,Black,M,23,3,SE,-1.5,0.573214286,1
20060,White,F,42,3,SE,-0.45,0.810714286,1
20061,White,M,39,3.6,SE,-0.11,0.830357143,1
20062,White,F,35.5,3,SE,1.88,0.729464286,1
20063,White,M,33,3.8,SE,1.2,0.774404762,1
20064,White,F,40,2.9,SE,1.45,0.776190476,1
20065,White,F,37,3.4,SE,1.25,0.786309524,1
20066,White,M,39,3.3,SE,0.49,0.801785714,1
20067,White,M,33,3.7,SE,0.8,0.764880952,1
20068,White,F,43,3.4,SE,1.11,0.861309524,1
20069,White,F,39.5,3.2,SE,1.37,0.798511905,1
20070,White,F,36,3.4,SE,0.77,0.773809524,1
20071,White,F,31,2.8,SE,-0.25,0.654166667,1
20072,White,M,37,3.5,SE,0.06,0.795833333,1
20073,White,F,40,3.7,SE,0.51,0.852380952,1
20074,White,M,35,3.6,GL,0.09,0.780357143,1
20075,Black,M,31,3,SE,-0.94,0.673214286,1
20077,White,F,36,3.2,SE,-0.28,0.754761905,1
20078,White,F,35,3.1,SE,-0.25,0.732738095,1
20079,White,M,37,3.6,SE,0.17,0.805357143,1
20080,White,M,41,3.5,SE,0.46,0.845833333,1
20081,White,F,36.5,2.9,SE,-0.03,0.732440476,1
20082,White,F,38,3.2,SE,0.23,0.779761905,1
20083,White,F,42,2.8,SE,-0.08,0.791666667,1
20084,White,M,32.5,3.6,SE,0.63,0.749107143,1
20086,White,M,28,3.1,SE,-0.91,0.645238095,1
20087,White,F,43,3,SE,1.05,0.823214286,1
20088,White,F,34,3.5,SE,-0.31,0.758333333,1
20089,White,F,38,3,SE,0.14,0.760714286,1
20090,White,M,42,3.9,SE,1.31,0.896428571,1
20091,White,F,37,4,SE,1.4,0.843452381,1
20092,White,M,37,3.4,SE,1.25,0.786309524,1
20093,White,M,32,3.2,MS,0.32,0.704761905,1
20095,Black,M,31,2.6,SE,-1.11,0.635119048,1
20096,White,F,43,3.7,SE,0.37,0.889880952,1
20097,White,M,34,3.6,SE,0.46,0.767857143,1
20098,White,M,40,3.7,SE,0.77,0.852380952,1
20099,White,F,36.5,3.6,SE,-0.85,0.799107143,1
20100,White,F,42,2.6,SE,-0.94,0.772619048,1
20102,White,F,36.5,3.1,SE,0.09,0.751488095,1
20103,White,M,36,3.9,SE,-0.08,0.821428571,1
20104,White,F,37,3.4,SE,0.32,0.786309524,1
20105,White,F,37,2.9,SE,0.2,0.738690476,1
20107,White,M,34,3.8,SE,0.43,0.786904762,1
20108,White,F,33,3.6,SE,0,0.755357143,1
20111,Black,M,20,3.4,SE,-2.41,0.573809524,0
20112,White,F,36,3.1,SE,0.49,0.745238095,1
20113,White,F,38,2.8,SE,-0.11,0.741666667,1
20114,White,M,40,3.7,SE,1.31,0.852380952,1
20116,White,F,33,2.2,SE,-1.93,0.62202381,1
20117,White,F,43,2.8,SE,-0.59,0.804166667,1
20118,White,M,34,3.4,SE,0.71,0.748809524,1
20120,White,F,38,3.7,SE,0.88,0.827380952,1
20122,White,F,39,2.9,SE,0.54,0.763690476,1
20123,White,M,27.5,3.6,SE,-0.08,0.686607143,1
20124,White,F,37,3.1,SE,0.88,0.757738095,1
20125,White,M,43,3.4,SE,0.44,0.861309524,1
20126,White,F,33,3.8,SE,-0.54,0.774404762,1
20127,White,F,38,3,SE,-0.4,0.760714286,1
20128,White,F,35,3.4,SE,0.63,0.761309524,1
20129,White,M,42,3.9,MS,0.4,0.896428571,1
20130,White,M,31.7,2.7,SE,-0.91,0.653392857,0
20131,White,M,33,3.7,SE,-0.59,0.764880952,1
20134,White,F,41,3.2,SE,1.82,0.817261905,1
20135,White,M,35,3.5,SE,0.37,0.770833333,1
20136,White,M,39,4,SE,-0.17,0.868452381,1
20137,White,F,34,3.4,SE,-0.71,0.748809524,1
20138,White,F,29,3.5,SE,0.12,0.695833333,1
20139,White,M,32.5,3.6,SE,-0.51,0.749107143,1
20140,White,F,38.5,3.7,SE,-0.57,0.833630952,1
20141,Hispanic,F,40,3.5,SE,1.45,0.833333333,1
20142,White,M,37,3,SE,-1.3,0.748214286,1
20143,White,M,30,3.4,SE,-2.02,0.698809524,1
20144,White,F,36,3.6,SE,0.69,0.792857143,1
20145,White,F,39,3.1,SE,-0.28,0.782738095,1
20146,White,M,33,3.5,SE,0.69,0.745833333,1
20148,White,F,38,3,SE,0.66,0.760714286,1
20149,White,F,37,3.5,SE,0.23,0.795833333,1
20150,White,F,33.5,3.3,SE,-0.22,0.733035714,1
20152,White,M,30.5,2.6,SE,-0.28,0.628869048,1
20154,White,F,35,3.7,SE,-0.37,0.789880952,1
20155,White,F,44,2.8,SE,-0.11,0.816666667,1
20156,White,F,37,3.5,SE,0.2,0.795833333,1
20157,White,F,37,3.1,SE,0.09,0.757738095,1
20158,White,F,42,3.3,SE,1.31,0.839285714,1
20159,White,M,35,3.4,SE,1.34,0.761309524,1
20160,White,F,38,3.4,SE,-0.23,0.798809524,1
20161,White,M,32,2.9,SE,-1.28,0.676190476,0
20162,White,M,39,3.6,SE,0.03,0.830357143,1
20163,White,F,42,3.1,SE,-0.11,0.820238095,1
20164,White,M,46,3.8,SE,0.54,0.936904762,1
20165,White,M,38,3.2,SE,-0.59,0.779761905,1
20166,White,F,37,3.6,SE,0.8,0.805357143,1
20167,White,M,35.5,3.9,SE,-0.2,0.815178571,1
20169,White,F,37,2.8,SE,0.37,0.729166667,1
20170,Other,M,32,3.5,SE,-0.88,0.733333333,1
20171,White,F,38,3.3,SE,0.23,0.789285714,1
20172,White,M,34,3.3,SE,0.94,0.739285714,1
20174,White,F,40,3.2,SE,0,0.804761905,1
20175,White,F,42,3.5,SE,1.11,0.858333333,1
20176,White,F,33.5,3.4,SE,-0.22,0.742559524,1
20177,White,M,43,3.3,SE,1.2,0.851785714,1
20179,Black,M,30,3.5,SE,-1.25,0.708333333,1
20180,White,F,38,3.2,SE,1.03,0.779761905,1
20182,White,F,30.3,2.9,SE,-1.53,0.654940476,1
20183,White,M,33,3.8,SE,-0.11,0.774404762,1
20184,White,M,44,3.9,SE,1.71,0.921428571,1
20185,White,F,36,3,SE,-0.71,0.735714286,1
20186,White,F,37,3.3,SE,0.23,0.776785714,1
20187,White,F,38,3.2,SE,0.97,0.779761905,1
20188,White,F,45,2.9,SE,0.46,0.838690476,1
20189,White,F,43,2.7,SE,-0.34,0.794642857,1
20190,White,F,37,3.1,SE,1.11,0.757738095,1
20191,White,F,43,3.2,SE,0.26,0.842261905,1
20192,White,F,36,3.4,SE,0.71,0.773809524,1
20193,White,F,43,2.6,SE,1.37,0.785119048,1
20195,White,M,41,3.8,MS,0.43,0.874404762,1
20196,White,F,41,2.9,SE,1.54,0.788690476,1
20197,White,F,33,3.5,SE,0.32,0.745833333,1
20198,Hispanic,M,36,3.2,MS,1.03,0.754761905,1
20199,White,F,37,3.9,SE,1.45,0.833928571,1
20200,White,M,38,3,SE,0.32,0.760714286,1
20202,White,F,44,2.7,SE,-0.45,0.807142857,0
20203,White,F,38,3.1,SE,-1.36,0.770238095,1
20204,White,F,40,3.2,SE,0.32,0.804761905,1
20205,White,F,37,3.8,SE,0.09,0.824404762,1
20206,White,F,41,3.5,SE,-0.2,0.845833333,1
20207,White,F,36,3.7,SE,-0.59,0.802380952,1
20208,White,F,33.5,3.7,SE,-0.2,0.771130952,1
20209,White,F,37,3.3,SE,1.22,0.776785714,1
20210,White,F,31,3.7,SE,-0.37,0.739880952,1
20211,White,M,44,3.2,SE,1.71,0.854761905,1
20212,Black,M,38,3.3,MS,-2.22,0.789285714,1
20213,White,F,32.5,3.4,MS,0.29,0.730059524,1
20214,White,F,40,3.5,MS,0.35,0.833333333,1
20215,White,M,42,3.7,MS,0.42,0.877380952,1
20216,White,F,40,3.1,MS,0.42,0.795238095,1
20217,Other,M,39,3.9,NE,-0.11,0.858928571,1
20218,Black,M,33,3.1,MS,-0.45,0.707738095,0
20220,White,M,36,4,MS,-0.3,0.830952381,1
20221,Black,M,31,3.1,MS,-0.24,0.682738095,1
20222,White,M,38,3.5,MS,-0.88,0.808333333,1
20223,Amerindian,M,33,3,MS,-1.35,0.698214286,1
20224,White,F,46,3.4,NE,1.4,0.898809524,1
20225,White,M,40,3.8,MS,1.16,0.861904762,1
20226,Black,M,41,2.7,MS,-0.03,0.769642857,1
20227,White,M,40,3.4,MS,2.03,0.823809524,1
20228,White,F,39,3.7,MS,-0.16,0.839880952,1
20230,White,F,39,3.5,MS,0.69,0.820833333,1
20231,White,M,30.5,3.8,FW,0.97,0.743154762,1
20232,White,F,34,3.8,MS,0.21,0.786904762,1
20233,White,M,38,3.5,MS,0.16,0.808333333,0
20234,White,F,37.5,3.3,MS,-0.09,0.783035714,1
20235,White,F,37,4,SE,0.35,0.843452381,1
20236,White,F,43,3.3,MS,0.16,0.851785714,1
20237,White,F,35.3,2.7,MS,-0.42,0.698392857,1
20238,White,F,38,3.6,NE,0.97,0.817857143,1
20239,White,M,41,3.3,MS,-0.86,0.826785714,1
20240,White,M,38,3.6,NE,-0.64,0.817857143,1
20241,White,M,41,3.4,MS,0.67,0.836309524,1
20242,White,F,48,3.4,MS,2.08,0.923809524,1
20244,White,M,40,3.7,MS,0.29,0.852380952,1
20245,Asian,M,44,2.9,MS,0.57,0.826190476,1
20246,Black,M,36,2.7,MS,-0.62,0.707142857,1
20247,White,F,42,3.7,MS,0.89,0.877380952,1
20248,White,M,43,3.7,MS,1.42,0.889880952,1
20249,White,F,48,2.8,MS,0.72,0.866666667,1
20250,White,M,36,3.8,MS,0.4,0.811904762,1
20251,White,M,43,3.3,MS,0.65,0.851785714,1
20252,White,F,38.5,3.5,MS,0.52,0.814583333,1
20253,White,M,36,3.5,MS,-1.41,0.783333333,0
20254,White,F,48,3.4,MS,0.14,0.923809524,1
20255,White,M,40,3,MS,0.76,0.785714286,1
20256,White,F,41,3.6,MS,-1.09,0.855357143,1
20257,White,F,43,3.9,MS,1.06,0.908928571,1
20258,White,M,39,3.5,MS,-0.52,0.820833333,1
20259,White,F,39,3.8,GL,0.38,0.849404762,1
20260,White,F,41,3.5,SE,0.27,0.845833333,1
20261,White,F,38,3.2,MS,-1.22,0.779761905,1
20262,White,M,39,3.4,MS,-0.73,0.811309524,1
20263,White,M,42,3.7,MS,0.86,0.877380952,1
20264,Black,M,30,3.8,MS,-1.96,0.736904762,0
20265,White,F,47,3.2,MS,1.59,0.892261905,1
20266,White,M,45,3.6,MS,0.21,0.905357143,1
20268,White,F,46,3.8,SE,1.2,0.936904762,1
20269,White,F,44,3.6,MS,0.5,0.892857143,1
20270,White,F,48,2.8,MS,-1.88,0.866666667,1
20271,Hispanic,M,42,3.7,MS,-1.81,0.877380952,1
20272,White,F,39,3.5,MS,-1.43,0.820833333,1
20273,Black,M,30,3,MS,-1.24,0.660714286,1
20274,White,F,43,3.5,MS,-0.41,0.870833333,1
20276,White,M,41,3.6,MW,0.93,0.855357143,1
20277,White,F,42,3.5,MS,-0.71,0.858333333,1
20278,White,M,40,3.6,MS,0.23,0.842857143,1
20279,White,F,48,3.7,MS,1.2,0.952380952,1
20280,White,F,33,3.8,MS,0.63,0.774404762,1
20281,White,F,44,3.2,SE,-0.45,0.854761905,1
20283,White,M,38,3.5,MS,0.4,0.808333333,1
20284,Black,F,32,2.8,MS,-1.71,0.666666667,0
20285,White,F,37,3.4,SE,-1.43,0.786309524,1
20286,White,F,39,3.5,MS,-1.56,0.820833333,1
20287,White,M,36,3.8,MS,-0.67,0.811904762,1
20288,White,M,41,3.7,MS,2.67,0.864880952,1
20290,White,F,43,3.7,MS,1.08,0.889880952,1
20292,White,F,40,2.7,MS,-0.75,0.757142857,1
20293,Black,F,31,2.9,NG,-0.77,0.663690476,1
20294,White,M,38,3.5,MS,0.16,0.808333333,1
20295,White,F,41,3.6,MS,0.35,0.855357143,1
20296,White,M,36,3.7,MS,-0.75,0.802380952,1
20298,White,M,41,3.4,SE,1.57,0.836309524,1
20299,White,F,40,3.5,MS,0.76,0.833333333,1
20300,White,F,42,3.4,MS,0.52,0.848809524,1
20301,White,M,32,3.2,SE,0.04,0.704761905,0
20302,White,F,42,2.8,SE,2.28,0.791666667,1
20305,White,M,40,3.6,SE,-0.62,0.842857143,1
20306,White,F,30,3.5,SE,-0.21,0.708333333,1
20307,White,F,34,3.5,SE,-0.11,0.758333333,1
20308,White,M,28,3.6,SE,1.07,0.692857143,1
20309,White,M,31,3.3,SE,1.34,0.701785714,1
20310,White,M,28,3.6,SE,0.92,0.692857143,1
20311,White,F,34,3.4,SE,0.77,0.748809524,1
20312,White,F,30,3.6,SE,0.71,0.717857143,1
20313,White,M,33,3.2,SE,-1.11,0.717261905,0
20314,White,M,34,3.5,SE,-0.81,0.758333333,1
20315,White,M,28.5,3.5,SE,0.79,0.689583333,1
20317,White,M,38,2.9,SE,-1.45,0.751190476,0
20318,White,M,33,3.7,SE,0.45,0.764880952,1
20319,White,M,33,2.9,SE,-0.85,0.688690476,0
20321,White,F,40,3.8,SE,1.73,0.861904762,1
20322,White,F,32.5,3.5,SE,1.11,0.739583333,1
20323,White,F,33,2.8,SE,-0.91,0.679166667,0
20324,White,F,25,3.7,MS,-0.42,0.664880952,0
20325,Black,M,29,3.1,SE,-0.02,0.657738095,1
20327,White,M,30,3.2,SC,2.01,0.679761905,1
20329,White,F,37,3,SE,1.92,0.748214286,1
20330,White,F,38,4,SE,1.43,0.855952381,1
20331,White,F,37,3.4,SE,0.58,0.786309524,0
20332,White,F,29,3.5,SE,-0.08,0.695833333,1
20333,White,F,31,3.1,SE,-0.27,0.682738095,1
20334,White,F,36,3,SE,-0.81,0.735714286,1
20335,White,F,29,3.2,MS,-1.02,0.667261905,0
20336,White,M,35,3.6,SE,-1.09,0.780357143,0
20337,White,F,42,3.3,SE,0.77,0.839285714,1
20338,White,M,35,3.7,SE,-0.27,0.789880952,1
20342,White,F,28,3.2,SE,-0.17,0.654761905,0
20343,White,F,40,3.2,SE,-0.06,0.804761905,1
20344,White,M,34,3.2,MS,-0.62,0.729761905,1
20345,White,F,36,3.3,SC,0.92,0.764285714,1
20346,White,F,27,3.5,SE,-0.06,0.670833333,0
20347,Black,F,29,3.6,SE,-0.77,0.705357143,0
20348,White,M,29,3.5,SE,0.53,0.695833333,1
20350,White,F,37,3.7,SE,0.98,0.814880952,1
20351,White,F,31,3.2,SE,-1.45,0.692261905,0
20352,White,M,34,3.2,SE,-0.15,0.729761905,1
20353,White,F,37,2.8,SE,0.71,0.729166667,1
20355,White,M,26.5,3.5,SE,-0.32,0.664583333,1
20356,White,F,31,3.2,MW,-0.44,0.692261905,1
20357,White,F,29,3.1,MW,-1.02,0.657738095,1
20358,White,F,34,3.1,SE,-0.85,0.720238095,1
20359,White,M,30.5,3.3,Mt,-0.2,0.695535714,0
20360,White,M,40,3.7,MW,0.94,0.852380952,1
20362,White,F,39,2.5,MW,1.88,0.725595238,1
20363,White,F,34,2.7,MW,0.72,0.682142857,1
20364,Asian,M,30,2.6,MW,-1.74,0.622619048,0
20365,White,M,31,3.7,MW,1.01,0.739880952,1
20366,White,F,30.5,3.4,MW,-0.1,0.705059524,1
20367,Black,M,23.7,3,MW,-1.62,0.581964286,0
20368,White,F,37,2.7,MW,-0.87,0.719642857,1
20369,White,M,35,2.9,MW,-1.62,0.713690476,1
20371,White,F,36,2.2,MW,0.17,0.65952381,1
20373,White,F,31,3.2,MW,0.24,0.692261905,1
20374,White,M,36,3.7,MW,0.12,0.802380952,1
20376,Hispanic,F,28,2.3,GL,-0.15,0.569047619,1
20377,White,F,32,3.1,MW,-0.49,0.695238095,1
20379,White,F,28.7,3.2,GL,0.36,0.663511905,1
20380,White,M,35,3.4,MW,-1.23,0.761309524,1
20381,White,M,30.5,2.8,MW,-0.75,0.647916667,1
20382,White,M,37,3.5,MW,-0.24,0.795833333,1
20383,White,M,35,3.6,MW,0.67,0.780357143,1
20384,White,M,31.5,3.5,MW,0.89,0.727083333,1
20385,White,M,34,2.6,MW,-1.09,0.672619048,1
20386,White,F,32,3.1,MW,-1.96,0.695238095,0
20387,White,F,39,3.7,MW,1.4,0.839880952,1
20388,White,F,34,3.1,MW,1.45,0.720238095,1
20389,White,F,31,3.1,MW,0.07,0.682738095,1
20390,White,M,33,3.1,MW,-0.99,0.707738095,0
20391,White,F,33,2.9,SE,-0.32,0.688690476,1
20392,White,M,36.5,3.3,MW,0.79,0.770535714,1
20394,White,M,31,3.3,MW,0.17,0.701785714,1
20395,Black,F,23,2.1,MW,-1.52,0.4875,0
20396,White,F,37,3.1,MW,0.63,0.757738095,1
20397,White,F,33,3,MW,1.93,0.698214286,1
20399,White,F,25.5,3.8,MW,0.17,0.680654762,0
20400,White,M,29,3.6,MW,0.94,0.705357143,1
20401,White,F,32.5,3.6,Mt,0.72,0.749107143,1
20402,Asian,F,28,3,MW,-0.27,0.635714286,1
20403,White,M,35,3.1,MW,0.55,0.732738095,1
20404,White,F,36,3,MW,0.63,0.735714286,1
20405,White,M,32,3,MW,-1.26,0.685714286,1
20407,White,M,33,3.9,MW,1.49,0.783928571,1
20408,White,M,33,3.1,NW,0.34,0.707738095,1
20409,Mexican,F,22,3.4,FW,-0.03,0.598809524,1
20410,White,F,29,3.3,MW,1.76,0.676785714,1
20411,White,M,34,3.1,MW,0.84,0.720238095,1
20412,White,F,35,2.9,MW,-0.2,0.713690476,1
20413,White,F,34,2.8,MW,-1.47,0.691666667,1
20414,White,M,37,3.5,MW,1.71,0.795833333,1
20415,White,F,33,3.1,MW,-0.49,0.707738095,1
20416,White,M,34,2.9,MW,-0.03,0.701190476,1
20417,Amerindian,M,31,3.3,MW,0.55,0.701785714,1
20418,White,M,33,3.1,Mt,-0.8,0.707738095,0
20419,White,F,36,3.5,MW,0.58,0.783333333,1
20420,White,M,37,2.9,MW,1.18,0.738690476,1
20421,White,F,35,3.9,MW,-0.36,0.808928571,1
20422,Hispanic,F,25,3,MW,-1.14,0.598214286,0
20423,White,M,33,3.2,MW,-1.09,0.717261905,1
20424,White,F,31.5,2.9,MW,-0.49,0.669940476,1
20425,White,M,33,3.2,MW,-0.53,0.717261905,1
20426,White,F,32,3.3,MW,0.72,0.714285714,1
20428,White,M,27.5,3.7,MW,-0.92,0.696130952,1
20429,White,F,32,3.1,MW,0.55,0.695238095,1
20430,White,M,37,3.8,MW,0.12,0.824404762,1
20431,White,F,31.5,2.9,MW,-1.79,0.669940476,1
20432,Black,M,27,2.5,MW,-0.27,0.575595238,1
20433,White,M,34,3.2,MW,-0.97,0.729761905,0
20434,White,F,35,3.1,MW,-0.05,0.732738095,1
20435,Black,F,24,2.4,NE,-0.24,0.528571429,0
20436,White,F,33,2.7,MW,-1.57,0.669642857,1
20437,White,F,37,3.5,MW,-0.1,0.795833333,1
20438,White,F,44,2,MW,1.71,0.74047619,1
20439,Black,M,24.5,3,NE,-1.79,0.591964286,1
20440,White,M,37,3.6,MW,0.84,0.805357143,1
20441,White,M,35,3.3,SE,1.88,0.751785714,1
20442,White,F,33,3.2,MW,0.02,0.717261905,1
20443,White,F,31,3.4,MW,0.19,0.711309524,1
20444,White,M,36,3.1,MW,1.37,0.745238095,1
20445,White,F,33,3.3,MW,0.5,0.726785714,1
20446,White,M,35,2.3,MW,-0.1,0.656547619,1
20447,White,F,33,3.3,Mt,0.5,0.726785714,1
20448,White,F,34,3,MW,-2.51,0.710714286,1
20449,White,M,35,3.5,MW,0.24,0.770833333,1
20450,White,M,35,2.7,MW,0.34,0.694642857,1
20451,White,M,37,3.6,Mt,0.55,0.805357143,1
20452,White,M,31,2.8,MW,0.63,0.654166667,1
20453,White,F,29,3.1,MW,-0.58,0.657738095,0
20454,White,F,35,2.9,MW,0.5,0.713690476,1
20455,White,F,34,2.7,MW,0.46,0.682142857,1
20456,Puertorican,F,29,2.4,MW,-0.2,0.591071429,0
20457,White,F,35,3,MW,-0.92,0.723214286,1
20458,White,M,34,3.4,Mt,-1.4,0.748809524,1
20459,White,F,34,2.9,MW,0.77,0.701190476,1
20460,White,M,42,4,MW,1.71,0.905952381,1
20461,White,F,47,3.2,MW,1.23,0.892261905,1
20462,White,M,30.5,3.3,MW,0.36,0.695535714,1
20463,White,F,30,3.7,MW,1.23,0.727380952,1
20464,White,M,27,3.7,MW,-0.1,0.689880952,1
20466,White,F,44,3.8,MW,2.22,0.911904762,1
20467,White,M,35,3.6,MW,0.29,0.780357143,1
20468,White,F,38,3.1,MW,0.55,0.770238095,1
20469,White,F,29.5,3.1,MW,-1.26,0.663988095,0
20470,White,F,34,3.3,MW,0.46,0.739285714,1
20471,White,F,31,3.3,Mt,-0.36,0.701785714,1
20472,Hispanic,F,36,3,SE,-0.65,0.735714286,1
20473,White,F,35,3,MW,0.02,0.723214286,1
20474,White,F,32,3,MW,0.29,0.685714286,1
20475,White,M,35,2.7,Mt,1.53,0.694642857,1
20476,Other,F,27,2.8,FW,0.14,0.604166667,1
20477,White,F,34,3.9,Mt,1.99,0.796428571,1
20478,White,F,41,3.7,Mt,1.09,0.864880952,1
20480,White,F,41,3.2,FW,0.92,0.817261905,1
20481,White,F,38,3,Mt,1.21,0.760714286,1
20482,White,F,30.5,2.8,Mt,-0.76,0.647916667,0
20483,White,F,33,2.9,Mt,-0.6,0.688690476,1
20485,Mexican,F,32,2.6,Mt,-0.04,0.647619048,0
20486,White,M,30,3.7,Mt,0.36,0.727380952,1
20487,White,F,39,1.9,Mt,-0.14,0.668452381,1
20488,White,F,33,3.5,Mt,0.84,0.745833333,1
20490,White,F,28,2.9,Mt,0.86,0.626190476,1
20491,White,F,37,2.9,Mt,-0.1,0.738690476,1
20494,White,F,47,3.7,Mt,2.37,0.939880952,1
20495,White,F,33,3.3,Mt,0.48,0.726785714,1
20496,Asian,F,31,3.1,Mt,-1.12,0.682738095,1
20497,Amerindian,F,40,2.6,Mt,-0.1,0.747619048,1
20498,White,M,33,2.8,Mt,-0.76,0.679166667,1
20499,Asian,F,34,2.5,NE,-1.14,0.663095238,0
20500,White,F,39,2,Mt,0.6,0.67797619,1
20501,White,F,33,2.8,Mt,0.34,0.679166667,1
20502,White,M,27,3.4,Mt,0.14,0.661309524,1
20503,White,F,40,3.2,Mt,1.13,0.804761905,1
20505,White,F,41,3.8,MS,0.62,0.874404762,1
20506,Mexican,F,29.5,3,FW,0.04,0.654464286,0
20507,White,F,30,3.5,Mt,-0.6,0.708333333,1
20509,White,F,28,3,Mt,-0.3,0.635714286,0
20510,White,F,25,3.3,FW,1.21,0.626785714,1
20512,White,F,30,3.2,Mt,2.01,0.679761905,1
20513,White,F,36,3.2,Mt,1.31,0.754761905,1
20514,White,F,27,3.7,Mt,-0.42,0.689880952,1
20517,Mexican,M,33,2.5,FW,-0.98,0.650595238,1
20518,White,F,33,3,Mt,0.14,0.698214286,1
20520,White,F,29,3.4,Mt,-0.58,0.686309524,0
20522,White,F,31,3.2,Mt,-0.96,0.692261905,1
20523,Asian,M,35,2.8,Mt,-0.12,0.704166667,1
20524,White,F,39,3.3,MW,-0.58,0.801785714,1
20526,White,M,34,2.2,Mt,0.38,0.63452381,1
20527,White,M,33,3.7,Mt,-0.44,0.764880952,1
20528,White,F,25,2.6,Mt,0.26,0.560119048,1
20529,White,M,34,2.9,Mt,1.31,0.701190476,1
20531,Amerindian,F,30,2.6,Mt,-0.5,0.622619048,1
20532,Asian,F,29,3,FW,0.16,0.648214286,1
20533,White,F,25,3.6,Mt,-0.64,0.655357143,0
20534,White,F,36,2.6,Mt,-0.72,0.697619048,1
20535,White,M,33,2.6,Mt,-0.86,0.660119048,1
20537,White,M,37,3.3,Mt,1.04,0.776785714,1
20539,White,M,31,3.2,Mt,-0.6,0.692261905,0
20541,White,F,34,3.1,Mt,-0.1,0.720238095,1
20543,White,M,25,2.8,Mt,0.1,0.579166667,1
20546,White,F,42,2.7,Mt,0.74,0.782142857,1
20547,White,F,39,2.7,Mt,0.82,0.744642857,1
20549,White,M,32,3.6,Mt,0.34,0.742857143,1
20550,White,M,26,3.1,Mt,0.1,0.620238095,0
20551,White,F,31,3.2,Mt,0.78,0.692261905,1
20552,White,M,36,3.7,Mt,2.11,0.802380952,1
20553,White,F,35.5,2.8,Mt,0.16,0.710416667,1
20554,White,M,25,3.5,Mt,-0.26,0.645833333,0
20555,White,M,34,3.9,Mt,0.84,0.796428571,1
20557,White,M,29,3,Mt,-0.24,0.648214286,1
20558,Hispanic,F,28,2.7,Mt,-1.22,0.607142857,0
20562,White,M,20,3.2,Mt,-0.2,0.554761905,0
20564,White,F,32.5,3.3,Mt,-0.48,0.720535714,1
20565,White,F,23,3.3,Mt,0.38,0.601785714,1
20566,White,M,33,3.7,Mt,0.62,0.764880952,0
20568,White,F,39,3.5,Mt,2.85,0.820833333,1
20570,White,M,32,3.6,Mt,0.64,0.742857143,1
20571,White,F,33,2.3,Mt,0.04,0.631547619,1
20572,White,F,42,2.5,Mt,1.63,0.763095238,1
20573,White,F,30,3.2,Mt,0.24,0.679761905,1
20576,White,F,35,3.5,Mt,-0.98,0.770833333,0
20578,White,F,29.5,2.7,Mt,-0.54,0.625892857,0
20580,White,F,31,3.2,Mt,0.3,0.692261905,1
20581,White,F,36,3,Mt,-0.16,0.735714286,1
20582,White,M,39,3.6,Mt,1.41,0.830357143,1
20583,White,F,38,3.3,Mt,0.5,0.789285714,1
20585,Mexican,F,31,2.6,Mt,0.54,0.635119048,1
20587,White,F,41,3,Mt,0.82,0.798214286,1
20588,White,M,39,3.5,Mt,0.28,0.820833333,1
20589,White,M,34,3.5,Mt,0.86,0.758333333,1
20590,White,F,25,2.7,Mt,-0.02,0.569642857,1
20591,Mexican,M,35,3.2,FW,-0.66,0.742261905,1
20592,White,M,38,3.7,FW,-0.96,0.827380952,1
20593,Asian,F,46,3.6,FW,-0.19,0.917857143,1
20594,White,F,47,4,SC,1.71,0.968452381,1
20595,Asian,M,47,3.6,FW,-1.07,0.930357143,0
20596,Hispanic,M,40.5,3.7,FW,-0.32,0.858630952,1
20597,Mexican,F,48,3.2,FW,-0.84,0.904761905,1
20598,Asian,F,44,3.9,FW,0.78,0.921428571,1
20600,White,F,45.5,3.7,FW,-0.08,0.921130952,1
20601,White,M,47,3.7,FW,-0.55,0.939880952,1
20602,Asian,M,44,4,SC,0.22,0.930952381,1
20603,Black,M,42,2.9,FW,-1.07,0.801190476,1
20604,White,F,42,3.8,FW,-0.78,0.886904762,1
20605,Asian,M,44,3.6,FW,-0.78,0.892857143,1
20607,White,M,47,3.8,FW,0.15,0.949404762,1
20608,White,F,44,3.7,FW,0.67,0.902380952,1
20609,White,F,44,3.6,GL,0.38,0.892857143,1
20611,Mexican,F,42,3.7,FW,-1.07,0.877380952,0
20612,Asian,F,42,3.5,FW,0.15,0.858333333,1
20614,Hispanic,F,42,3.5,GL,-0.55,0.858333333,1
20615,White,F,43,3.6,FW,-0.78,0.880357143,1
20616,Asian,F,43,3.7,FW,-0.78,0.889880952,1
20617,White,M,41,3.9,FW,1.08,0.883928571,1
20618,White,M,43,3.9,FW,-0.03,0.908928571,1
20619,White,F,42,4,FW,-0.44,0.905952381,1
20620,White,F,43,3.9,FW,-0.26,0.908928571,1
20622,White,M,41,3.9,Mt,-0.55,0.883928571,1
20623,Mexican,F,39,3.6,FW,-0.95,0.830357143,1
20624,White,M,46,3.9,FW,-0.14,0.946428571,1
20625,White,F,47,3.9,FW,1.84,0.958928571,1
20626,White,F,45,3.9,GL,1.71,0.933928571,1
20629,White,F,44,3.9,FW,2.18,0.921428571,1
20631,White,F,45,3.5,NE,-0.73,0.895833333,1
20632,White,F,44,3.9,FW,0.09,0.921428571,1
20633,Asian,F,45,3.7,FW,0.85,0.914880952,1
20634,Asian,M,46,3.8,FW,-0.73,0.936904762,1
20635,White,M,41,3.9,FW,0.44,0.883928571,1
20636,White,M,43,3.8,FW,0.44,0.899404762,1
20638,White,F,47,3.6,FW,-0.37,0.930357143,1
20639,White,F,47,3.9,GL,0.49,0.958928571,1
20640,Black,F,39,3.1,MS,-0.86,0.782738095,1
20641,Mexican,F,37,3.3,FW,-1.07,0.776785714,0
20642,White,F,42,3.8,FW,-0.19,0.886904762,0
20643,Hispanic,M,42,3.7,FW,-0.96,0.877380952,1
20645,Mexican,M,39,3.1,GL,-1.07,0.782738095,1
20646,Other,M,47,3.6,GL,-0.14,0.930357143,1
20647,White,M,45,3.6,FW,-0.78,0.905357143,1
20648,White,F,41,3.9,FW,0.04,0.883928571,1
20649,White,F,44,3.5,FW,-1.07,0.883333333,1
20650,White,F,48,3.6,FW,-0.84,0.942857143,1
20651,Asian,F,45,3.6,SE,-0.96,0.905357143,1
20652,White,F,40,3.4,FW,-0.76,0.823809524,0
20653,Mexican,F,48,3.8,FW,-0.32,0.961904762,1
20654,White,M,43,3.8,FW,-0.26,0.899404762,1
20655,White,F,46,3.7,FW,-0.03,0.927380952,1
20657,White,M,41,3.8,GL,-0.32,0.874404762,1
20658,White,M,48,3.4,FW,2.12,0.923809524,1
20660,White,M,44,3.7,FW,-0.03,0.902380952,1
20661,White,M,48,3.5,FW,2.66,0.933333333,1
20662,White,F,48,3.7,FW,2.18,0.952380952,1
20663,Asian,F,43,3.6,FW,-1.07,0.880357143,1
20665,Asian,F,40,3.5,FW,-1,0.833333333,1
20666,White,M,48,3.3,FW,-0.84,0.914285714,1
20667,White,M,41,4,FW,-0.66,0.893452381,1
20670,White,F,47,3.7,FW,0.56,0.939880952,1
20671,Asian,M,37,3.8,FW,-0.73,0.824404762,1
20672,Asian,F,41,3.9,NE,0.27,0.883928571,1
20673,Asian,F,44,3.7,FW,0.15,0.902380952,1
20674,Hispanic,F,39,4,FW,-0.6,0.868452381,1
20675,White,F,47,3.7,FW,-0.08,0.939880952,1
20676,Black,M,37,3.4,Mt,-0.94,0.786309524,0
20677,Other,F,40,3.2,FW,-1.07,0.804761905,1
20678,White,M,42,4,FW,0.62,0.905952381,1
20679,Mexican,F,41,3.6,SE,-1.07,0.855357143,1
20680,Black,F,38,3.9,FW,-1,0.846428571,1
20681,White,M,40,4,FW,-0.19,0.880952381,1
20682,White,F,48,4,GL,1.14,0.980952381,1
20683,White,F,45,3.9,FW,1.08,0.933928571,1
20684,White,M,48,3.8,FW,-1.07,0.961904762,1
20685,White,M,44,3.7,FW,-0.6,0.902380952,1
20686,White,F,42.5,3.7,FW,1.14,0.883630952,1
20688,Mexican,M,34,3.3,SC,-1.07,0.739285714,1
20691,White,M,48,3.7,FW,-0.55,0.952380952,1
20692,White,M,43,3.8,FW,-0.73,0.899404762,1
20693,Asian,F,42,3.8,FW,0.15,0.886904762,1
20694,White,F,46,3.9,Mt,-0.44,0.946428571,1
20696,White,F,47,3.7,FW,1.44,0.939880952,1
20697,Asian,F,47,3.6,FW,1.48,0.930357143,1
20698,White,F,48,3.6,FW,1.08,0.942857143,1
20699,White,F,43,3.9,FW,0.67,0.908928571,1
20700,White,F,46,3.5,FW,1.08,0.908333333,1
20701,White,M,45,3.6,FW,-1.07,0.905357143,1
20702,Mexican,F,39,3.1,FW,-1.07,0.782738095,1
20704,Mexican,M,44,3.8,FW,0.67,0.911904762,1
20705,White,F,46,3.5,SE,-0.6,0.908333333,1
20706,White,F,38.5,3.9,SC,-0.32,0.852678571,1
20707,White,F,46,3.8,FW,-1.3,0.936904762,1
20709,White,M,43,3.8,FW,-0.84,0.899404762,1
20710,White,F,46,3.5,FW,-0.78,0.908333333,0
20711,White,F,48,3.6,FW,-0.03,0.942857143,1
20712,White,F,48,3.7,FW,-0.96,0.952380952,1
20713,Asian,F,42,3.7,FW,-0.26,0.877380952,1
20714,White,F,47,3.9,FW,0.62,0.958928571,1
20716,White,F,45,3.6,FW,2.05,0.905357143,1
20718,White,M,48,3.6,FW,0.67,0.942857143,1
20719,White,M,41,3.8,FW,0.04,0.874404762,1
20720,Other,M,45,3.9,FW,0.78,0.933928571,1
20722,White,M,48,3.8,FW,-0.37,0.961904762,1
20724,White,F,48,3.6,FW,-0.26,0.942857143,1
20725,White,F,48,3.6,FW,1.44,0.942857143,1
20726,White,F,45,4,FW,-0.19,0.943452381,1
20727,White,M,47,3.9,FW,-0.32,0.958928571,1
20728,White,M,42,4,NE,0.72,0.905952381,1
20729,White,F,48,3.4,FW,0.85,0.923809524,1
20730,Hispanic,M,42,3.5,SC,-0.84,0.858333333,1
20732,White,M,45,3.4,NG,1.37,0.886309524,1
20733,White,F,48,3.8,SC,-0.84,0.961904762,1
20735,Mexican,F,38,3.4,FW,-1.07,0.798809524,1
20736,Hispanic,F,38,3.8,FW,-0.76,0.836904762,1
20737,White,M,44,3.3,FW,-0.96,0.864285714,1
20738,White,M,48,3.7,FW,1.6,0.952380952,1
20739,Mexican,M,33,3.5,FW,-1.07,0.745833333,0
20740,White,F,47,3.7,FW,-0.03,0.939880952,1
20741,White,F,45,3.6,FW,-0.55,0.905357143,1
20742,Mexican,F,31,3.6,FW,-1.25,0.730357143,0
20745,Asian,F,45,3.6,FW,0.49,0.905357143,1
20746,White,F,43,3.8,NE,-0.08,0.899404762,1
20747,White,F,44,3.7,FW,0.33,0.902380952,1
20749,White,F,46,3.5,FW,-0.89,0.908333333,1
20750,White,F,41,3.9,FW,-0.78,0.883928571,1
20751,White,M,44,3.7,FW,-0.14,0.902380952,1
20752,White,F,47,3.3,FW,1.26,0.901785714,1
20754,White,M,47,3.7,FW,2.36,0.939880952,1
20755,White,F,46,3.5,FW,-0.19,0.908333333,1
20757,White,F,45,4.2,GL,-1.07,0.9625,1
20758,Asian,F,44,3.6,MS,2.01,0.892857143,1
20759,White,M,37,3.2,SE,0.65,0.767261905,1
20760,White,F,33,4,SE,1.17,0.793452381,1
20761,Asian,F,31,2.6,SE,-1.04,0.635119048,1
20762,White,F,44,3.6,SE,2.5,0.892857143,1
20763,White,F,39.5,2.8,SE,1.25,0.760416667,1
20764,Black,M,28,3.5,SE,-0.42,0.683333333,1
20765,White,F,37,3.2,SE,0.17,0.767261905,1
20766,Asian,F,36,2.6,SE,-0.93,0.697619048,1
20767,White,M,39,3.1,SE,0.64,0.782738095,1
20768,White,F,36.5,3.5,SE,0.47,0.789583333,1
20771,White,F,41,3.2,SE,0.77,0.817261905,1
20773,Black,F,27,3,SE,-1.17,0.623214286,0
20774,White,F,38,3.2,SE,0.13,0.779761905,1
20775,White,M,38,3.3,SE,-0.46,0.789285714,1
20777,White,M,34,3.5,SE,0.08,0.758333333,1
20778,Black,M,33,3,FW,-1.12,0.698214286,0
20779,White,M,38,3,SE,0.23,0.760714286,1
20780,Black,M,31,2.6,SE,-0.62,0.635119048,1
20781,White,M,39,3.4,MW,0.04,0.811309524,1
20782,White,F,38,3.1,SE,0.72,0.770238095,1
20783,White,M,36,2.9,SE,-0.61,0.726190476,1
20784,White,M,39,3.2,SE,1.87,0.792261905,1
20785,White,M,41,3.1,SE,0.16,0.807738095,1
20786,White,M,35,3.3,SE,-0.13,0.751785714,1
20787,White,F,37,3.1,SE,-0.67,0.757738095,1
20788,White,M,41,3.4,SE,0.24,0.836309524,1
20789,Black,M,29,3.3,SE,-0.18,0.676785714,1
20790,Black,M,32,2.4,SE,-1.01,0.628571429,1
20792,Black,F,27,3.1,SE,-0.75,0.632738095,0
20793,White,M,43,3.4,SE,2.28,0.861309524,1
20794,White,M,39,3.1,SE,-0.83,0.782738095,1
20795,White,M,42,3,SE,-0.16,0.810714286,1
20797,White,F,35,3.5,SE,0.35,0.770833333,1
20800,White,F,42,2.8,SE,-0.75,0.791666667,1
20801,White,M,37.5,3.6,SE,0.78,0.811607143,1
20803,White,M,38,2.3,SE,-1.06,0.694047619,1
20804,White,F,39,3,SE,1.08,0.773214286,1
20805,Black,M,28,3.7,SE,0.55,0.702380952,1
20806,Mexican,M,28.5,3.6,SE,0.45,0.699107143,1
20808,Black,M,29,2.8,SE,-1.56,0.629166667,1
20810,White,F,37,3.5,SE,-0.39,0.795833333,1
20811,White,F,39,3.5,SE,0.06,0.820833333,1
20812,White,F,37,3.4,SE,-0.71,0.786309524,1
20813,White,F,35,4,SE,1.22,0.818452381,1
20816,Black,M,27.5,2.9,SE,-0.1,0.619940476,1
20817,White,M,45,3.6,SE,1.03,0.905357143,1
20818,Black,M,33,3.2,SE,-0.09,0.717261905,1
20819,White,F,43,2.9,SE,0.47,0.813690476,1
20820,White,M,39,2.7,SE,0.21,0.744642857,1
20821,White,F,41,2.8,SE,0.23,0.779166667,1
20822,Black,M,29.5,2.6,SE,-1.61,0.616369048,1
20823,White,F,37,3.3,SE,0.41,0.776785714,1
20824,White,M,36,3.2,SE,-1.21,0.754761905,1
20826,White,F,45,2.2,SE,0.86,0.77202381,1
20827,Asian,F,31,3.1,SE,0.35,0.682738095,1
20828,White,F,37,3.4,SE,0.22,0.786309524,1
20829,Black,M,24,3.5,SE,-0.39,0.633333333,1
20830,White,M,38,3,SE,-0.11,0.760714286,1
20832,White,M,44,3.2,SE,1.18,0.854761905,1
20833,White,F,35,2.9,SE,-0.82,0.713690476,1
20834,Black,M,35,2.6,SE,-0.94,0.685119048,1
20835,Black,M,33,2.9,FW,0.58,0.688690476,0
20836,White,M,37,3.5,SE,1.14,0.795833333,1
20837,White,M,38.5,3,SE,-0.73,0.766964286,1
20838,White,M,41,3,SE,1.8,0.798214286,1
20839,White,M,39,3.2,SE,0.28,0.792261905,1
20840,White,M,30,2.9,SE,-0.11,0.651190476,1
20841,Puertorican,F,31,3.3,SE,-0.77,0.701785714,1
20842,White,F,39,3.4,SE,-0.89,0.811309524,1
20844,White,F,36,3.2,SE,1.08,0.754761905,1
20845,White,M,36,3.9,SE,1.12,0.821428571,1
20846,Asian,F,35.5,2.5,SE,0.14,0.681845238,1
20847,Asian,M,33,3.3,SE,-0.18,0.726785714,1
20849,White,F,41,2.9,SE,-1.28,0.788690476,1
20851,Mexican,F,36,3,SE,-0.57,0.735714286,1
20852,White,F,36.5,3.8,SE,-0.17,0.818154762,1
20853,White,F,36,3.2,SE,0.47,0.754761905,1
20854,Black,M,28,3.1,SE,-1.58,0.645238095,1
20861,White,M,36.5,3,SE,-0.44,0.741964286,1
20864,White,F,42,2.8,SE,0.72,0.791666667,1
20865,White,M,37,3.2,SE,-0.08,0.767261905,1
20866,White,F,35,3.3,SE,-0.27,0.751785714,1
20868,Black,F,28,2.8,SE,-1.15,0.616666667,0
20869,White,F,42,2.8,SE,1.44,0.791666667,1
20876,White,M,38,3.1,SE,0.08,0.770238095,0
20878,White,M,33.5,3.5,SE,0.74,0.752083333,1
20880,White,M,39,2.7,SE,1.83,0.744642857,1
20898,White,F,32,1.8,SE,0.65,0.571428571,1
20903,White,F,35,3.2,SE,0.38,0.742261905,1
20906,Black,F,37,2.2,SE,1,0.67202381,1
20908,White,M,39,3.4,SE,-0.41,0.811309524,1
20925,Black,F,36,2.4,SE,-1,0.678571429,1
20929,Black,F,32,2.9,SE,-0.42,0.676190476,1
20930,Hispanic,F,34,2.7,SE,0.09,0.682142857,1
20935,White,M,37,3.8,Mt,-0.45,0.824404762,1
20936,White,M,38,3.7,Mt,-0.53,0.827380952,1
20937,White,M,42,3.5,Mt,-0.99,0.858333333,1
20938,White,F,42,2.6,NG,-0.51,0.772619048,1
20939,White,M,40,3.5,Mt,0.04,0.833333333,1
20940,White,F,40,3.9,Mt,1.84,0.871428571,1
20942,White,F,43,3.3,Mt,-0.34,0.851785714,1
20943,White,M,41,3.4,Mt,-0.54,0.836309524,1
20944,White,F,42,3.2,Mt,-0.37,0.829761905,1
20945,White,F,39,3.6,Mt,0.38,0.830357143,1
20946,White,F,46,3.4,Mt,0.32,0.898809524,1
20948,White,M,41,3.2,Mt,0.01,0.817261905,1
20950,White,M,40.7,3.1,GL,0.08,0.803988095,1
20951,White,M,43,3.4,Mt,0.97,0.861309524,1
20952,White,M,44,2.7,Mt,-0.64,0.807142857,1
20953,White,F,42,3.4,Mt,0.86,0.848809524,1
20955,White,F,48,3.1,NE,0.25,0.895238095,1
20956,White,M,43,3.5,NE,0.15,0.870833333,1
20957,White,F,45,3.7,NE,-0.22,0.914880952,1
20958,White,M,44,3.8,SC,1.6,0.911904762,1
20959,White,F,43,3.8,NE,0.78,0.899404762,1
20960,White,M,46,3.4,NE,2.69,0.898809524,1
20961,Asian,F,47,3.3,NE,-1.58,0.901785714,0
20962,Hispanic,F,38,3.9,SE,-0.31,0.846428571,1
20964,White,F,43,3.2,NW,1.14,0.842261905,1
20965,White,F,46,3.6,NE,0.78,0.917857143,1
20966,White,M,47,3.5,NE,0.06,0.920833333,1
20968,White,F,41,3.8,NE,0.51,0.874404762,1
20969,White,F,45,3.4,NE,0.51,0.886309524,1
20970,White,F,36,3.9,GL,0.42,0.821428571,1
20972,Other,F,47,3.7,FW,0.6,0.939880952,1
20973,White,F,46,3.4,NE,0.6,0.898809524,1
20974,White,M,46,3.7,NE,0.33,0.927380952,1
20975,White,F,46,3.9,NE,-0.22,0.946428571,1
20976,White,F,41,4,NE,0.15,0.893452381,1
20977,White,F,48,3.6,MS,1.33,0.942857143,1
20978,White,M,44,3.6,NE,-0.58,0.892857143,1
20979,Asian,F,44,3.8,FW,0.24,0.911904762,1
20980,White,F,48,3.3,FW,1.69,0.914285714,1
20981,White,F,46,3.5,NE,2.05,0.908333333,1
20983,White,F,45.5,3.9,NE,1.23,0.940178571,1
20984,White,M,46,3.4,MS,-0.49,0.898809524,1
20985,White,M,44,3.8,NE,0.78,0.911904762,1
20986,White,M,45,3.5,Mt,-1.49,0.895833333,1
20987,White,F,48,3.6,SE,-0.31,0.942857143,1
20988,White,M,46,3.7,NE,0.24,0.927380952,1
20989,White,M,40,3.8,NE,-0.49,0.861904762,1
20990,Amerindian,F,40,3.1,SC,-1.85,0.795238095,1
20991,White,F,46,3.8,NE,0.33,0.936904762,1
20992,White,F,47,3.3,NE,-0.67,0.901785714,1
20993,White,F,42,3.4,Mt,-0.12,0.848809524,1
20994,White,M,44,3.9,NE,-1.31,0.921428571,1
20995,White,F,42,3.8,NE,-0.85,0.886904762,1
20996,Other,F,46,3.3,NG,1.05,0.889285714,1
20997,White,F,47,3.8,NG,0.6,0.949404762,1
20998,White,F,42,3.6,NE,-1.21,0.867857143,1
20999,Asian,M,43,3.7,NE,-0.85,0.889880952,1
21001,White,F,44,3.5,NE,-0.67,0.883333333,1
21002,White,F,40,3.9,NE,0.24,0.871428571,1
21003,White,F,47,3.9,NE,0.87,0.958928571,1
21004,White,F,43,3.3,Mt,2.21,0.851785714,1
21005,White,M,46,3.5,NE,0.06,0.908333333,1
21006,Mexican,M,40,3.3,NE,-2.3,0.814285714,0
21007,White,M,42,3.5,NE,-0.67,0.858333333,1
21008,Puertorican,M,44,3.4,NE,-0.31,0.873809524,1
21009,White,M,43,3.4,SE,-1.03,0.861309524,1
21010,White,F,48,3.8,NE,0.15,0.961904762,1
21012,White,F,48,3.6,NE,0.78,0.942857143,1
21013,White,M,47,3.5,NE,-1.49,0.920833333,1
21014,White,M,47,3.4,NE,-0.85,0.911309524,1
21015,White,F,43,2.8,FW,1.1,0.804166667,1
21017,White,M,46,3.4,NE,1.51,0.898809524,1
21018,White,M,45,3.4,NE,-0.4,0.886309524,1
21019,Black,F,30,2.8,NE,-1.85,0.641666667,1
21020,White,M,46,3.9,NE,2.32,0.946428571,1
21021,Asian,M,46,3.6,NE,0.06,0.917857143,1
21022,Asian,F,45,3.8,FW,-0.85,0.924404762,1
21023,White,M,40,3.7,NG,0.15,0.852380952,1
21025,Other,M,44,3.1,NE,-1.85,0.845238095,1
21026,White,F,43,2.9,MS,0.18,0.813690476,1
21027,White,M,42,3.4,NE,0.96,0.848809524,1
21028,White,M,46,3.7,GL,1.23,0.927380952,1
21030,White,F,48,3.9,NE,0.87,0.971428571,1
21031,White,F,41,3.7,NE,-0.31,0.864880952,1
21032,White,M,42.5,3.3,NG,-1.12,0.845535714,1
21033,White,F,46,3.4,NE,1.96,0.898809524,1
21034,White,F,46,3.7,NE,-1.03,0.927380952,1
21035,White,F,46,3.7,NE,1.05,0.927380952,1
21036,White,F,47,3.5,NE,-1.12,0.920833333,1
21037,White,F,44,3,Mt,-0.4,0.835714286,1
21038,White,F,47,3.8,NE,1.6,0.949404762,1
21040,White,M,43,3.5,NE,-0.85,0.870833333,1
21041,White,F,44,3.8,NG,1.14,0.911904762,1
21042,Hispanic,F,43,3.4,SC,0.06,0.861309524,1
21043,White,F,39,3.7,GL,0.33,0.839880952,1
21044,White,F,48,3.4,NG,0.6,0.923809524,1
21045,White,F,47,3.9,NE,-0.22,0.958928571,1
21046,White,M,44,3.6,NE,-0.49,0.892857143,1
21048,Asian,M,44,3.1,Mt,0.84,0.845238095,1
21049,White,M,40,3.3,NE,-1.94,0.814285714,1
21050,Black,M,43,3,NE,0.78,0.823214286,1
21051,White,F,45,3.5,FW,-1.58,0.895833333,1
21052,White,F,43,3.6,NG,-1.31,0.880357143,1
21053,White,M,43,3.5,NE,1.05,0.870833333,1
21054,Black,F,37,2.8,NE,-0.67,0.729166667,1
21055,White,M,42,3.4,Mt,-0.22,0.848809524,1
21056,White,M,39,3.6,NE,-1.85,0.830357143,1
21058,White,F,47,3.1,NG,0.33,0.882738095,1
21060,White,F,48,3.4,NE,0.33,0.923809524,1
21061,White,F,44,3,NE,-0.49,0.835714286,1
21063,White,M,48,3.8,NE,-0.85,0.961904762,1
21064,Hispanic,F,36,3.1,NE,-0.49,0.745238095,1
21065,White,M,46,3.8,NE,-0.85,0.936904762,1
21066,Hispanic,M,47,3.8,NE,-0.13,0.949404762,1
21069,White,F,45,3.5,NE,-0.49,0.895833333,1
21070,White,F,48,2.5,Mt,-0.51,0.838095238,0
21071,White,M,39,3.6,NE,-1.21,0.830357143,1
21072,White,F,45,3.5,NE,0.93,0.895833333,1
21073,White,M,48,3.3,NE,0.51,0.914285714,1
21074,White,F,48,3.9,NE,0.06,0.971428571,1
21075,White,M,47,3.3,NG,0.87,0.901785714,1
21076,White,F,47,3.8,SE,-0.58,0.949404762,1
21077,White,M,45,3.7,NE,-0.94,0.914880952,1
21079,White,M,42,3.8,NE,-0.22,0.886904762,1
21080,White,M,48,3.5,FW,0.6,0.933333333,1
21081,White,M,42,3.5,Mt,-0.13,0.858333333,1
21082,White,F,46,3.9,NE,1.14,0.946428571,1
21083,White,M,46,3.6,SE,0.78,0.917857143,1
21084,White,F,44,3.8,NE,1.23,0.911904762,1
21085,White,M,43,3.5,NE,-0.85,0.870833333,1
21086,White,F,48,3.4,NE,-0.49,0.923809524,1
21087,White,F,45,3.7,NE,0.42,0.914880952,1
21088,White,M,48,3.4,NE,0.69,0.923809524,1
21089,White,M,46,3.7,NE,-0.58,0.927380952,1
21090,White,F,42,3.7,GL,0.06,0.877380952,1
21092,White,M,46,3.1,Mt,0.57,0.870238095,1
21093,Mexican,F,36,3.2,Mt,-0.93,0.754761905,1
21094,White,M,43,4,Mt,0.79,0.918452381,1
21095,Black,F,31,3.3,FW,-0.5,0.701785714,1
21096,White,F,43,3.4,Mt,-0.38,0.861309524,1
21097,White,M,47,3.1,Mt,-0.27,0.882738095,1
21098,White,F,42,2.9,Mt,-1.54,0.801190476,1
21099,White,M,45,3.8,Mt,0.17,0.924404762,1
21100,White,M,40,4,Mt,0.86,0.880952381,1
21101,Other,F,32,2.8,FW,-0.83,0.666666667,0
21104,White,F,45,3.4,GL,0.61,0.886309524,1
21105,White,M,43,3.1,Mt,0.55,0.832738095,1
21106,White,M,32,3.4,NE,0.4,0.723809524,1
21108,White,F,40,3.6,NE,0.22,0.842857143,1
21110,White,M,34,3.4,NE,-0.83,0.748809524,1
21111,White,F,39,2.3,NE,0.53,0.706547619,1
21112,White,F,26.5,2.8,NE,-0.67,0.597916667,1
21114,Black,M,35,2.5,NE,-1.47,0.675595238,0
21116,White,F,29,2.4,NE,0.07,0.591071429,1
21119,White,F,39,2.4,NE,0.82,0.716071429,0
21122,White,M,35,2.9,NE,2.05,0.713690476,1
21124,White,M,36,2.8,NE,-0.19,0.716666667,1
21127,White,M,33.5,2.9,NE,0.38,0.694940476,1
21128,White,M,39,3.7,NE,0.22,0.839880952,1
21129,White,F,34,3.6,NE,-0.55,0.767857143,1
21130,White,F,42,2.6,NE,-0.98,0.772619048,0
21132,White,F,34,3.4,NE,1.79,0.748809524,1
21133,White,F,36,3.9,NE,-0.24,0.821428571,1
21136,White,F,34.5,3.2,NE,-1.37,0.736011905,1
21137,White,M,36,2.9,NE,-1.14,0.726190476,1
21138,White,F,34,2.8,NE,-0.67,0.691666667,1
21139,White,F,35,3.8,NE,-0.32,0.799404762,1
21140,White,M,30,3.3,NE,-0.52,0.689285714,1
21141,White,M,29,3.6,NE,0.87,0.705357143,1
21142,White,F,37,3.2,NE,-0.08,0.767261905,1
21143,White,F,32.5,3.3,NE,0.4,0.720535714,1
21144,White,M,30.5,3.6,NE,0.3,0.724107143,1
21145,White,F,36,3.3,NE,0.1,0.764285714,1
21146,White,F,35,3.1,NE,0.89,0.732738095,1
21147,White,F,33,3.8,NE,-0.14,0.774404762,0
21148,White,M,35,3,NE,-0.62,0.723214286,1
21149,Other,M,32,3.2,NE,-0.11,0.704761905,1
21153,White,F,41,2.8,NE,-0.03,0.779166667,1
21154,White,F,41,2.6,NE,-1.5,0.760119048,1
21155,White,M,30,3.4,NE,-1.09,0.698809524,1
21156,White,M,38,3,NE,1.1,0.760714286,1
21157,Asian,F,31,3.4,NE,0.61,0.711309524,1
21158,White,F,37,3.6,NE,1.66,0.805357143,1
21159,White,M,34,2.6,NE,0.4,0.672619048,1
21160,White,F,34.5,3.5,NE,-1.09,0.764583333,0
21161,White,M,36,3.3,NE,1.72,0.764285714,1
21164,White,M,32,3.7,NE,-0.7,0.752380952,1
21165,White,M,36,3.3,NE,-1.93,0.764285714,1
21169,White,F,43,3.4,NE,1,0.861309524,1
21170,White,F,34,3.6,NE,2.18,0.767857143,1
21171,White,F,41,3.7,NE,1.33,0.864880952,1
21172,White,M,32,3.4,NE,0.61,0.723809524,0
21173,White,F,28,2.5,NE,0.61,0.588095238,0
21175,White,F,36,3.4,NE,-0.29,0.773809524,1
21176,Black,M,26,3.2,NE,-1.21,0.629761905,0
21177,White,F,47,3.5,NE,1.87,0.920833333,1
21178,White,F,36,3.6,NE,0.66,0.792857143,1
21180,White,F,34,3.2,NE,-0.24,0.729761905,1
21181,White,F,39,3.1,NE,1.02,0.782738095,1
21182,White,F,34,2.8,NE,-0.91,0.691666667,1
21185,White,F,33,3.2,NE,-0.14,0.717261905,1
21187,White,M,37,3.6,NE,1.41,0.805357143,1
21188,Puertorican,M,25.5,3.4,NE,-0.75,0.642559524,1
21189,White,M,37,3.9,NE,0.84,0.833928571,1
21190,White,M,27.5,3,MS,-0.7,0.629464286,0
21191,White,F,38,3,NE,0.56,0.760714286,1
21192,White,M,33,3,NE,-0.73,0.698214286,0
21193,White,F,40,3.5,NE,0.61,0.833333333,1
21196,White,F,42,3.8,NG,-1.41,0.886904762,1
21197,White,F,42,3.1,MS,1.65,0.820238095,1
21198,Amerindian,F,36,3.4,MS,-1.71,0.773809524,1
21200,White,M,37,3.9,SE,1.14,0.833928571,1
21201,White,F,46,3.2,MS,0.23,0.879761905,1
21202,White,F,39,3.9,MS,0.4,0.858928571,1
21203,White,M,37.5,3.7,MS,2.06,0.821130952,1
21204,White,M,34.5,3.8,SE,0.14,0.793154762,1
21206,White,F,45,3,MS,-0.3,0.848214286,1
21208,White,F,40,3.7,MS,-0.07,0.852380952,1
21209,White,M,38,3.3,MS,-0.05,0.789285714,1
21210,White,M,42,3.8,MS,1.01,0.886904762,1
21211,White,F,37,3.6,NE,0.91,0.805357143,1
21212,White,F,47,3.7,GL,-0.22,0.939880952,1
21213,White,M,34.5,3.6,MS,0.08,0.774107143,1
21215,White,F,40,3.3,MS,0.16,0.814285714,1
21216,Black,M,29.5,3.6,MS,-2.22,0.711607143,1
21217,White,M,40,3.8,MS,0.84,0.861904762,1
21218,Black,M,42,2.8,MS,-0.43,0.791666667,1
21219,White,F,38,3.9,MS,1.46,0.846428571,1
21220,White,M,44,3.8,MS,1.63,0.911904762,1
21221,White,F,37,4,MS,0.21,0.843452381,1
21222,White,M,46,3.5,SE,-1.45,0.908333333,1
21223,White,M,41,3.3,MS,-0.54,0.826785714,1
21224,White,F,37,3.4,MS,-0.01,0.786309524,1
21225,White,F,39,3.8,MS,-1.32,0.849404762,0
21226,Black,M,29,2.8,MS,-1.64,0.629166667,1
21227,White,F,44,3.1,MS,-0.24,0.845238095,1
21228,White,M,39,3.6,MS,1.63,0.830357143,1
21229,White,F,40.5,3.7,NE,0.8,0.858630952,1
21230,White,F,47,3.3,MS,0.95,0.901785714,1
21231,White,M,42,3.4,MS,0.14,0.848809524,1
21232,White,F,43,3.7,SE,0.63,0.889880952,1
21233,White,F,40,3.3,MS,-0.03,0.814285714,1
21234,White,F,42,3.6,MS,1.82,0.867857143,1
21235,White,M,47,3,MS,0.27,0.873214286,1
21237,White,F,37,3.5,MS,0.97,0.795833333,1
21238,White,M,36,3.7,MS,-1.35,0.802380952,0
21239,White,F,42,3.4,MS,0.33,0.848809524,1
21240,White,F,35.5,3.9,MS,1.03,0.815178571,1
21241,White,M,48,3.8,Mt,1.78,0.961904762,1
21242,White,M,39,3.9,MS,1.33,0.858928571,1
21243,White,M,42,3.9,MS,0.65,0.896428571,1
21245,White,F,42,3.2,MS,-0.58,0.829761905,1
21246,White,F,44,3.2,MS,-0.54,0.854761905,1
21247,White,M,36,3.9,MS,0.61,0.821428571,1
21248,White,F,37,4,SE,-0.22,0.843452381,1
21249,White,F,35,3.6,MS,-1.01,0.780357143,1
21250,White,F,42,3.7,SE,0.44,0.877380952,1
21251,White,M,41,3.4,MS,-0.86,0.836309524,1
21252,White,F,43,2.7,MS,-0.18,0.794642857,1
21254,Asian,M,38,3.3,MS,-1.28,0.789285714,1
21255,Black,M,27,3.3,MS,-1.11,0.651785714,1
21256,White,F,39,3.8,MS,-0.88,0.849404762,1
21257,Asian,M,37.5,3.4,MS,-0.54,0.792559524,1
21258,White,F,40.5,2.5,MS,0.63,0.744345238,1
21259,Black,F,32,3.1,SE,-0.07,0.695238095,1
21260,White,F,41.5,3.4,MS,0.99,0.842559524,1
21261,Black,M,27,3.5,MS,-0.92,0.670833333,1
21262,White,F,41,3.3,MS,0.63,0.826785714,1
21263,White,F,37,3.9,MS,-0.39,0.833928571,1
21264,White,M,42,3.8,MS,0.82,0.886904762,1
21265,White,F,39,3.4,MS,-1.09,0.811309524,1
21266,White,M,35,3.8,MS,1.37,0.799404762,1
21267,White,F,44,3.2,GL,0.24,0.854761905,1
21268,White,M,38,3.9,NG,-0.2,0.846428571,1
21269,White,F,38,3.5,MS,0.35,0.808333333,1
21270,White,F,41,3.5,MS,2.06,0.845833333,1
21271,White,F,40,3.7,SE,0.8,0.852380952,1
21273,White,F,40,3.2,MS,-0.79,0.804761905,1
21274,White,F,42,3.6,NE,-0.01,0.867857143,1
21275,White,F,41,3.5,MS,-1.86,0.845833333,1
21276,White,M,48,3.1,SE,0.18,0.895238095,1
21277,White,M,40,3.9,MS,-0.16,0.871428571,1
21278,White,M,37,4,GL,0.04,0.843452381,1
21279,White,F,42,3.2,NG,-0.64,0.829761905,1
21280,White,F,38,3.2,MS,-1.15,0.779761905,1
21283,White,M,36,3.6,MS,-0.88,0.792857143,1
21284,White,F,41,3.7,GL,1.01,0.864880952,1
21285,White,F,37,3.7,MS,-1.92,0.814880952,0
21286,White,M,41,3.7,MS,0.44,0.864880952,1
21287,White,M,47,3.3,MS,-0.41,0.901785714,1
21288,White,F,46,3.3,MS,0.23,0.889285714,1
21289,White,F,38,3.5,MS,0.06,0.808333333,1
21290,White,M,38,3.7,MS,-1.56,0.827380952,1
21291,White,M,38,3.9,NE,0.46,0.846428571,1
21293,White,F,41,3.5,NE,0.91,0.845833333,1
21294,White,M,37.7,3.5,MS,0.46,0.804583333,1
21507,White,F,40,3.3,MS,1.31,0.814285714,1
21508,White,F,43,3.8,MS,1.1,0.899404762,1
21509,White,F,37,3.5,MS,0.12,0.795833333,1
21510,White,F,41,2.8,MS,-0.37,0.779166667,1
21511,White,F,31,2.9,MS,-0.56,0.663690476,1
21512,White,M,39,3.5,MS,1.29,0.820833333,1
21513,White,F,41,3.1,MS,1.04,0.807738095,1
21514,White,F,35,3.8,MS,0.47,0.799404762,1
21515,White,M,37,3.5,NG,0.7,0.795833333,1
21516,White,F,35.5,3.4,NG,-1.13,0.767559524,1
21519,White,M,36,4,GL,0.99,0.830952381,1
21520,White,F,47,3.1,NE,0.69,0.882738095,1
21521,Black,M,32,2.5,MS,-1.15,0.638095238,0
21522,White,F,39,3.2,MS,-0.17,0.792261905,1
21523,White,M,42,3.3,MS,-0.19,0.839285714,1
21524,White,M,42,2.9,MS,-1,0.801190476,1
21525,White,M,40,3.2,MS,0.28,0.804761905,1
21526,White,F,42,3.9,MS,0.52,0.896428571,1
21527,White,F,33.5,2.9,MS,-0.86,0.694940476,1
21528,White,F,39,2.9,MS,-1.53,0.763690476,1
21529,White,F,41,3.1,MS,-0.65,0.807738095,1
21530,White,F,36.5,3.3,MS,1.67,0.770535714,1
21531,White,F,39,2.9,MS,-0.29,0.763690476,1
21533,White,M,44,3.8,MS,0.36,0.911904762,1
21534,White,M,41,3.1,SE,2.24,0.807738095,1
21535,White,M,43,4,MS,1.77,0.918452381,1
21536,White,F,39,3.1,MS,-0.21,0.782738095,1
21537,White,F,37.5,3.3,MS,-0.03,0.783035714,1
21538,White,M,39,3.3,MS,0.69,0.801785714,1
21540,White,M,38,3.4,MS,0.96,0.798809524,1
21541,White,M,42,3.3,MS,0.36,0.839285714,1
21542,White,F,40,3.3,MS,-0.73,0.814285714,1
21543,White,F,35,3.5,MS,1.4,0.770833333,1
21544,White,F,34,3.9,MS,-0.29,0.796428571,1
21545,White,F,37,3.3,SC,0.88,0.776785714,1
21546,White,M,37,4,MS,0.77,0.843452381,1
21547,White,F,35,3.4,MS,-0.03,0.761309524,1
21548,White,M,48,3.1,MS,1.99,0.895238095,1
21549,White,F,38,3.4,NE,-0.89,0.798809524,1
21550,White,F,37,3.7,MS,-0.68,0.814880952,1
21552,White,M,38,3.3,MS,-0.25,0.789285714,1
21553,White,F,40,3.5,MW,0.16,0.833333333,1
21554,White,F,39,3.2,MS,0.23,0.792261905,1
21555,White,F,48,3.5,MS,1.99,0.933333333,1
21556,White,F,41,3.2,MS,0.36,0.817261905,1
21558,Black,M,28,2.5,MS,-2.18,0.588095238,0
21559,White,M,40,3.3,MS,0.79,0.814285714,1
21561,White,F,41,3,MS,1.09,0.798214286,1
21562,Black,M,22.5,3.3,FW,-2.11,0.595535714,0
21565,White,F,39,3.2,MS,1.2,0.792261905,1
21566,White,F,39,3.3,MS,-0.06,0.801785714,1
21568,White,M,37,3.3,MS,0.5,0.776785714,1
21569,White,F,39,3,MS,-1.09,0.773214286,1
21570,White,F,38,3.6,MS,0.85,0.817857143,1
21571,White,F,39,3.2,GL,-0.43,0.792261905,1
21572,White,F,33,3.3,MS,0.99,0.726785714,1
21573,White,M,39,3.1,MS,1.39,0.782738095,1
21576,White,F,36,3.4,MS,-0.36,0.773809524,1
21577,White,F,39,3.2,SE,-0.01,0.792261905,1
21578,White,M,38,3.5,SE,-0.41,0.808333333,1
21580,White,M,43,3.1,MS,0.7,0.832738095,1
21581,White,F,38,2.9,SE,0.58,0.751190476,1
21582,White,F,38,3.2,NE,-0.35,0.779761905,1
21583,White,F,37,3.3,NG,0.28,0.776785714,1
21584,White,M,35,3.2,MS,-0.82,0.742261905,1
21585,White,F,35,3.4,MS,0.83,0.761309524,1
21586,White,M,39,3.4,MS,-0.05,0.811309524,1
21587,White,F,40,2.4,MS,-0.36,0.728571429,1
21588,White,M,36,2.9,MS,-1.44,0.726190476,1
21589,White,M,41,3.8,MS,0.68,0.874404762,1
21590,White,M,40,3.4,MS,1.9,0.823809524,1
21591,White,M,42,3.1,MS,0.68,0.820238095,1
21592,White,M,37,2.8,MS,0.03,0.729166667,1
21593,White,F,42,3.1,MS,1.2,0.820238095,1
21594,White,F,37,3.3,MS,-0.56,0.776785714,1
21595,White,M,39,3.6,SE,0.15,0.830357143,1
21597,White,M,44,3.1,MS,0.38,0.845238095,1
21598,White,F,31,2.9,MS,-1.2,0.663690476,1
21599,White,F,40,2.6,MS,0.19,0.747619048,1
21600,Black,M,28,3.7,MS,-1.58,0.702380952,1
21601,White,M,37,3.4,MS,-1.18,0.786309524,1
21602,White,M,41,3.2,MS,0.19,0.817261905,1
21603,White,M,41,3.2,NG,-1.57,0.817261905,1
21604,White,F,40,3.2,NE,-0.2,0.804761905,1
21605,White,F,42,3.8,MS,1.29,0.886904762,1
21606,White,F,35.7,3.7,SE,0.5,0.798630952,1
21607,White,M,32,3.4,MS,-0.9,0.723809524,1
21608,White,M,34,2.8,MS,0.02,0.691666667,1
21609,White,F,35,3.6,MS,-1.04,0.780357143,1
21610,White,F,47,3.2,NE,0.45,0.892261905,1
21611,White,F,37,3,GL,-0.32,0.748214286,1
21614,Black,F,31.5,3.8,SE,-1.08,0.755654762,1
21615,Black,F,27,4,SE,-2.12,0.718452381,0
21616,White,M,42,3.7,NG,-0.97,0.877380952,1
21617,White,F,48,3.8,NE,0.92,0.961904762,1
21618,White,F,44,3.6,MS,0.75,0.892857143,1
21619,White,M,47,3.9,NE,-0.27,0.958928571,1
21621,White,M,32.5,2.8,SE,0.33,0.672916667,1
21622,White,M,30,2.7,MS,-0.01,0.632142857,0
21623,White,F,34,2.5,SE,0.3,0.663095238,1
21624,White,M,42,2.4,FW,2.13,0.753571429,1
21625,Hispanic,M,29,2.6,SE,-0.64,0.610119048,1
21626,White,F,32,3.1,SE,0.53,0.695238095,0
21627,Black,F,22,2.8,SE,-1.33,0.541666667,1
21628,Hispanic,M,24,3.1,SE,0.19,0.595238095,0
21631,White,F,35,3.1,SE,-0.73,0.732738095,1
21632,Black,M,24,2.5,SE,-1.47,0.538095238,1
21633,White,F,37,2.5,SE,1.39,0.700595238,1
21634,White,F,34.5,2.7,SE,0.19,0.688392857,1
21635,Hispanic,M,29.5,3,SE,0.59,0.654464286,1
21636,White,F,35,2.4,SE,0.59,0.666071429,1
21637,White,M,30,3.1,SE,-0.1,0.670238095,1
21638,White,M,34,2.7,SE,1.76,0.682142857,1
21639,White,F,37,2.4,SE,-0.5,0.691071429,1
21640,White,M,32,2.6,SE,0.73,0.647619048,1
21641,White,F,43,3.2,SE,1.47,0.842261905,1
21642,Hispanic,F,35,2.8,SE,-0.24,0.704166667,1
21643,White,M,34,2.4,NE,-0.9,0.653571429,1
21644,White,M,32,3.5,SE,0.53,0.733333333,1
21645,White,F,34,2.2,MW,0.16,0.63452381,1
21646,Hispanic,F,28,2.9,SE,0.99,0.626190476,1
21648,White,M,34,2.8,SE,-0.36,0.691666667,1
21650,White,F,32.5,2.5,MS,0.1,0.644345238,1
21651,Hispanic,M,35,2.9,SE,-0.16,0.713690476,1
21652,White,M,33,2.5,GL,-1.27,0.650595238,1
21653,White,M,37,2,FW,0.7,0.65297619,1
21654,Hispanic,M,33,2.5,SE,2.28,0.650595238,1
21655,Black,M,28,2.4,MS,-0.04,0.578571429,0
21656,Hispanic,F,31,3,SE,1.45,0.673214286,1
21658,White,F,32,2.7,SE,0.99,0.657142857,1
21659,White,F,35,2.7,SE,0.7,0.694642857,1
21660,White,M,32,3,SE,-0.84,0.685714286,0
21661,White,F,36,3,SE,1.27,0.735714286,1
21662,Hispanic,F,30,2.9,SE,-0.21,0.651190476,1
21663,White,M,30,2.6,SE,0.39,0.622619048,1
21665,Asian,F,29,2.5,SE,-1.44,0.600595238,1
21666,Puertorican,M,30,3,SE,0.16,0.660714286,1
21667,Hispanic,F,28,3,SE,-0.16,0.635714286,1
21668,White,F,34,3.1,SE,0.04,0.720238095,1
21669,Hispanic,F,32,3.2,SE,0.64,0.704761905,1
21670,Hispanic,M,28,3.1,SE,-1.27,0.645238095,1
21671,White,F,34,2.5,SE,-0.99,0.663095238,1
21673,White,F,35,2.6,SE,0.73,0.685119048,0
21674,Black,M,23,2.5,SE,-1.27,0.525595238,0
21675,White,F,31,2.9,NE,-0.84,0.663690476,1
21677,Hispanic,M,33,2.9,SE,-1.04,0.688690476,0
21678,Black,M,22,2.6,NE,-1.19,0.522619048,1
21679,White,F,33,2.9,SE,0.04,0.688690476,1
21680,Hispanic,F,34,2.8,SE,0.93,0.691666667,1
21681,White,F,31.5,2.5,SE,-0.44,0.631845238,1
21683,White,F,30,3.1,SE,-0.44,0.670238095,1
21684,White,F,36,3,SE,3.25,0.735714286,1
21686,Hispanic,M,38,3.7,SE,1.27,0.827380952,1
21687,White,F,32,3.3,SE,0.3,0.714285714,1
21688,White,M,32,2.7,SE,-0.3,0.657142857,1
21689,Hispanic,F,28.3,2.4,SE,-0.1,0.582321429,1
21690,Other,F,34,2.7,SE,-0.24,0.682142857,1
21691,Hispanic,F,31,3,SE,0.16,0.673214286,1
21693,White,M,30.5,3.3,SE,1.76,0.695535714,1
21694,Hispanic,M,33,3,SE,-0.01,0.698214286,1
21695,White,M,33,2.3,GL,-0.73,0.631547619,1
21696,Hispanic,F,31.5,3.3,SE,1.07,0.708035714,1
21697,White,M,31,2.9,SE,0.7,0.663690476,1
21698,White,F,29.5,3,SE,-1.64,0.654464286,1
21699,Hispanic,F,29,2.7,SE,0.44,0.619642857,1
21700,White,F,31,2.7,SE,0.39,0.644642857,1
21702,White,F,33,2.8,SE,0.59,0.679166667,0
21703,White,M,32,3.1,SE,0.85,0.695238095,1
21705,White,F,38,2.4,SE,-0.44,0.703571429,1
21706,White,F,38,2.4,NE,1.73,0.703571429,1
21707,White,F,26,2.6,SE,-0.73,0.572619048,1
21708,Hispanic,F,32.5,2.9,SE,-1.04,0.682440476,0
21710,White,M,30,3.2,NE,1.27,0.679761905,1
21711,White,M,31,2.9,SE,0.59,0.663690476,1
21712,White,M,32.5,2.8,SE,-0.73,0.672916667,1
21714,White,F,37,2.5,SE,1.19,0.700595238,1
21715,Hispanic,F,35,2.3,SE,0.44,0.656547619,1
21716,White,F,36,2.8,NG,0.24,0.716666667,0
21717,White,F,33,2.9,SE,0.04,0.688690476,1
21718,White,F,35,2.4,SE,0.04,0.666071429,1
21719,White,M,40,2.4,SE,1.27,0.728571429,1
21720,White,F,34,2.5,SE,-0.3,0.663095238,0
21721,White,F,33,2.9,NE,1.62,0.688690476,1
21722,White,F,33,2.6,SE,-0.56,0.660119048,0
21723,Hispanic,F,35,2.9,SE,0.59,0.713690476,0
21724,White,F,35,2.7,NE,-0.56,0.694642857,0
21726,White,M,30,3.5,SE,-0.44,0.708333333,1
21727,White,M,33,2.9,SE,-0.39,0.688690476,1
21728,White,F,33,2.9,SE,-0.04,0.688690476,1
21729,White,F,34,2.5,SE,0.5,0.663095238,1
21730,White,F,33.5,2.1,SE,-0.9,0.61875,0
21731,White,F,28,2.6,SE,-0.3,0.597619048,1
21734,White,M,23.3,3.1,SE,-1.24,0.586488095,0
21735,Black,M,21,2.5,SE,-1.64,0.500595238,0
21736,White,F,32,2.6,GL,0.5,0.647619048,1
21737,White,F,35.5,2.3,NE,-0.44,0.662797619,0
21738,Hispanic,F,33,2.8,SE,-0.44,0.679166667,1
21739,White,F,35,2.7,SE,1.13,0.694642857,1
21740,Puertorican,F,30,2.8,SE,1.39,0.641666667,1
21741,White,F,32,3,SE,-1.04,0.685714286,1
21743,Black,M,23,2.3,SE,0.44,0.506547619,1
21744,White,F,37,3,SE,2.28,0.748214286,1
21745,White,F,36,3.1,SE,1.33,0.745238095,1
21747,White,M,33.7,3,SE,-0.44,0.706964286,1
21748,Hispanic,M,30,3.4,SE,0.3,0.698809524,1
21749,White,F,33,2.5,SE,-0.64,0.650595238,0
21751,Hispanic,F,22,3.3,SE,-1.44,0.589285714,1
21752,White,F,30,3.7,SE,1.67,0.727380952,1
21753,Black,F,22.5,1.9,SE,-0.79,0.462202381,0
21755,White,M,31,3.2,SE,-0.04,0.692261905,1
21756,Hispanic,M,27,3.2,SE,-1.33,0.642261905,0
21757,White,F,34.5,2.7,SE,-0.16,0.688392857,1
21759,Hispanic,F,39,2.8,SE,0.7,0.754166667,1
21760,White,F,26,2.6,SE,-0.3,0.572619048,1
21761,Other,M,35,3,SE,-0.9,0.723214286,1
21763,White,M,31,3.3,MS,0.53,0.701785714,1
21764,White,F,34,3,NE,0.87,0.710714286,1
21765,White,F,32,2.5,SE,-0.3,0.638095238,1
21766,White,F,34,2.4,SE,0.19,0.653571429,1
21767,White,F,34.5,2.4,SE,-0.99,0.659821429,1
21768,White,F,32,3,SE,0.93,0.685714286,1
21769,White,M,33,2.7,SE,0.73,0.669642857,1
21770,White,F,32.5,2.4,NG,0.3,0.634821429,1
21771,Hispanic,M,28.5,3,SE,-1.1,0.641964286,1
21772,White,F,30,3.1,SE,-0.39,0.670238095,1
21773,White,F,34,2.5,MS,-0.1,0.663095238,1
21775,White,F,35,2.6,NE,1.07,0.685119048,1
21776,Hispanic,F,25,3.6,SE,0.33,0.655357143,1
21777,White,F,32,3,SE,0.44,0.685714286,0
21778,White,M,32,2.8,SE,-0.16,0.666666667,1
21779,White,F,31,2.9,SE,-0.16,0.663690476,1
21785,White,F,34,3.5,SC,0.78,0.758333333,1
21790,White,M,26,2.6,SC,-0.05,0.572619048,1
21791,White,F,30,2.7,SC,-0.24,0.632142857,1
21793,White,F,28,2.9,SC,-0.3,0.626190476,1
21794,Black,M,31,3.9,NG,1.25,0.758928571,1
21796,White,F,27,2.7,SC,-0.39,0.594642857,1
21797,White,F,33,3.2,SC,1.41,0.717261905,1
21799,White,F,37,3.8,SC,0.01,0.824404762,1
21801,White,F,26.5,2.6,SC,0.65,0.578869048,1
21802,White,F,27,2.7,Mt,1.59,0.594642857,1
21803,White,F,25,3.1,SC,-0.39,0.607738095,1
21804,White,F,27,2.7,SC,-1.19,0.594642857,0
21806,White,M,31,3.9,SC,-0.05,0.758928571,1
21807,White,F,35,3.1,SC,1.84,0.732738095,1
21808,Amerindian,F,26,2.5,SC,-0.08,0.563095238,1
21813,White,M,29,2.3,SC,0.17,0.581547619,1
21814,White,F,33,2.6,MW,1.19,0.660119048,1
21817,White,F,31,3.1,GL,0.65,0.682738095,1
21818,White,F,31,2.7,GL,-1.28,0.644642857,0
21820,White,F,36,2.6,SC,-0.76,0.697619048,1
21823,White,F,32,1.9,SC,-0.39,0.580952381,1
21825,White,M,34,3.7,SC,2.23,0.777380952,1
21827,White,F,37,3.8,SC,1.28,0.824404762,1
21829,White,F,31,2.1,SC,0.04,0.5875,0
21830,White,F,27,2.7,SC,1.41,0.594642857,1
21831,White,F,32,2.1,SC,1.28,0.6,1
21832,White,F,39,3.1,SC,1.25,0.782738095,1
21833,White,F,28.5,2.6,SC,-0.24,0.603869048,1
21834,White,F,30.5,3.2,SC,1.71,0.686011905,1
21837,White,F,37,2.4,SC,-0.51,0.691071429,1
21839,White,M,27,3,SC,-0.94,0.623214286,1
21840,White,F,27,2.6,GL,0.47,0.585119048,1
21841,White,M,30,3.4,SC,0.82,0.698809524,1
21842,White,F,27,3.1,FW,-0.44,0.632738095,0
21843,White,M,30,3.8,SC,-0.21,0.736904762,1
21844,White,F,27,2.6,SC,-0.31,0.585119048,1
21845,White,F,37,2.7,SC,0.4,0.719642857,1
21846,White,F,36,2.5,SC,0.13,0.688095238,1
21848,White,F,33,2.7,SC,-1.23,0.669642857,1
21850,White,F,32,2.5,MW,-1.41,0.638095238,1
21851,White,F,28,3.2,SC,-0.31,0.654761905,1
21852,White,F,33,2.8,MS,-0.35,0.679166667,0
21853,White,M,36,2.6,SC,-0.85,0.697619048,0
21855,White,F,32,3.9,SC,0.94,0.771428571,1
21856,White,F,35,3.2,SC,1.93,0.742261905,1
21857,White,F,29,2.8,SC,-0.12,0.629166667,1
21858,White,F,29.5,2.7,NG,1.21,0.625892857,1
21859,White,M,30.5,2.7,SC,0.78,0.638392857,1
21860,White,F,30,3.2,SC,-0.14,0.679761905,1
21862,White,M,42,3.8,SC,-0.22,0.886904762,1
21863,Asian,F,29,2.3,FW,-1.16,0.581547619,0
21865,White,F,46,2.9,SC,1.26,0.851190476,1
21866,White,F,28,3.4,GL,0.24,0.673809524,1
21868,White,F,40,3.6,SC,-0.65,0.842857143,1
21869,White,M,40,3.5,SC,-0.83,0.833333333,1
21870,White,F,34,3.4,SC,0.55,0.748809524,1
21871,Amerindian,F,38,2.6,SC,-0.36,0.722619048,1
21872,White,F,39,4,SC,1.72,0.868452381,1
21873,White,M,40,3.8,SC,2.44,0.861904762,1
21875,White,F,35,3.5,SC,-0.14,0.770833333,1
21876,White,M,27,3.9,SC,-1.2,0.708928571,0
21877,White,F,37,3,SC,0.26,0.748214286,1
21878,White,F,37,3.1,SC,-0.69,0.757738095,1
21880,White,F,42,3.4,SC,0.7,0.848809524,1
21881,White,M,36,3.8,SC,1.79,0.811904762,1
21882,White,M,35,3.4,SC,-0.58,0.761309524,0
21883,Hispanic,F,33,3.2,SC,0.26,0.717261905,1
21884,White,M,38,3.3,NG,0.91,0.789285714,1
21885,White,F,39,3,SC,0.4,0.773214286,1
21886,White,F,37,3.1,SC,-0.65,0.757738095,1
21887,White,F,35,3.4,SC,1.97,0.761309524,1
21889,White,F,40,3.3,MS,1.39,0.814285714,1
21891,White,M,40,3.4,SC,1.32,0.823809524,1
21892,White,F,34,3.4,SC,1.17,0.748809524,1
21893,Asian,M,33,3.3,SC,-0.65,0.726785714,0
21894,White,M,43,2.8,SC,0.73,0.804166667,1
21895,White,M,38,3,SC,-0.03,0.760714286,1
21896,White,M,32,3.3,SC,-1.16,0.714285714,0
21897,White,F,39,2.9,PO,0.63,0.763690476,1
21898,White,F,38,2.9,SC,0.04,0.751190476,1
21899,White,M,43,3.1,SC,-0.21,0.832738095,0
21900,Mexican,M,32,3.3,SC,-0.83,0.714285714,1
21902,Mexican,F,36,2.8,SC,-1.52,0.716666667,0
21903,White,F,39,2.9,SC,0.22,0.763690476,1
21904,White,F,38.5,3.2,SC,1.72,0.786011905,1
21905,White,M,34,3.9,SC,0.48,0.796428571,1
21906,White,M,38,3.1,NG,-0.07,0.770238095,1
21907,White,F,36,3.5,SC,0.22,0.783333333,1
21909,White,F,39,3.1,SC,1.03,0.782738095,1
21910,White,F,34,3.6,SC,0.22,0.767857143,1
21912,Asian,F,36,3.1,SC,0.52,0.745238095,1
21913,White,M,40,4,SC,0.66,0.880952381,1
21914,White,M,36.5,3,SC,-0.72,0.741964286,0
21915,Black,F,34,2.5,SC,-0.61,0.663095238,1
21916,White,F,34,3.6,SC,0.01,0.767857143,1
21917,White,M,36,3.1,SC,0.95,0.745238095,1
21919,White,F,37,3.2,SC,0.08,0.767261905,1
21920,White,F,34,3.5,SC,1.14,0.758333333,1
21921,White,F,36,3.2,SC,0.44,0.754761905,1
21923,White,M,35,3.3,SC,0.22,0.751785714,1
21924,White,M,35,3.4,SC,0.4,0.761309524,1
21925,White,M,45,3,MS,0.22,0.848214286,1
21926,White,M,37,3.1,SC,-0.8,0.757738095,1
21929,White,M,40,3.9,SC,1.28,0.871428571,1
21930,White,F,36,3.6,SC,-0.61,0.792857143,1
21931,White,F,39,3.1,SC,0.08,0.782738095,1
21932,Asian,F,30,3.1,Mt,-0.29,0.670238095,1
21934,White,M,37,3.2,SC,-1.12,0.767261905,1
21935,White,F,42,3,SC,-0.69,0.810714286,1
21936,White,F,34,3.5,SC,1.14,0.758333333,1
21937,White,M,34,3.3,SC,0.3,0.739285714,1
21938,White,M,38,3.2,SC,-0.54,0.779761905,1
21939,White,F,36,3.2,SC,-1.23,0.754761905,1
21940,White,F,36,3.2,SC,0.37,0.754761905,1
21941,White,F,40,3.1,SC,0.19,0.795238095,1
21943,White,F,41,3.7,SC,0.88,0.864880952,1
21944,White,F,41,3.6,SC,2.19,0.855357143,1
21945,White,M,37,3.4,SC,0.08,0.786309524,1
21946,White,M,34,3.8,SC,0.44,0.786904762,1
21947,White,F,35,3.4,SC,2.08,0.761309524,1
21948,White,M,42,3.2,SC,-0.83,0.829761905,1
21949,White,F,38,3,SC,-0.25,0.760714286,1
21950,White,F,33,3,SC,0.59,0.698214286,1
21951,White,F,32,3.2,SC,-1.16,0.704761905,1
21952,White,M,35,3.5,SC,-0.9,0.770833333,1
21953,White,M,38,3.3,SC,-0.43,0.789285714,1
21954,White,F,41,2.8,SC,-1.12,0.779166667,1
21955,White,M,36,4,SC,0.88,0.830952381,1
21956,Mexican,F,31,3.4,SC,1.17,0.711309524,1
21957,White,F,37.5,3.3,SC,-0.9,0.783035714,0
21959,White,M,32,3.2,FW,-0.66,0.704761905,1
21960,White,M,32,2.9,FW,-0.41,0.676190476,0
21961,White,M,35,2.8,FW,1.57,0.704166667,0
21963,White,F,31,3.2,FW,-1.04,0.692261905,1
21964,White,M,37,3.7,Mt,2.53,0.814880952,1
21965,Hispanic,M,32,3.8,FW,-1.57,0.761904762,0
21966,White,F,30.5,3.2,Mt,-1.72,0.686011905,0
21967,White,F,31,3.3,SC,-0.71,0.701785714,0
21968,Other,F,31,2.9,FW,-0.74,0.663690476,1
21969,White,M,28.5,3.3,FW,-0.25,0.670535714,0
21970,Mexican,F,33,3,FW,-0.84,0.698214286,1
21971,White,F,28,3.2,FW,0,0.654761905,1
21972,White,F,29.5,3.1,Mt,0.66,0.663988095,1
21973,White,F,28,3.2,FW,0.1,0.654761905,1
21974,White,M,35,3.6,FW,0.2,0.780357143,1
21976,White,M,48,2.9,FW,0.15,0.876190476,1
21977,White,F,33,2.9,FW,1.27,0.688690476,1
21980,White,F,37,2.8,FW,-0.71,0.729166667,0
21981,White,F,30,3.2,FW,-0.71,0.679761905,0
21983,White,F,39,3.3,FW,0.91,0.801785714,1
21984,White,F,31,3.2,Mt,-0.1,0.692261905,0
21985,White,F,33,2.9,FW,-0.96,0.688690476,1
21986,White,F,31.5,3.2,SE,0.05,0.698511905,1
21987,White,F,40,3.1,FW,0.84,0.795238095,1
21989,White,F,43,3.2,FW,-0.84,0.842261905,0
21990,White,M,35,2.8,FW,-0.81,0.704166667,1
21992,White,M,32.5,3.2,FW,0.4,0.711011905,1
21993,White,F,34,3.5,FW,0.18,0.758333333,1
21994,White,F,32.5,3,Mt,-0.56,0.691964286,1
21995,White,M,27.5,3.1,FW,-0.79,0.638988095,1
21996,White,M,34,3,FW,-1.27,0.710714286,0
21997,White,F,34,2.9,FW,-0.2,0.701190476,1
21998,White,F,28.5,3.4,FW,-0.36,0.680059524,1
21999,White,F,42,2.7,FW,0.51,0.782142857,1
22000,White,M,40,3.1,FW,1.22,0.795238095,1
22001,White,M,33,3.4,FW,-0.05,0.736309524,1
22002,White,F,34,3,NW,0.15,0.710714286,1
22003,White,M,31,3.5,FW,-0.41,0.720833333,1
22004,White,M,36,3,FW,-0.96,0.735714286,1
22005,White,M,31,3.4,FW,0.96,0.711309524,1
22007,White,F,27,3.7,FW,-0.96,0.689880952,1
22009,White,F,33,3.4,FW,0.76,0.736309524,1
22011,White,M,37,3.3,FW,0.23,0.776785714,1
22012,White,M,30,3.9,FW,-1.32,0.746428571,1
22013,White,F,38,2.9,FW,0.76,0.751190476,1
22014,White,F,30,3.4,FW,0.58,0.698809524,1
22015,Asian,F,37,2.9,FW,1.09,0.738690476,1
22016,White,F,34,3.3,FW,0,0.739285714,0
22017,White,F,31,3,FW,0.33,0.673214286,1
22019,White,M,33,3,FW,1.27,0.698214286,1
22020,White,M,32,3.4,NW,1.6,0.723809524,1
22021,White,F,37,3.6,FW,0.61,0.805357143,1
22022,Black,M,29,3.1,FW,-1.19,0.657738095,1
22023,Asian,F,36,3.6,FW,1.37,0.792857143,1
22024,White,M,29,3.5,NW,0,0.695833333,1
22025,White,M,29.5,2.9,SE,-0.51,0.644940476,1
22026,White,M,29,3.4,NW,0.02,0.686309524,1
22028,White,F,30.5,3.1,FW,-0.18,0.676488095,1
22030,White,M,34,3.2,Mt,0.33,0.729761905,1
22032,White,M,32,3.3,Mt,-0.71,0.714285714,0
22033,White,F,34,3.5,FW,0.05,0.758333333,1
22034,White,F,35,3.3,Mt,0.91,0.751785714,1
22035,White,M,34,2.9,FW,-1.29,0.701190476,1
22037,White,F,41,3.2,FW,0.46,0.817261905,1
22039,White,F,32,3.1,FW,0.02,0.695238095,1
22040,White,F,38,3.6,Mt,0.08,0.817857143,1
22041,White,F,37,3.7,Mt,-0.25,0.814880952,1
22042,White,F,43,2.7,Mt,1.92,0.794642857,1
22043,White,F,41,3.4,Mt,0.08,0.836309524,1
22044,White,F,37,3.8,Mt,2.61,0.824404762,1
22045,White,F,40,3.4,FW,0.48,0.823809524,1
22046,White,M,41,3.2,Mt,-0.29,0.817261905,1
22047,White,M,35,3.5,Mt,-1.41,0.770833333,0
22048,White,M,34,3.4,Mt,-0.74,0.748809524,1
22050,White,F,35,3.8,Mt,0.5,0.799404762,1
22051,White,F,36,3.9,Mt,1,0.821428571,1
22055,Hispanic,M,36,3.7,MS,-0.88,0.802380952,1
22056,White,M,40,3.2,Mt,-0.77,0.804761905,1
22058,White,F,41,3.1,Mt,0,0.807738095,1
22059,White,F,43,3.5,Mt,0.66,0.870833333,1
22060,White,F,43,3.8,Mt,0.36,0.899404762,1
22062,Asian,F,36,3.4,FW,-0.25,0.773809524,0
22063,White,M,26,2.3,Mt,-0.99,0.544047619,0
22064,Hispanic,F,40,2.6,Mt,-1.26,0.747619048,1
22065,White,F,35.5,3.3,SE,-0.44,0.758035714,1
22067,Asian,M,38,3.5,Mt,-0.6,0.808333333,1
22068,Asian,F,30,2.9,FW,-0.88,0.651190476,1
22069,Asian,F,29,3,FW,-1.25,0.648214286,1
22070,Amerindian,F,22,3,Mt,-1.1,0.560714286,0
22071,White,F,41,3.9,Mt,2.1,0.883928571,1
22072,White,M,38,3,NW,-1.25,0.760714286,1
22073,White,F,44,3.6,FW,1.57,0.892857143,1
22074,White,M,34,3.4,Mt,-0.64,0.748809524,1
22077,White,F,42,3.6,Mt,-1.41,0.867857143,1
22078,Asian,M,35,3.2,FW,-1.93,0.742261905,0
22079,Hispanic,M,39,3,Mt,-0.49,0.773214286,1
22080,White,M,35.5,3,SC,-0.77,0.729464286,1
22081,White,F,41,3.4,SC,0.59,0.836309524,1
22082,White,M,44,3.8,Mt,1.13,0.911904762,1
22084,White,M,40,2.9,Mt,0.65,0.776190476,1
22086,White,F,41,3.5,FW,0.9,0.845833333,1
22087,White,M,40,3.8,Mt,0.75,0.861904762,1
22088,White,F,35,3.8,Mt,0.27,0.799404762,1
22089,White,F,42,3.3,Mt,0.81,0.839285714,1
22090,White,M,30.5,2.2,Mt,-1.97,0.59077381,0
22091,White,F,33,3.9,Mt,0.2,0.783928571,0
22093,White,M,37,4,MW,1.24,0.843452381,1
22094,White,F,45,3.7,Mt,1.42,0.914880952,1
22095,White,M,35,2.8,Mt,-0.33,0.704166667,1
22096,White,F,45,3.5,Mt,0.33,0.895833333,1
22097,Mexican,F,29,3.3,Mt,-1.59,0.676785714,1
22098,White,F,39,3.6,FW,1.84,0.830357143,1
22099,White,F,46,3.8,NW,0.07,0.936904762,1
22100,Hispanic,M,38,3.6,Mt,0.19,0.817857143,1
22102,White,F,42,3.6,FW,1.78,0.867857143,1
22103,Other,M,38,3.4,Mt,-0.15,0.798809524,1
22104,White,M,36,3.5,Mt,-0.12,0.783333333,1
22105,Asian,M,39,3.2,Mt,-1.8,0.792261905,1
22106,Hispanic,F,40,3.6,FW,0.17,0.842857143,1
22107,White,F,36,3.9,SC,1.71,0.821428571,1
22108,White,M,37,3.8,Mt,-0.48,0.824404762,1
22109,White,F,38,3.3,FW,-0.36,0.789285714,1
22110,White,F,44,3.2,FW,0.24,0.854761905,1
22112,White,M,41,2.7,FW,-1.19,0.769642857,0
22113,White,F,46,2.9,Mt,0.74,0.851190476,1
22114,White,F,39,3.4,MS,-0.84,0.811309524,1
22115,White,M,36,3.9,Mt,-0.32,0.821428571,0
22116,White,F,42,3.7,SC,1.2,0.877380952,1
22117,White,F,33,3.8,SC,-0.31,0.774404762,1
22118,Hispanic,F,26,2,FW,-2.12,0.51547619,0
22120,White,F,42,3.5,Mt,0.81,0.858333333,1
22122,White,M,36,3.7,Mt,0.23,0.802380952,1
22123,Asian,M,36,3.5,FW,-0.35,0.783333333,0
22124,White,F,39,3.9,FW,0.22,0.858928571,1
22125,White,F,42,3.1,Mt,0.62,0.820238095,0
22126,White,F,45,3.4,Mt,1.4,0.886309524,1
22128,White,F,35,3.6,FW,0.17,0.780357143,1
22130,White,F,42,3.5,Mt,0.16,0.858333333,1
22131,Asian,F,37,2.6,FW,1.24,0.710119048,1
22132,White,F,41,3.5,Mt,-0.17,0.845833333,1
22133,Asian,M,32,3.5,Mt,-1.15,0.733333333,1
22134,White,M,38,3.6,FW,0.06,0.817857143,1
22135,White,F,42,3.5,FW,1.14,0.858333333,1
22136,White,M,41,3.4,Mt,-0.38,0.836309524,0
22137,White,F,40,3.4,Mt,0.13,0.823809524,1
22138,White,M,37,3.6,Mt,0.32,0.805357143,1
22140,White,M,26.5,2.5,Mt,-1.15,0.569345238,1
22141,White,F,47,3.9,GL,1.36,0.958928571,1
22142,White,F,39,3.6,Mt,0.26,0.830357143,1
22143,White,F,43,3.4,FW,0.94,0.861309524,1
22144,White,F,38,3.7,FW,1.32,0.827380952,1
22145,White,F,42,3.4,Mt,1.73,0.848809524,1
22146,White,M,38,4,SC,1.2,0.855952381,1
22147,White,F,32,3.6,FW,0.78,0.742857143,1
22148,White,M,38,3.5,Mt,-1.51,0.808333333,0
22150,White,F,43,3.3,Mt,1.73,0.851785714,1
22151,White,F,43,3.9,SC,1.5,0.908928571,1
22152,White,M,44,3.3,FW,-1.26,0.864285714,1
22153,White,F,36,3.4,NE,-0.47,0.773809524,1
22154,White,F,39,3.8,MS,0.14,0.849404762,0
22155,White,M,36,3.7,Mt,0.23,0.802380952,1
22157,White,F,39,3.6,Mt,0.34,0.830357143,1
22158,White,F,35,3.8,Mt,0.71,0.799404762,1
22159,White,F,42,3.4,SE,0.29,0.848809524,1
22160,White,F,34,3.8,SE,-0.87,0.786904762,1
22161,White,F,41,3.6,FW,-0.17,0.855357143,1
22162,Hispanic,F,23,2.4,Mt,-1.75,0.516071429,0
22163,White,F,37,3.7,Mt,0.56,0.814880952,1
22164,White,F,43,3.5,FW,0.42,0.870833333,1
22165,White,M,41,3.4,SC,-0.39,0.836309524,0
22166,White,M,29,3.6,Mt,-1.07,0.705357143,1
22167,White,F,44,3.2,Mt,0.07,0.854761905,1
22168,White,F,40,3.8,Mt,1.75,0.861904762,1
22170,White,F,42,3.7,Mt,0.71,0.877380952,1
22171,White,F,40,3.4,Mt,-0.52,0.823809524,1
22173,White,M,41,3.9,Mt,1.05,0.883928571,1
22175,White,F,42,3.3,Mt,0.62,0.839285714,1
22176,White,M,32,3.3,FW,-0.97,0.714285714,1
22177,White,M,38,2.9,FW,-0.68,0.751190476,1
22178,Hispanic,F,29,2.8,FW,-1.75,0.629166667,0
22184,White,M,41,3.7,Mt,-0.02,0.864880952,1
22185,White,M,37,3.5,FW,-0.6,0.795833333,1
22186,White,M,37,3,Mt,1.26,0.748214286,1
22189,Black,M,34,3.1,GL,-0.45,0.720238095,1
22190,White,F,31.5,3.6,MS,0.5,0.736607143,1
22191,White,F,43,2.6,SE,0.91,0.785119048,1
22192,White,F,36,3.1,SE,1.89,0.745238095,1
22193,White,F,34,3.6,SE,-0.13,0.767857143,1
22195,White,F,38,3.3,SE,0.57,0.789285714,1
22196,White,F,38,2.8,MS,0.67,0.741666667,1
22197,White,M,38,3,SE,-0.22,0.760714286,1
22198,White,F,36,3,SE,0.7,0.735714286,1
22200,White,F,39,2.6,SE,-0.52,0.735119048,1
22201,White,F,39,2.7,SE,0.07,0.744642857,1
22202,White,F,34,2.4,SE,-1.36,0.653571429,1
22203,White,F,39,3.4,SE,1.31,0.811309524,1
22204,White,F,42,3,SE,0.38,0.810714286,1
22205,Black,F,24.7,2.3,SE,-1.56,0.527797619,1
22206,White,F,35.5,2.6,SE,0.76,0.691369048,1
22207,White,F,36,3.2,SE,-1.21,0.754761905,1
22208,White,F,33.5,3.2,SE,1.12,0.723511905,1
22209,White,M,35,3.4,SE,-0.52,0.761309524,1
22210,White,M,34.5,3.1,SE,0.2,0.726488095,1
22211,White,M,28.5,3.1,SE,-0.6,0.651488095,1
22212,White,F,31,2.7,SE,-1.04,0.644642857,0
22213,Black,M,23.5,3.1,SE,-1.08,0.588988095,1
22214,Puertorican,F,30,3.2,SE,-0.98,0.679761905,1
22215,White,M,28,3.7,SE,-0.5,0.702380952,1
22216,Black,M,33,2.3,SE,-0.18,0.631547619,1
22217,White,M,33,3.2,SE,-0.24,0.717261905,1
22218,White,F,39,3.2,MS,0.01,0.792261905,1
22219,White,M,34,3.4,SE,-0.13,0.748809524,1
22220,Other,F,35,2.8,SE,0.04,0.704166667,1
22221,White,M,36,3,SE,0.56,0.735714286,1
22222,White,M,30.5,3.1,SE,-0.64,0.676488095,1
22223,White,M,42,2.8,SE,-0.5,0.791666667,1
22224,White,F,35,3.5,SE,0.64,0.770833333,1
22225,White,F,40,2.5,SE,-0.14,0.738095238,1
22226,Hispanic,F,38,2.6,SE,-0.33,0.722619048,1
22227,White,F,33,2.5,SE,-1.4,0.650595238,1
22228,White,M,43,3.8,SE,1.51,0.899404762,1
22229,White,F,31.5,3.5,SE,0.02,0.727083333,1
22230,White,M,40,2.6,SE,1.46,0.747619048,1
22231,White,F,36,2.7,SE,0.92,0.707142857,1
22232,White,F,40,3.8,SE,2.47,0.861904762,1
22233,White,F,39,2.9,SE,0.71,0.763690476,1
22235,White,F,27,2.4,SE,-0.96,0.566071429,1
22236,Black,M,27,2.8,SE,-0.55,0.604166667,1
22237,White,M,37,2.9,SE,-0.87,0.738690476,1
22238,White,F,31.7,2.3,SE,-0.6,0.615297619,1
22239,White,F,41,2.3,SE,0.93,0.731547619,1
22240,White,F,41,2.5,SE,0.12,0.750595238,1
22241,White,F,44,2.1,SE,2.11,0.75,1
22243,White,F,34.5,2.7,SE,0.22,0.688392857,1
22244,White,F,35,3.2,SE,1.36,0.742261905,1
22246,White,M,32,3.1,SE,0.07,0.695238095,1
22247,Mexican,M,35,3.3,Mt,-1.09,0.751785714,1
22248,White,F,46,3.3,Mt,1.37,0.889285714,1
22250,White,M,40,3.3,Mt,0.98,0.814285714,1
22251,White,F,44,3,Mt,2.61,0.835714286,1
22252,White,F,41.5,3,Mt,-0.62,0.804464286,1
22253,Mexican,F,34,2.8,Mt,-0.26,0.691666667,1
22254,White,F,42,2.9,Mt,-0.58,0.801190476,1
22255,White,M,40,3.6,NG,0.55,0.842857143,1
22256,White,F,39.5,3.5,Mt,0.2,0.827083333,1
22257,White,M,40,3.4,NW,0.42,0.823809524,1
22258,White,F,43,3.1,Mt,0.49,0.832738095,1
22259,White,F,42,3,Mt,0.09,0.810714286,1
22261,White,M,45,3.1,Mt,0.12,0.857738095,1
22263,White,F,39,3.3,Mt,0.42,0.801785714,1
22264,White,F,47,2.5,NW,-0.69,0.825595238,1
22265,White,M,41,3.8,Mt,1.27,0.874404762,1
22266,White,M,43,3.4,Mt,-0.38,0.861309524,1
22267,White,F,44,2.6,Mt,0.63,0.797619048,1
22268,White,M,41,3,Mt,0.22,0.798214286,1
22269,White,M,43,3.7,Mt,1.26,0.889880952,1
22270,White,F,48,3.2,MS,0.76,0.904761905,1
22271,White,F,44,2.7,Mt,-0.75,0.807142857,1
22272,White,M,43,3.7,Mt,0.76,0.889880952,1
22273,White,M,41,3.4,Mt,-0.1,0.836309524,1
22274,White,M,44,3,Mt,1.48,0.835714286,1
22275,White,F,44,3.1,NE,-0.27,0.845238095,1
22276,White,F,43,3.4,Mt,-0.34,0.861309524,1
22277,White,F,45,2.8,NE,0.22,0.829166667,1
22278,White,M,43,3.2,NE,0.95,0.842261905,1
22279,White,F,41,3.8,Mt,0.46,0.874404762,1
22280,White,F,40,2.8,FW,1.45,0.766666667,1
22281,White,M,40,3.6,Mt,1.24,0.842857143,1
22282,Mexican,F,23.5,2.3,Mt,-1.38,0.512797619,1
22284,White,M,45,2.7,MS,0.46,0.819642857,1
22285,White,M,41,3.3,Mt,-0.47,0.826785714,0
22286,White,F,41,3.3,Mt,0.22,0.826785714,1
22287,White,F,38.5,3.6,Mt,0.25,0.824107143,1
22288,White,M,42,3.3,Mt,0.71,0.839285714,1
22291,White,M,36,3,Mt,0.57,0.735714286,1
22292,White,F,41,3.8,Mt,1.67,0.874404762,1
22293,White,F,44,3.2,Mt,0.84,0.854761905,1
22295,White,M,44,3.4,Mt,-0.5,0.873809524,1
22296,White,F,41,3.7,Mt,0.13,0.864880952,1
22298,White,F,40,3.4,Mt,0.14,0.823809524,1
22300,White,M,40,3.5,Mt,0.86,0.833333333,1
22301,White,F,43,2.9,Mt,0.62,0.813690476,1
22302,White,F,44,3.1,NE,0.35,0.845238095,1
22304,Mexican,M,26,3,GL,-1.27,0.610714286,1
22305,White,M,43,3.2,Mt,-0.45,0.842261905,1
22306,White,M,39.5,3.2,NW,0.5,0.798511905,1
22307,White,M,37,2.9,Mt,0.49,0.738690476,1
22309,White,F,41,3.1,Mt,-0.19,0.807738095,1
22310,White,M,42,2.9,Mt,-1.33,0.801190476,0
22312,White,F,41,3.3,Mt,0.89,0.826785714,1
22314,White,M,40,3.4,FW,1.68,0.823809524,1
22315,White,F,42,3.7,Mt,0.85,0.877380952,1
22316,White,F,43,3.2,Mt,0.01,0.842261905,1
22317,White,F,42,2.9,Mt,0.26,0.801190476,1
22318,White,M,40,3.5,Mt,-0.61,0.833333333,1
22319,White,F,45,3.4,Mt,0.94,0.886309524,1
22320,White,F,45,3.5,Mt,2.22,0.895833333,1
22322,Black,F,28,2.8,MS,-1.63,0.616666667,0
22323,White,F,41.5,2.9,NG,-0.37,0.794940476,1
22325,White,M,42,3.5,Mt,0.65,0.858333333,1
22326,White,M,45,3.4,Mt,1.68,0.886309524,1
22327,White,M,47,3.3,Mt,1.43,0.901785714,1
22328,White,M,41,3.8,Mt,0.47,0.874404762,1
22329,White,M,41,3.4,Mt,0.25,0.836309524,1
22330,White,F,42,3.6,Mt,0.7,0.867857143,1
22331,White,M,42,3.4,Mt,1.39,0.848809524,1
22333,White,F,42,3.2,Mt,-0.73,0.829761905,1
22334,White,F,39,3,Mt,0.37,0.773214286,1
22336,White,F,40,3.3,Mt,-0.37,0.814285714,1
22337,White,M,47,3.7,Mt,2.23,0.939880952,1
22338,White,M,41,3.3,SC,1.48,0.826785714,1
22339,White,M,35,3.2,MW,0.67,0.742261905,1
22341,White,F,40,2.2,SC,0.04,0.70952381,1
22343,White,F,34,2.8,SC,0.91,0.691666667,1
22345,White,F,32,2.9,SC,1.3,0.676190476,1
22346,White,F,37,2.6,SC,0.15,0.710119048,1
22347,White,M,34,2.8,SC,-1.16,0.691666667,0
22348,White,M,31,3.4,SC,-0.21,0.711309524,1
22354,White,F,35,2.2,SC,-0.26,0.64702381,1
22357,White,F,30.5,3.4,SC,-0.44,0.705059524,1
22358,White,F,33,2.4,SC,-0.14,0.641071429,1
22360,White,F,26,3.3,MS,-0.66,0.639285714,0
22362,White,F,40,1.9,SC,1.05,0.680952381,1
22363,Amerindian,F,33,3,MW,-0.48,0.698214286,1
22364,White,F,34,2.4,SC,1.41,0.653571429,1
22365,White,F,33,2.6,MW,0.1,0.660119048,1
22368,White,M,29,3.4,GL,1.21,0.686309524,1
22369,White,F,36,2.2,SE,0.15,0.65952381,1
22370,White,F,32,2.4,SC,-0.8,0.628571429,0
22371,White,F,19,3,SE,-1.82,0.523214286,0
22372,White,F,31,2.9,MW,0.22,0.663690476,1
22373,White,F,32,3.1,SC,0.51,0.695238095,1
22374,White,M,33,3,SC,0.24,0.698214286,1
22375,White,F,32,2.8,SC,1.21,0.666666667,1
22376,White,F,31,2.5,SC,-0.53,0.625595238,1
22378,White,F,33,2.1,SC,-0.12,0.6125,1
22379,White,F,38,3.9,SC,0.99,0.846428571,1
22381,White,F,41,3.3,SC,1.77,0.826785714,1
22382,White,M,36,2.9,Mt,-0.17,0.726190476,1
22383,White,M,37,3.8,SC,0.94,0.824404762,1
22385,White,F,32,3.3,SC,-0.12,0.714285714,1
22388,White,M,34,2.8,SC,-0.35,0.691666667,1
22390,White,F,30,2.9,SC,0.04,0.651190476,1
22392,White,M,34,3.8,SC,0.91,0.786904762,1
22393,White,M,28,2.8,SC,0.67,0.616666667,1
22394,White,M,31,2.9,SC,0.67,0.663690476,1
22395,White,M,32,3.3,SC,-0.39,0.714285714,0
22396,White,F,29,3.6,SC,-0.89,0.705357143,1
22397,Amerindian,M,28,3.2,SC,-1.37,0.654761905,1
22398,White,M,40,3.8,SC,1.3,0.861904762,1
22399,White,F,37,2.7,MW,0.13,0.719642857,1
22403,Amerindian,M,29,3.1,SC,-0.12,0.657738095,1
22405,White,F,43,4,SC,1.89,0.918452381,1
22407,White,F,28.5,2.9,MS,-0.03,0.632440476,1
22408,White,F,33,2.6,SC,0.99,0.660119048,1
22410,White,F,29.3,2.9,SC,1.3,0.642440476,1
22412,White,M,34,2.5,SC,-0.46,0.663095238,1
22413,White,M,28.5,3.3,GL,-0.74,0.670535714,1
22414,White,F,30,3.2,SC,-0.62,0.679761905,1
22415,White,M,26,3.9,SC,0.31,0.696428571,1
22416,White,F,32,3.1,SC,0.01,0.695238095,1
22417,White,F,31,2.7,Mt,-0.22,0.644642857,0
22418,White,M,32,3.7,SC,-0.14,0.752380952,1
22419,White,M,29,3.1,SC,-0.4,0.657738095,1
22420,White,F,43,2.1,SC,-0.89,0.7375,1
22421,White,F,26.5,3.1,MS,1.03,0.626488095,1
22422,White,M,40,3.5,GL,1.03,0.833333333,1
22423,White,F,31.5,2.7,SC,0.13,0.650892857,1
22424,White,F,39,3.2,SC,0.94,0.792261905,1
22426,White,F,29,3.3,SC,-0.44,0.676785714,1
22427,White,F,40,3.3,SC,0.33,0.814285714,1
22429,White,F,33,2.3,MW,0.28,0.631547619,1
22430,White,F,32,2.7,MW,0.19,0.657142857,1
22431,White,F,39,3.2,SC,-1.41,0.792261905,0
22432,White,F,36,3,SC,-1.49,0.735714286,1
22434,White,M,38,3.1,SC,-0.21,0.770238095,1
22435,White,F,38,3.3,SC,-0.54,0.789285714,1
22436,White,F,35,3.8,SC,-0.65,0.799404762,1
22437,White,F,36,3.2,SC,-1.05,0.754761905,1
22438,White,M,37,3.4,SC,0.37,0.786309524,1
22439,White,M,35,3.6,SC,0.01,0.780357143,1
22440,White,F,35,3.4,SC,-0.14,0.761309524,1
22441,White,M,36,3.4,SC,1.5,0.773809524,1
22442,White,M,34.5,3.6,SC,-0.03,0.774107143,1
22443,White,M,31,3.6,SC,-0.21,0.730357143,1
22444,Mexican,F,30,2.7,SC,-1.56,0.632142857,0
22445,White,M,35,3.1,SC,-1.05,0.732738095,1
22446,White,F,34,3.3,SC,0.55,0.739285714,1
22447,White,F,34,3.8,SC,0.26,0.786904762,1
22448,Black,M,34,2.4,SC,-1.78,0.653571429,1
22450,White,F,42,2.6,SC,0.44,0.772619048,1
22452,White,M,30,3.2,SC,-1.38,0.679761905,0
22453,White,F,37,3.4,SC,-0.11,0.786309524,1
22454,White,F,28,3.3,SC,0.01,0.664285714,0
22455,White,F,40,3.6,SC,1.1,0.842857143,1
22456,White,F,36,3.4,SC,-0.03,0.773809524,1
22457,White,M,31.5,3.8,SC,0.66,0.755654762,1
22458,White,F,40,3.9,SC,1.79,0.871428571,1
22459,White,F,39,3.1,SC,0.19,0.782738095,1
22460,White,F,37,3.2,SC,0.04,0.767261905,1
22461,White,F,46,4,SC,1.93,0.955952381,1
22462,White,F,38,3.1,SC,-0.25,0.770238095,1
22463,White,F,38,3,SC,1.53,0.760714286,0
22465,Mexican,M,35,3,SC,0.15,0.723214286,1
22466,White,M,41,3.5,SC,0.12,0.845833333,1
22467,White,M,35.5,3.6,SC,-1.52,0.786607143,1
22469,White,F,35,3.1,SC,-0.03,0.732738095,1
22470,White,F,31,3.7,SC,0.48,0.739880952,1
22471,White,M,31,3.6,SC,-0.8,0.730357143,1
22472,Mexican,F,28,2.9,SC,-0.47,0.626190476,1
22474,White,M,37,3.1,SC,-0.72,0.757738095,1
22476,Hispanic,F,34,2.4,SC,-1.38,0.653571429,0
22477,White,M,40,2.9,SC,-0.18,0.776190476,1
22478,White,F,40,2.7,SC,0.22,0.757142857,1
22479,White,F,44,2.6,SC,0.84,0.797619048,1
22480,White,M,31,3.8,SC,-0.65,0.749404762,1
22481,White,M,42,3.8,SC,0.84,0.886904762,1
22482,White,F,35,3.4,SC,0.91,0.761309524,1
22484,White,M,31,3.5,SC,-0.29,0.720833333,0
22485,White,F,42,3.1,SC,-0.18,0.820238095,1
22486,White,F,42,3.1,SC,1.28,0.820238095,1
22487,White,F,34,3.3,SC,0.52,0.739285714,1
22488,White,F,36,2.9,SC,0.4,0.726190476,1
22489,White,F,38,2.9,SC,0.4,0.751190476,1
22490,White,M,42,3.6,SC,0.63,0.867857143,1
22491,White,F,40,4,MS,2.23,0.880952381,1
22492,Asian,M,37,2.9,SC,-0.9,0.738690476,1
22493,Asian,M,35,3.4,SC,-1.09,0.761309524,0
22494,White,F,31,3.9,SC,0.22,0.758928571,1
22495,Hispanic,F,42,2.8,SC,-0.65,0.791666667,1
22496,White,M,32.5,3.8,SC,-0.8,0.768154762,0
22497,White,M,34,3.3,SC,-0.76,0.739285714,1
22498,White,F,35,3.4,SC,0.59,0.761309524,1
22500,White,M,36,3.1,SC,-0.76,0.745238095,1
22501,White,M,38,3.3,SC,-0.29,0.789285714,1
22502,White,F,38,3.1,SC,1.53,0.770238095,1
22503,Mexican,F,27,3.2,SC,-0.69,0.642261905,1
22504,White,F,38,3.5,SC,-0.21,0.808333333,1
22505,White,F,41.5,2.8,SC,1.72,0.785416667,1
22506,White,F,39,3,SC,1.03,0.773214286,1
22507,Black,M,31,2.4,SC,-1.31,0.616071429,1
22508,Mexican,M,31,3.1,SC,-0.61,0.682738095,1
22509,Hispanic,M,27.5,3.4,SC,-1.45,0.667559524,0
22510,White,M,39,3.8,SC,0.91,0.849404762,1
22511,Hispanic,M,33,3.5,SC,-0.14,0.745833333,1
22513,White,F,40,3,SC,-0.29,0.785714286,1
22514,White,F,36,3,SC,-0.83,0.735714286,1
22516,White,F,39,3.4,SC,0.95,0.811309524,1
22517,White,F,35,3.3,SC,0.52,0.751785714,1
22518,White,F,36,3.2,SC,-0.76,0.754761905,1
22519,White,F,37,3.3,SC,-0.29,0.776785714,1
22520,White,M,46,3,SC,1.42,0.860714286,1
22521,White,F,41,2.9,SC,-1.41,0.788690476,1
22522,White,M,36,3.4,SC,0.08,0.773809524,1
22523,White,F,39,3.5,SC,1.28,0.820833333,1
22524,White,F,36,3.1,SC,-0.25,0.745238095,1
22525,White,F,37.5,3.1,SC,0.48,0.763988095,0
22526,White,F,31.5,3.7,SC,0.12,0.746130952,1
22527,Asian,F,32,3.3,SC,-0.6,0.714285714,1
22528,White,M,35,3.3,SC,-0.11,0.751785714,1
22529,White,F,35,3.3,SC,0.66,0.751785714,1
22530,White,M,39,3,SC,-1.41,0.773214286,1
22531,White,M,38,3,SC,1.03,0.760714286,1
22532,White,F,35,3.3,SC,-0.69,0.751785714,1
22533,White,F,38,3.3,SC,-0.5,0.789285714,1
22534,White,F,36,3.2,SC,0.48,0.754761905,1
22535,White,M,37,3.3,SC,-0.21,0.776785714,1
22536,White,F,37,3.3,SC,-0.03,0.776785714,1
22537,White,F,34,3.6,SC,1.24,0.767857143,1
22538,White,F,45,3.6,SC,1.9,0.905357143,1
22539,Mexican,M,31,3,SC,-1.09,0.673214286,0
22540,White,F,41,2.8,SC,1.68,0.779166667,1
22541,White,F,34.5,3.3,SC,-0.54,0.745535714,0
22542,White,F,38,3.7,SC,-0.28,0.827380952,1
22543,White,M,35,3.5,MW,-1.87,0.770833333,1
22544,White,M,31,3.8,MW,-0.68,0.749404762,1
22545,Mexican,M,33,3.2,MW,-0.98,0.717261905,1
22546,White,F,41,2.9,SE,0.21,0.788690476,1
22547,White,F,37,3.6,MW,0.71,0.805357143,1
22548,White,F,44,2.7,SC,-0.98,0.807142857,1
22549,White,F,39,3.2,GL,-0.51,0.792261905,1
22550,White,M,32,3.9,MW,-0.28,0.771428571,1
22551,White,F,45,2.8,MW,1.03,0.829166667,1
22552,White,F,32,3.7,MW,1.53,0.752380952,1
22553,White,F,42,3.8,MW,0.26,0.886904762,1
22554,White,F,39,3.1,MW,-0.41,0.782738095,1
22555,White,F,34,3.4,MW,0.61,0.748809524,1
22556,White,F,35,3.2,MW,0.11,0.742261905,1
22557,Mexican,M,29,2.7,MW,-1.23,0.619642857,1
22558,Mexican,M,30,2.4,SC,-1.15,0.603571429,1
22560,White,F,40,3.2,GL,0.06,0.804761905,1
22561,White,M,37,3.3,MW,0.49,0.776785714,1
22562,White,F,42,3.5,MW,0.09,0.858333333,1
22563,White,F,35,3.8,MW,1.03,0.799404762,1
22564,White,F,39,3.3,Mt,-0.88,0.801785714,1
22565,White,F,42,4,MW,1.5,0.905952381,1
22566,White,M,33,3.9,MW,0.06,0.783928571,1
22567,White,F,37.5,3.2,MW,0.16,0.773511905,1
22568,White,M,42,2.9,MW,-0.16,0.801190476,1
22569,White,M,37.5,3.7,MW,-0.23,0.821130952,1
22570,White,F,47,3.8,FW,1.98,0.949404762,1
22571,White,M,35,3.6,Mt,0.68,0.780357143,1
22572,White,F,35,3.7,MW,-0.33,0.789880952,1
22573,White,F,35,3.9,MW,-0.16,0.808928571,1
22574,White,M,37,3.8,MW,-0.33,0.824404762,1
22575,White,M,46,3.9,MW,1.08,0.946428571,1
22576,White,F,42,3.2,MW,-1,0.829761905,1
22577,White,F,42,3.1,SC,1.33,0.820238095,1
22578,White,F,37,3.7,GL,0.01,0.814880952,1
22579,Amerindian,M,33,3.2,MW,-2,0.717261905,1
22580,White,F,42,3,MW,0.36,0.810714286,1
22582,White,F,48,2.9,NE,0.4,0.876190476,1
22583,White,F,44,3.1,NE,-1.03,0.845238095,1
22584,Black,M,24,2.2,SE,-1.73,0.50952381,1
22585,White,M,40,3.3,SE,1.76,0.814285714,1
22586,White,M,32,3.3,SE,-0.82,0.714285714,1
22587,White,M,33.5,3.1,SE,0.87,0.713988095,1
22588,Black,F,29,3.5,SE,-0.96,0.695833333,1
22589,White,M,36,3.1,SE,0.16,0.745238095,1
22591,White,F,36,3,SE,1.46,0.735714286,1
22592,White,F,41,3.1,SE,-0.22,0.807738095,1
22593,White,M,34.5,3.3,SE,-0.41,0.745535714,1
22595,White,M,38,2.7,SE,0.9,0.732142857,1
22596,White,M,35,3.6,SE,-0.62,0.780357143,1
22597,White,F,35,3.5,SE,-1.19,0.770833333,1
22598,White,M,29.5,2.6,SE,-0.91,0.616369048,1
22599,White,M,36,3,SE,1.07,0.735714286,1
22601,White,F,31,3.2,SE,0.14,0.692261905,1
22602,White,M,42,3.6,SE,0.5,0.867857143,1
22603,Hispanic,F,23,3.1,SE,-0.44,0.582738095,1
22604,White,F,41.5,2.4,SE,1.67,0.747321429,1
22605,White,F,34.5,3.4,SE,1.33,0.755059524,1
22606,White,M,39,3,SE,0.12,0.773214286,1
22607,White,F,37,3,SE,0.24,0.748214286,1
22608,White,F,36.5,2.3,SE,-0.5,0.675297619,1
22609,Black,M,25,2.4,GL,-1.29,0.541071429,0
22610,Black,F,30,2.6,SE,-1.51,0.622619048,1
22612,Asian,M,29,3.2,SE,-1.08,0.667261905,1
22613,White,M,36.5,3,SE,0.02,0.741964286,1
22614,White,M,35,3.1,MS,-0.12,0.732738095,1
22615,White,M,30.5,3.8,SE,1.32,0.743154762,1
22616,White,F,39,2.7,SE,-1.23,0.744642857,1
22617,Hispanic,M,24,3.1,SE,-1.43,0.595238095,1
22618,White,M,25,3.8,SE,0.25,0.674404762,1
22619,White,M,41,2.7,MS,0.13,0.769642857,1
22620,White,M,38,2.9,SE,0.24,0.751190476,1
22621,White,F,33,3.2,MS,0.56,0.717261905,1
22623,White,F,40,3.3,SE,0.59,0.814285714,1
22624,White,M,33,3,SE,0.81,0.698214286,1
22625,White,F,39,2.8,SE,-1.12,0.754166667,1
22626,White,F,36,3.4,SE,2.21,0.773809524,1
22627,White,M,37,2.8,SC,-0.17,0.729166667,1
22628,White,M,38,2.7,MS,-0.98,0.732142857,1
22629,White,F,35,3.3,SE,1.19,0.751785714,1
22630,White,F,32.5,3.3,SE,-0.44,0.720535714,1
22631,White,F,40,2.5,MS,-0.93,0.738095238,1
22632,White,F,37,2.9,SE,0.28,0.738690476,1
22633,White,F,38,3,SE,1.3,0.760714286,1
22635,White,F,35,3.5,SE,-0.04,0.770833333,1
22636,White,M,30,3.5,SE,-0.34,0.708333333,1
22637,White,F,41,2.6,SE,-0.01,0.760119048,1
22638,White,M,26,3.3,SE,-0.66,0.639285714,1
22639,White,F,36.5,3.3,SE,-0.79,0.770535714,1
22640,White,F,33.5,2.8,MS,0.86,0.685416667,1
22641,White,F,32,3.4,SE,0.56,0.723809524,1
22642,White,M,31.5,3.4,SE,-0.26,0.717559524,1
22643,White,F,40,3.2,SE,0.7,0.804761905,1
22644,White,M,32,3.1,SE,1.14,0.695238095,1
22645,White,F,33.5,3.5,SE,1.5,0.752083333,1
22646,Black,F,35,2.7,SE,-0.19,0.694642857,1
22647,White,F,40,2.8,SE,0.59,0.766666667,1
22648,White,M,31.5,3.5,SE,-0.17,0.727083333,1
22649,White,F,44,2.3,SE,1.26,0.769047619,1
22650,White,M,30,3.8,SE,0.16,0.736904762,1
22652,White,F,28.5,3.5,SE,0.78,0.689583333,1
22653,Black,M,29,3.1,SE,-1.29,0.657738095,1
22654,White,F,34,3.4,SE,0.6,0.748809524,1
22655,White,M,35,3,SE,-0.09,0.723214286,0
22656,White,M,32,2.9,SE,-0.88,0.676190476,1
22658,White,F,41,2.7,SE,0.89,0.769642857,1
22659,White,M,32,3.5,SE,1.91,0.733333333,1
22660,White,F,34,2.8,NE,-0.58,0.691666667,1
22661,White,F,29,3.3,Mt,-0.99,0.676785714,0
22662,White,M,31,3.5,FW,-0.81,0.720833333,0
22663,White,M,34,3.2,SC,-0.25,0.729761905,1
22664,White,F,30,3.3,FW,1.11,0.689285714,1
22665,White,F,35.5,2.8,SC,-0.63,0.710416667,1
22666,White,F,33,3,MS,1.67,0.698214286,1
22669,White,M,30,3.5,FW,0.3,0.708333333,0
22670,White,F,34,2.9,FW,-0.36,0.701190476,1
22672,White,M,31,3.4,FW,-1.01,0.711309524,0
22673,Asian,M,28,3.3,FW,0.51,0.664285714,1
22674,White,F,37,3.7,FW,-0.05,0.814880952,1
22675,White,F,38,2.3,FW,0.84,0.694047619,1
22676,White,F,34,2.8,FW,-0.15,0.691666667,1
22677,White,F,35,3.5,FW,0.81,0.770833333,1
22678,White,M,30,3.3,Mt,-0.94,0.689285714,1
22679,White,F,39,2.8,FW,0.56,0.754166667,1
22681,White,M,29,3.5,FW,0.99,0.695833333,1
22682,White,M,31,3.2,FW,-1.04,0.692261905,0
22683,White,M,30.7,3,FW,0.96,0.669464286,1
22686,White,F,34,3,SC,1.82,0.710714286,1
22687,White,M,30,3.3,NG,-1.07,0.689285714,1
22688,White,F,36,3.2,FW,0.76,0.754761905,0
22691,White,F,31,3.5,FW,-0.36,0.720833333,1
22692,White,F,30,3.1,FW,-0.61,0.670238095,1
22693,White,F,40,2.9,Mt,0.56,0.776190476,1
22694,White,F,32.5,2.8,FW,-0.41,0.672916667,1
22695,White,F,30,3.2,FW,0.71,0.679761905,0
22696,White,F,34.5,3.1,NW,0,0.726488095,1
22697,White,M,33,3.5,Mt,-0.84,0.745833333,0
22699,White,F,35,3,Mt,0.35,0.723214286,1
22701,Asian,M,31,3.3,Mt,0.86,0.701785714,1
22703,White,F,35,3,Mt,2.58,0.723214286,1
22704,White,M,33.5,3.2,Mt,0.63,0.723511905,1
22705,White,F,31,3.2,FW,1.16,0.692261905,1
22706,White,F,26.7,3.2,FW,-1.83,0.638511905,0
22708,White,F,33,3.1,FW,1.06,0.707738095,1
22709,White,F,32,3.2,Mt,-0.96,0.704761905,1
22712,White,F,35,3.2,Mt,0.46,0.742261905,1
22715,White,F,35,3.3,FW,0.18,0.751785714,1
22716,White,F,40,3.1,FW,0.15,0.795238095,1
22717,White,F,32,3.5,FW,-0.58,0.733333333,1
22718,Asian,F,37,3.8,FW,0.15,0.824404762,1
22719,White,F,32,3.2,FW,-0.84,0.704761905,0
22720,White,F,31,3.2,FW,-0.25,0.692261905,1
22721,White,F,32,3,FW,0.96,0.685714286,1
22722,White,F,30,3.5,FW,-0.71,0.708333333,1
22724,White,F,31,3.1,SE,-0.25,0.682738095,1
22725,White,F,27,3.1,FW,-1.27,0.632738095,1
22726,White,F,28.5,3.2,NE,0.66,0.661011905,0
22727,White,M,37,3.4,FW,0.91,0.786309524,1
22728,White,F,34,3.3,FW,-0.61,0.739285714,1
22729,White,F,36,3.1,FW,1.16,0.745238095,1
22730,White,F,31,3.1,FW,0.56,0.682738095,1
22731,White,F,36,3.5,FW,-1.47,0.783333333,1
22732,Puertorican,F,34,2.6,FW,-0.76,0.672619048,0
22734,White,F,27,3.1,FW,1.72,0.632738095,1
22735,White,F,31,2.9,FW,-1.12,0.663690476,0
22736,White,F,39,2.9,GL,-0.12,0.763690476,1
22737,Black,M,22.5,2.7,GL,-1.33,0.538392857,1
22738,White,F,30.5,2.8,GL,-0.67,0.647916667,1
22739,White,F,36,3.1,GL,-0.19,0.745238095,1
22741,White,M,36,3.6,GL,0.23,0.792857143,1
22742,White,F,40,2.6,GL,0.68,0.747619048,1
22743,Black,M,25,3.3,GL,-0.23,0.626785714,1
22744,White,F,37,3.1,GL,0.09,0.757738095,1
22745,White,F,35,3.5,GL,1.36,0.770833333,1
22746,White,M,39,3.1,SC,0.57,0.782738095,1
22747,Mexican,F,30,2,GL,0.3,0.56547619,1
22748,White,F,29,2.4,GL,-0.98,0.591071429,1
22750,White,F,40,2.9,GL,0.42,0.776190476,1
22751,Black,M,26,2.6,GL,-0.28,0.572619048,1
22752,White,F,39,3,GL,-0.06,0.773214286,1
22753,White,M,38,3.6,GL,-0.19,0.817857143,1
22754,Hispanic,M,21,3,GL,-0.96,0.548214286,0
22755,White,F,40,2.6,GL,0.73,0.747619048,1
22756,White,M,40,3.6,GL,1.73,0.842857143,1
22757,White,F,36,3.7,GL,0.33,0.802380952,1
22758,Mexican,M,36.5,2.4,GL,-0.08,0.684821429,1
22759,Mexican,M,25,3.2,GL,-0.88,0.617261905,1
22761,Black,F,35,3,GL,-0.62,0.723214286,1
22763,Black,F,26,2.4,GL,-0.91,0.553571429,1
22765,White,M,36,3.2,GL,1.08,0.754761905,1
22766,Puertorican,M,29,2.6,GL,-1.17,0.610119048,0
22767,White,M,38,2.7,MS,0.16,0.732142857,1
22768,Black,M,28,3.1,GL,-1.06,0.645238095,1
22769,Mexican,F,22,3,GL,-1,0.560714286,1
22770,White,F,35,3.1,GL,-0.02,0.732738095,1
22772,White,F,41,2.6,GL,0.35,0.760119048,1
22773,White,M,36,3.8,GL,-0.43,0.811904762,1
22774,White,F,37,3.7,GL,0.92,0.814880952,1
22775,White,F,38,3.1,GL,0.51,0.770238095,1
22776,White,F,39,2.9,GL,-0.37,0.763690476,1
22777,White,F,36,2.3,MW,0.11,0.669047619,1
22778,White,M,38,3.1,GL,-0.15,0.770238095,1
22779,Black,M,30,2.6,GL,-0.32,0.622619048,1
22781,White,M,35,2.8,GL,0.14,0.704166667,1
22782,White,F,40,2.9,GL,0.99,0.776190476,1
22783,White,F,37,3,NG,-0.3,0.748214286,0
22784,White,F,34,3.8,GL,1.03,0.786904762,1
22785,White,F,37,3,GL,0.29,0.748214286,1
22786,White,M,37,3.2,GL,0.46,0.767261905,1
22787,White,F,38,2.9,GL,0.21,0.751190476,1
22788,White,F,42,3,GL,1.75,0.810714286,1
22790,White,M,38,2.7,GL,0.33,0.732142857,1
22791,White,M,30,2.6,GL,0.42,0.622619048,1
22792,White,M,43,2.5,GL,-0.87,0.775595238,1
22793,White,F,37,3,GL,-0.8,0.748214286,1
22795,White,F,36,3.4,GL,1.16,0.773809524,1
22796,White,M,40,3.3,GL,0.86,0.814285714,1
22797,White,F,35,3.8,GL,1.14,0.799404762,1
22800,White,F,42,3.2,GL,0.55,0.829761905,1
22801,White,F,33,2.8,GL,0.49,0.679166667,1
22803,Black,F,23,2.5,GL,-0.97,0.525595238,1
22804,Hispanic,F,37,2.4,NE,-0.67,0.691071429,1
22805,White,F,42,3.3,GL,1.54,0.839285714,1
22806,White,M,36,3.5,GL,0.36,0.783333333,1
22807,White,M,36,3.7,GL,-0.73,0.802380952,1
22808,White,F,38,3.2,GL,1.65,0.779761905,1
22809,White,M,38,3.4,GL,1.21,0.798809524,1
22811,Other,M,37,3,GL,0.55,0.748214286,1
22813,White,M,33,2.4,GL,-0.67,0.641071429,1
22814,White,F,40,2.9,Mt,0.49,0.776190476,1
22815,White,F,40,2.8,GL,1.64,0.766666667,1
22816,White,F,37,3,GL,0.11,0.748214286,1
22818,Other,M,27,2.4,GL,-1.28,0.566071429,1
22819,White,M,34.5,3.2,GL,0.27,0.736011905,1
22820,White,F,39,3.3,GL,1.19,0.801785714,1
22821,White,M,45,3.6,GL,0.55,0.905357143,1
22822,Asian,F,33,3,GL,0.69,0.698214286,1
22823,White,M,39,2.6,GL,-0.34,0.735119048,1
22825,White,M,39,3.8,GL,-0.21,0.849404762,1
22826,White,F,40,2.8,GL,1.69,0.766666667,1
22827,White,F,40,2.6,GL,1.02,0.747619048,1
22829,White,M,39,2.6,GL,1.16,0.735119048,1
22830,White,F,45,2.7,GL,0,0.819642857,1
22831,White,M,35,3.3,GL,-0.15,0.751785714,1
22832,Amerindian,M,29,2.9,NE,-1.13,0.638690476,1
22833,White,F,40,2.5,GL,-0.71,0.738095238,1
22834,White,M,32,3.2,GL,0.52,0.704761905,1
22835,White,F,29,3.3,GL,0.03,0.676785714,1
22836,White,F,39,2.6,GL,0.29,0.735119048,1
22837,Asian,M,30,3,NE,-0.51,0.660714286,0
22838,White,M,35,3.2,GL,-0.27,0.742261905,1
22839,White,F,30,3.3,GL,-0.28,0.689285714,1
22840,White,M,34,3.1,GL,0.35,0.720238095,1
22842,White,F,37,2.7,SE,-0.63,0.719642857,0
22843,White,F,30,3.2,GL,-0.97,0.679761905,1
22845,White,M,33,3.4,GL,-0.65,0.736309524,1
22846,White,F,37,3.1,GL,0.79,0.757738095,1
22847,White,F,32,3.2,GL,0.83,0.704761905,1
22848,White,F,32,3.1,GL,-0.99,0.695238095,1
22849,White,M,33,3.3,GL,1.11,0.726785714,1
22850,White,F,40,2.6,GL,0.83,0.747619048,1
22851,White,M,36,2.9,GL,-0.3,0.726190476,1
22852,White,M,26,3.6,GL,0.32,0.667857143,1
22854,White,F,42,3.7,GL,0.42,0.877380952,1
22855,White,M,33,3.4,GL,1.04,0.736309524,1
22856,White,F,34,2.9,GL,-0.46,0.701190476,1
22857,White,F,33,3.1,GL,0.65,0.707738095,1
22858,White,M,33,3.2,GL,-0.85,0.717261905,1
22859,White,F,34,3.1,SC,-2.1,0.720238095,1
22860,Black,M,25,3.3,GL,-1.1,0.626785714,1
22861,White,M,33,3.9,GL,0.83,0.783928571,1
22862,White,F,34,2.5,GL,-1.1,0.663095238,1
22863,Mexican,F,34,2.5,GL,-1.38,0.663095238,1
22864,White,F,28,3.6,GL,-0.86,0.692857143,0
22865,White,F,34,4,MW,1.78,0.805952381,1
22867,White,F,34,3.3,GL,1.32,0.739285714,1
22868,White,M,43,2.3,MS,1.08,0.756547619,1
22869,White,M,31,3.1,GL,-1.16,0.682738095,1
22870,White,F,34,3.1,GL,0.69,0.720238095,1
22871,White,M,26.5,3.4,SC,-1.44,0.655059524,0
22872,White,F,30,3.1,GL,-0.28,0.670238095,1
22873,White,M,33,3.4,GL,0.16,0.736309524,1
22874,White,F,34,3.4,GL,-0.25,0.748809524,0
22875,White,M,33,3.1,GL,0.81,0.707738095,1
22876,White,M,34,2.9,GL,0.39,0.701190476,1
22877,White,F,32,3.3,GL,1.2,0.714285714,1
22878,White,F,34.5,3.1,GL,0.8,0.726488095,1
22879,White,F,31,3.3,NE,0.04,0.701785714,1
22880,White,M,34,3,SC,-0.55,0.710714286,1
22881,White,M,35,3.8,GL,1.57,0.799404762,1
22882,White,M,31,3.2,GL,0.34,0.692261905,1
22883,White,F,37,3.2,SE,1.87,0.767261905,1
22884,White,M,31,3.3,SE,-0.86,0.701785714,0
22885,White,F,35.5,3.2,GL,1.87,0.748511905,1
22886,White,F,35.5,3.1,GL,-0.37,0.738988095,1
22887,White,M,29,3.7,GL,2.16,0.714880952,1
22888,White,F,38,3.4,GL,0.89,0.798809524,1
22889,White,M,33,3.2,Mt,1.2,0.717261905,1
22890,Asian,M,27,3.2,GL,-0.74,0.642261905,1
22891,White,F,33,3.3,GL,-0.36,0.726785714,1
22892,White,M,43,3,NE,0.39,0.823214286,1
22893,White,F,30.5,3.3,GL,-0.18,0.695535714,1
22894,White,F,33,3.1,GL,-0.3,0.707738095,1
22895,White,F,32,2.8,Mt,-0.59,0.666666667,1
22897,White,M,33,2.8,SC,-0.76,0.679166667,0
22898,White,F,33.5,3.2,GL,-0.89,0.723511905,1
22900,White,F,38,2.8,GL,0.83,0.741666667,1
22901,White,F,31,3.2,GL,-2.02,0.692261905,0
22902,White,M,29.5,3,GL,-0.6,0.654464286,0
22903,White,F,31,3.3,GL,0.36,0.701785714,1
22904,White,M,33,3.4,GL,2.37,0.736309524,1
22906,White,M,33.5,3.2,GL,-0.19,0.723511905,1
22907,White,M,31,3.2,GL,-0.94,0.692261905,1
22908,White,M,30,3.2,GL,0.15,0.679761905,1
22909,White,F,33,2.7,GL,-0.51,0.669642857,1
22910,White,F,29,3.3,NE,-0.44,0.676785714,1
22911,White,F,34,3,GL,-1.09,0.710714286,1
22912,White,F,33,3,NE,0.45,0.698214286,1
22913,White,F,33,3.3,GL,-0.01,0.726785714,1
22915,White,M,31.5,3,SE,-1.5,0.679464286,1
22916,White,M,39,3.1,GL,-1.24,0.782738095,0
22917,White,F,29,3.7,GL,1.62,0.714880952,1
22919,White,F,36,2.8,GL,-1.44,0.716666667,1
22920,White,F,38,2.8,GL,0.48,0.741666667,1
22921,White,M,35,2.8,GL,-0.36,0.704166667,1
22922,White,F,31,3.6,GL,-0.3,0.730357143,1
22923,White,M,25,3.7,GL,0.03,0.664880952,1
22924,White,F,33,3.2,GL,-1.15,0.717261905,0
22925,White,F,32,3.4,Mt,-0.37,0.723809524,1
22926,White,F,32.5,2.8,GL,0,0.672916667,1
22927,White,M,32,3.1,GL,-0.74,0.695238095,1
22928,White,M,31.5,3,MS,-1.6,0.679464286,0
22929,White,F,37,3.1,GL,0.85,0.757738095,1
22930,White,F,34,3.2,GL,-0.54,0.729761905,1
22931,White,F,31,3.2,GL,-0.42,0.692261905,1
22932,White,F,30.5,3.2,MS,-1.35,0.686011905,1
22933,White,M,33,3.4,GL,-1.61,0.736309524,0
22934,White,F,30.5,3.5,GL,-0.57,0.714583333,1
22936,White,F,33,2.5,GL,0.45,0.650595238,1
22937,White,F,39,2.7,GL,1.42,0.744642857,1
22938,White,F,35,3.2,GL,-0.01,0.742261905,1
22939,White,F,36,2.8,GL,1.23,0.716666667,1
22940,White,M,32,3.3,GL,1.53,0.714285714,1
22941,White,M,36,3.4,GL,-0.4,0.773809524,1
22942,White,M,29.5,3.3,GL,0.16,0.683035714,1
22943,White,F,31,2.9,GL,1.1,0.663690476,1
22944,White,F,36,2.9,GL,0.71,0.726190476,1
22946,Mexican,F,37,2.3,GL,0.15,0.681547619,1
22947,White,F,32,3.4,MW,0.94,0.723809524,1
22948,White,F,26.5,3.2,GL,0.29,0.636011905,1
22949,White,M,33,3.1,GL,1.98,0.707738095,1
22950,White,F,35,3,SE,0.1,0.723214286,1
22951,White,M,33,3.4,GL,1.46,0.736309524,1
22953,White,F,38,2.7,GL,0,0.732142857,0
22954,White,M,38,4,GL,-0.86,0.855952381,1
22955,White,M,32,3.2,GL,0.89,0.704761905,1
22956,White,M,32.5,3,GL,-0.51,0.691964286,1
22958,White,F,31,2.9,GL,1,0.663690476,1
22959,White,F,41,3.4,GL,0.89,0.836309524,1
22960,White,M,39,2.6,SE,0.46,0.735119048,1
22961,White,M,30,3.3,GL,1.11,0.689285714,1
22962,White,M,33,2.5,MS,-1.26,0.650595238,0
22963,White,M,32,3.4,GL,0.46,0.723809524,1
22964,White,F,36,3.2,GL,-0.13,0.754761905,1
22965,White,F,35,3.1,GL,0.13,0.732738095,1
22966,White,M,33,3.4,GL,0.91,0.736309524,1
22967,White,M,35,2.8,GL,-0.45,0.704166667,1
22968,White,F,34,3.1,GL,0.88,0.720238095,1
22969,White,F,31,3.2,GL,-0.3,0.692261905,1
22970,White,M,35,2.7,GL,-0.6,0.694642857,1
22971,White,F,41,3.7,FW,-0.84,0.864880952,0
22972,Asian,M,44,3.4,FW,-0.44,0.873809524,1
22973,White,M,46,3.6,NE,1.07,0.917857143,1
22974,White,M,45,3.4,FW,-0.45,0.886309524,1
22975,White,F,42,3.7,NE,0.01,0.877380952,1
22976,Black,M,32.5,3.5,GL,-0.84,0.739583333,1
22977,Puertorican,F,40,2.9,NE,-1.37,0.776190476,1
22978,White,M,42,3.8,NG,-1.04,0.886904762,1
22980,White,M,46,3.5,NE,-0.06,0.908333333,1
22981,White,F,44,3.6,NE,0.41,0.892857143,1
22982,White,F,43,3.8,NE,0.34,0.899404762,1
22983,White,F,43,3.7,NE,1.06,0.889880952,1
22984,White,M,48,3.6,GL,1.14,0.942857143,1
22985,Other,F,47,3.5,NE,0.21,0.920833333,1
22986,White,F,45,3.6,NE,-0.45,0.905357143,1
22987,White,F,44,3.6,FW,1,0.892857143,1
22988,White,F,44,3.6,NE,0.21,0.892857143,1
22989,White,M,44,3.6,NE,0.4,0.892857143,1
22990,Hispanic,F,37,3.6,FW,-0.65,0.805357143,1
22991,Asian,F,35,3.5,NE,0.34,0.770833333,1
22992,Asian,M,40,3.6,FW,-0.93,0.842857143,1
22994,White,M,43,3.5,NE,-0.25,0.870833333,1
22996,White,F,38,3.7,NG,-0.84,0.827380952,1
22997,White,F,43,3.7,NE,0.21,0.889880952,1
22998,Hispanic,M,45,3.4,NE,0.34,0.886309524,1
22999,White,F,43,3.6,NE,1.92,0.880357143,1
23000,White,M,45,3.7,NG,0.6,0.914880952,1
23001,Amerindian,M,40,3.1,NE,-0.58,0.795238095,1
23002,White,M,46,3.6,NE,0.54,0.917857143,1
23003,White,F,44,3.4,NE,1.33,0.873809524,1
23004,White,M,37,3.7,NE,0.41,0.814880952,1
23005,White,F,36.5,3.6,MS,1.13,0.799107143,1
23006,White,F,42,3.8,NE,2.05,0.886904762,1
23007,White,F,39,3.7,FW,-0.18,0.839880952,1
23009,White,F,48,3.4,NE,0.48,0.923809524,1
23010,White,M,47,3.7,NG,0.8,0.939880952,1
23011,White,F,46,3.7,NE,-0.32,0.927380952,1
23012,White,M,45,3.5,NE,1.34,0.895833333,1
23013,White,M,45,3.7,NE,0.93,0.914880952,1
23014,Black,M,40,3.3,NE,-0.65,0.814285714,1
23015,White,F,39,3.5,NE,0.74,0.820833333,1
23016,White,F,48,3.9,NG,1.92,0.971428571,1
23018,White,M,44,3.6,NE,0.81,0.892857143,1
23019,White,F,43,3.9,NE,1.6,0.908928571,1
23020,White,F,43,3.7,NG,0.86,0.889880952,1
23021,White,F,40,3.6,NE,0.61,0.842857143,1
23022,White,M,41,3.6,NE,-0.25,0.855357143,1
23023,White,M,39,4,NE,-0.44,0.868452381,1
23024,White,F,40,3.8,NE,-0.78,0.861904762,1
23025,White,M,39,3.9,NE,0.74,0.858928571,1
23026,Asian,F,42,3.5,FW,0.54,0.858333333,1
23027,White,F,41,4,NE,-0.32,0.893452381,1
23028,Asian,M,42,3.7,NE,-2.36,0.877380952,1
23029,White,F,46,3.3,NE,-1.04,0.889285714,1
23030,Hispanic,M,29,3.6,NE,-2.61,0.705357143,1
23031,White,F,42,3.8,NE,0.54,0.886904762,1
23032,White,F,42,2.9,NE,-1.17,0.801190476,1
23033,White,F,40,3.9,NG,0.14,0.871428571,1
23034,White,M,40,3.7,NG,-0.84,0.852380952,1
23035,White,M,39,3.5,NE,1.07,0.820833333,1
23036,White,F,44,3.7,NE,0.74,0.902380952,1
23037,Asian,M,39.5,3.8,NE,-0.39,0.855654762,1
23038,White,F,41,3.7,GL,0.14,0.864880952,1
23039,White,M,45,3.9,NG,-0.19,0.933928571,1
23040,White,F,46,3.5,NE,-0.53,0.908333333,1
23041,White,F,41,3.6,NE,-0.12,0.855357143,1
23042,White,F,44,3.6,NE,0.54,0.892857143,1
23043,White,F,47,3.7,Mt,1.07,0.939880952,1
23044,Black,M,37,3.8,NE,-1.23,0.824404762,1
23045,White,M,42,3.7,NE,-1.1,0.877380952,0
23046,Puertorican,M,45,3.1,NE,-0.25,0.857738095,1
23047,Black,F,40,3.1,NE,-1.23,0.795238095,1
23048,White,F,42,3.8,NG,-0.18,0.886904762,1
23049,White,F,42,4,NE,-0.26,0.905952381,1
23050,White,M,42,3.7,NE,0.41,0.877380952,1
23051,White,F,47,3.6,NG,0.81,0.930357143,1
23052,White,F,38,3.6,NG,-0.32,0.817857143,1
23053,Asian,F,44,3.4,NE,0.87,0.873809524,1
23054,Black,M,37,2.9,NE,-1.7,0.738690476,1
23055,Hispanic,M,44,3.5,NG,-0.52,0.883333333,1
23057,White,M,41,3.6,NE,0.01,0.855357143,1
23058,White,F,40,2.8,MW,0.49,0.766666667,1
23059,White,F,41,3.6,MW,0.26,0.855357143,1
23060,White,F,42,2.8,MW,0.54,0.791666667,1
23061,White,F,42,3.5,MW,0.88,0.858333333,1
23062,White,F,38,3.5,MW,0.86,0.808333333,1
23063,White,M,41,3.5,MW,1.11,0.845833333,1
23064,White,F,39,3.5,MW,0.59,0.820833333,1
23065,White,F,40,3.5,MW,0.06,0.833333333,1
23067,White,F,37,3.3,MW,1.06,0.776785714,1
23068,White,M,39,4,MW,1.46,0.868452381,1
23069,White,F,37,3.4,MW,0.26,0.786309524,1
23071,White,F,40,2.9,MW,-0.41,0.776190476,1
23072,White,F,39,3.1,MW,-0.38,0.782738095,1
23073,White,F,39,3,MW,-1.05,0.773214286,1
23074,Asian,F,41,3.4,MW,0.01,0.836309524,1
23075,White,F,38,3.6,MW,0.01,0.817857143,1
23076,White,M,47,2.5,MW,0.44,0.825595238,1
23077,White,F,42,3.1,MW,0.96,0.820238095,1
23078,White,F,37,4,MW,-0.06,0.843452381,1
23079,White,M,33.5,3.5,MW,0.09,0.752083333,1
23080,White,M,40,3.7,MW,0.66,0.852380952,1
23082,White,M,39,3.2,SE,-0.76,0.792261905,1
23083,White,M,36,3.2,MW,-1.4,0.754761905,1
23084,White,M,36,3.5,MW,0.36,0.783333333,1
23086,White,M,42,3,MW,1.01,0.810714286,1
23087,White,M,37,3.5,MS,-0.58,0.795833333,0
23088,White,M,34.5,3.2,MW,-0.41,0.736011905,1
23089,White,M,36,3.1,MW,-0.83,0.745238095,1
23090,White,F,37,3.6,MW,1.85,0.805357143,1
23091,White,F,38,3.3,MW,0.06,0.789285714,1
23092,White,F,37,3.4,MW,0.83,0.786309524,1
23093,White,F,45,3.8,MW,1.01,0.924404762,1
23094,White,F,43,3.1,MW,0.34,0.832738095,1
23095,White,F,37,3.5,MW,-0.33,0.795833333,1
23097,White,M,44,3.3,MW,0.49,0.864285714,1
23098,White,M,37,3.8,MW,0.66,0.824404762,1
23099,White,F,36,3.3,MW,0.78,0.764285714,1
23100,White,M,38,3.3,MW,-0.21,0.789285714,1
23101,White,F,39,3.9,MW,-0.71,0.858928571,1
23102,White,F,33,3.6,MW,-1.7,0.755357143,1
23103,White,F,37,3.2,MW,-0.23,0.767261905,1
23104,White,M,35,3.9,MW,-0.28,0.808928571,1
23105,Black,F,37,2.2,MW,-1.87,0.67202381,1
23106,White,F,42,3.8,MW,2.1,0.886904762,1
23108,White,M,34,3.6,MW,-1.87,0.767857143,1
23109,White,M,41,3.4,MW,-0.11,0.836309524,1
23110,White,M,40,3.7,MW,-1.78,0.852380952,1
23111,White,F,39,3.8,MW,-0.46,0.849404762,1
23112,White,M,39,3.6,MW,0.54,0.830357143,1
23113,White,F,39,3.4,MW,0.61,0.811309524,1
23115,White,F,47,3.3,MW,2.18,0.901785714,1
23117,White,M,38,3.4,MW,0.29,0.798809524,1
23118,White,F,35,3.6,MW,1.01,0.780357143,1
23119,White,M,38,3.5,MW,-1.3,0.808333333,1
23121,White,F,40,3.3,MW,0.24,0.814285714,1
23122,White,F,42,3.2,MW,-0.04,0.829761905,1
23124,White,M,35,4,MW,-0.28,0.818452381,1
23125,White,M,35,3.5,MW,-0.43,0.770833333,1
23126,White,M,38,3.3,MW,-0.71,0.789285714,1
23127,Asian,F,40,2.4,MW,-1.15,0.728571429,1
23128,White,F,38,3.7,MW,1.38,0.827380952,1
23129,White,M,46,3.4,MW,-1.65,0.898809524,1
23131,White,M,36,3.7,MW,1.9,0.802380952,1
23132,White,F,42,3.4,MW,1.13,0.848809524,1
23134,White,F,39,3.6,MW,1.21,0.830357143,1
23135,White,F,44,3.8,MW,1.21,0.911904762,1
23136,White,F,46,2.7,MW,0.81,0.832142857,1
23138,Black,M,34,2.7,MW,0.06,0.682142857,1
23140,White,F,42,3.5,SE,0.66,0.858333333,1
23141,White,M,45,3.7,SC,1.38,0.914880952,1
23142,Black,M,34,3.2,NE,-0.32,0.729761905,1
23143,White,F,40,3.3,NE,-0.84,0.814285714,1
23144,Black,F,37,3.2,NE,-1.69,0.767261905,1
23145,White,M,47,3.5,NE,0.15,0.920833333,1
23147,White,F,48,3.3,NE,-0.06,0.914285714,1
23148,White,M,48,3.4,GL,0.47,0.923809524,1
23149,White,F,37.3,3.7,NE,-1.04,0.818630952,1
23150,Asian,M,44,3.2,NE,-0.71,0.854761905,1
23151,White,F,40,3.7,NE,-1.96,0.852380952,1
23152,White,M,41,3.7,NE,-0.65,0.864880952,1
23153,White,F,45,3.6,SC,-0.12,0.905357143,1
23154,White,F,42,4,NE,1.2,0.905952381,1
23155,White,F,44,3.8,NE,-0.32,0.911904762,1
23156,White,F,47,3.4,NE,2.46,0.911309524,1
23157,White,M,42,3.6,NE,-1.43,0.867857143,1
23158,Hispanic,F,41,3.6,NE,-0.12,0.855357143,1
23159,Asian,F,37,3.8,NE,-1.04,0.824404762,1
23160,Puertorican,M,35,3.3,NE,-1.04,0.751785714,1
23161,White,M,39.5,3.4,NE,-1.3,0.817559524,1
23162,White,F,47,3.3,NE,0.02,0.901785714,1
23163,Black,M,37,3.4,MS,-0.52,0.786309524,1
23164,White,M,44,3.4,NE,-0.12,0.873809524,1
23165,White,F,46,3.5,NE,-0.45,0.908333333,1
23166,White,F,42,3.3,NE,0.47,0.839285714,1
23167,White,M,44,3.6,NE,1.2,0.892857143,1
23168,White,F,44,3.5,FW,2.65,0.883333333,1
23169,White,M,43,3.6,NE,0.21,0.880357143,1
23170,White,F,46,4,NE,-0.39,0.955952381,1
23171,White,F,48,3.5,NE,1.74,0.933333333,1
23172,White,M,46,3.5,NE,0.94,0.908333333,1
23173,White,M,42,3.7,NE,0.07,0.877380952,1
23174,White,M,43,3.3,NE,0.01,0.851785714,1
23175,White,F,43,3.6,NG,0.27,0.880357143,1
23176,White,F,43,3.3,GL,-0.25,0.851785714,1
23177,White,F,43,3.4,NE,-0.7,0.861309524,1
23179,White,F,41,3.6,NE,-0.77,0.855357143,1
23181,White,F,44,3.6,MW,-1.1,0.892857143,1
23182,White,F,47,3.3,MS,-0.65,0.901785714,1
23183,White,M,41,3.9,NE,0.35,0.883928571,1
23184,White,M,44,3.4,NE,-0.39,0.873809524,1
23185,Black,F,37,3.5,NE,-1.63,0.795833333,0
23186,White,M,45,3.7,NE,0.27,0.914880952,1
23187,White,M,42,3.6,NE,1.07,0.867857143,1
23189,Asian,M,41,3.7,NE,0.34,0.864880952,1
23190,Other,M,36,3,NE,-1.17,0.735714286,1
23191,White,F,43,3.7,GL,0.28,0.889880952,1
23192,White,M,43,3.3,NE,-0.12,0.851785714,1
23193,White,F,27.7,3.2,NG,-1.1,0.651011905,1
23194,White,M,43,3.6,NE,0.14,0.880357143,1
23195,White,F,42,3.8,NE,-0.05,0.886904762,1
23197,Asian,M,37,3.9,FW,-1.17,0.833928571,0
23198,White,F,43,3.5,FW,-0.58,0.870833333,1
23199,White,F,42,3.2,NE,-0.18,0.829761905,1
23200,Asian,F,39,4,NE,-0.58,0.868452381,1
23201,Black,M,33,3.1,NE,-1.56,0.707738095,1
23202,White,M,43,3.7,NE,0.08,0.889880952,1
23203,White,F,43,3.6,NE,-0.26,0.880357143,1
23204,White,F,43,3.6,NE,0.21,0.880357143,1
23206,White,F,46,3.5,NE,1.53,0.908333333,1
23207,White,F,41,3.4,NE,1,0.836309524,1
23208,White,F,42,3.5,FW,-0.32,0.858333333,1
23209,White,M,45,3.6,FW,0.87,0.905357143,1
23210,White,M,43,3.8,NE,-1.1,0.899404762,1
23211,White,F,44,3.6,NE,1.8,0.892857143,1
23212,Hispanic,M,35.5,3.4,NE,-0.84,0.767559524,1
23213,White,F,42,3.4,NE,0.14,0.848809524,1
23214,White,F,38,3.3,NG,-0.77,0.789285714,1
23215,White,F,42,3.9,NE,2.39,0.896428571,1
23216,Black,M,44,3,NE,-1.83,0.835714286,0
23217,Hispanic,M,35,3.6,NE,-0.32,0.780357143,1
23218,White,M,47,3.6,NE,-0.32,0.930357143,1
23219,White,F,46,3.7,NE,0.41,0.927380952,1
23220,White,F,43,3.7,NE,0.8,0.889880952,1
23221,Asian,F,41,3.8,NE,-0.84,0.874404762,0
23222,White,M,42,3.8,NE,0.41,0.886904762,1
23223,White,F,39,3.7,NE,-0.65,0.839880952,1
23224,White,M,45,3.6,NE,1.07,0.905357143,1
23225,White,M,44,3.2,NE,-1.1,0.854761905,1
23226,White,M,46,3.3,NE,-0.45,0.889285714,1
23227,White,F,42,3.5,NE,1.13,0.858333333,1
23228,White,M,44,3.5,NE,1.27,0.883333333,1
23229,White,M,42,3.5,NE,-0.52,0.858333333,1
23230,White,F,43,3.5,NE,0.67,0.870833333,1
23231,White,M,44,3.4,NE,-0.38,0.873809524,1
23232,White,F,41,3.7,FW,-0.51,0.864880952,1
23233,Asian,F,43,3.7,NE,-0.32,0.889880952,1
23234,White,F,44,3.7,NE,0.27,0.902380952,1
23235,White,F,43,3.6,NE,1.66,0.880357143,1
23236,Asian,M,41,3.5,NE,-1.1,0.845833333,0
23237,White,M,44,3.5,NE,-0.18,0.883333333,1
23238,White,F,43,4,NE,1.47,0.918452381,1
23239,White,M,43,3.9,NE,-0.57,0.908928571,1
23240,White,F,47,3.5,NE,0.48,0.920833333,1
23241,White,F,35,3.2,NE,-0.23,0.742261905,1
23242,White,M,33,3.3,GL,1.36,0.726785714,1
23243,White,F,38,3.4,GL,-0.25,0.798809524,1
23244,White,F,39,2.7,GL,-0.53,0.744642857,1
23245,White,M,37.5,3.2,GL,-0.8,0.773511905,1
23246,White,F,36,3.8,NG,0.72,0.811904762,1
23247,White,F,37,3.1,GL,-0.25,0.757738095,1
23248,White,M,47,3.2,MS,0.06,0.892261905,1
23249,White,F,34,3.6,GL,-0.69,0.767857143,1
23250,White,M,39,3.2,SE,-0.29,0.792261905,1
23251,White,F,44,2.8,NE,0.65,0.816666667,1
23252,White,F,33,3.3,NE,-0.69,0.726785714,1
23253,White,M,36,3.7,GL,0.13,0.802380952,1
23255,White,F,37,3.4,NE,-0.03,0.786309524,1
23256,White,F,37,2.9,NE,0.59,0.738690476,1
23257,White,M,29,3.8,GL,-1.06,0.724404762,1
23258,White,F,38,3.8,NE,1.12,0.836904762,1
23259,White,F,37,3.2,GL,-0.27,0.767261905,1
23260,White,F,41,2.6,GL,-0.69,0.760119048,1
23261,White,F,40,3.8,FW,0.96,0.861904762,1
23262,White,M,30.5,3.7,NE,0.1,0.733630952,1
23263,White,M,42,3.9,GL,1.09,0.896428571,1
23264,White,F,43,2.6,GL,1.14,0.785119048,1
23265,White,M,38,3,GL,-0.05,0.760714286,1
23266,White,F,40,3,NE,-0.03,0.785714286,1
23267,White,M,36,3.2,FW,1.4,0.754761905,1
23268,White,F,41,3.6,GL,1.56,0.855357143,1
23269,White,F,36,3.6,GL,1.18,0.792857143,1
23270,White,F,40,2.7,NG,1.05,0.757142857,1
23272,White,M,37,4,GL,2.33,0.843452381,1
23273,White,M,39,3.5,GL,0.02,0.820833333,1
23275,White,F,40,2.7,NE,-0.38,0.757142857,1
23276,White,F,42,3.4,GL,-0.12,0.848809524,1
23277,White,F,38,3.4,GL,-1.48,0.798809524,1
23279,White,F,32,3.5,GL,-0.86,0.733333333,1
23280,White,F,41,2.7,GL,-0.56,0.769642857,1
23281,White,M,36.5,3.2,NG,-1.35,0.761011905,1
23282,White,M,33,3.6,GL,-0.62,0.755357143,1
23283,White,F,33,3.4,NE,-1.41,0.736309524,0
23284,White,F,40,3.6,GL,-1.52,0.842857143,1
23285,White,F,35,3.7,GL,1.38,0.789880952,1
23286,White,F,40,3,GL,-0.07,0.785714286,1
23287,White,F,39,3,GL,0.48,0.773214286,1
23288,White,F,38,3,GL,1.14,0.760714286,1
23289,White,M,37,3.1,GL,-1.15,0.757738095,1
23290,White,F,44,3,SC,1.47,0.835714286,1
23291,White,F,34,3.4,GL,-1.22,0.748809524,1
23292,White,F,39,3.3,GL,0.35,0.801785714,1
23293,White,M,40,3.7,GL,0.39,0.852380952,1
23294,White,F,42,3.3,GL,-0.75,0.839285714,1
23295,White,F,37,3.1,GL,0.7,0.757738095,1
23296,White,F,38.5,3.2,GL,0.08,0.786011905,1
23297,White,M,35,3.5,GL,0.48,0.770833333,1
23298,White,M,37.3,3.5,GL,0.17,0.799583333,1
23299,Asian,M,39,3.2,MS,-0.23,0.792261905,1
23300,White,M,39,2.9,GL,-0.84,0.763690476,1
23301,White,M,42,3.5,NE,1.89,0.858333333,1
23302,White,M,42,3.9,GL,1.75,0.896428571,1
23303,White,F,38,3.4,GL,-1.55,0.798809524,0
23304,White,M,37,3.4,NE,0.98,0.786309524,1
23305,White,M,32,3.8,GL,-0.14,0.761904762,1
23308,White,M,42,2.7,NG,-0.51,0.782142857,0
23309,White,F,40,3.1,MS,-0.03,0.795238095,1
23311,White,F,22,3.6,GL,-0.51,0.617857143,1
23312,White,F,38,3.2,NE,-1.04,0.779761905,1
23313,Black,M,32,2.7,GL,-1.77,0.657142857,1
23314,White,F,41,3.5,GL,-0.6,0.845833333,1
23315,White,M,38,3.4,GL,1.34,0.798809524,1
23317,White,F,42,2.8,GL,0.13,0.791666667,1
23318,White,M,38,3.8,GL,0.21,0.836904762,1
23319,White,F,45,3.1,GL,2.39,0.857738095,1
23320,White,F,37,3.3,GL,-0.58,0.776785714,1
23321,White,M,36,3.2,GL,-0.29,0.754761905,1
23322,White,M,39,3.9,GL,0.61,0.858928571,1
23324,White,F,39.5,3.1,GL,1.14,0.788988095,1
23325,White,F,32,2.8,NE,0.22,0.666666667,1
23326,White,M,33,3.2,NE,0.46,0.717261905,1
23327,White,F,34,2.9,NE,-0.17,0.701190476,1
23328,White,F,31.3,3,NE,-2.13,0.676964286,1
23329,White,F,36,2.8,NE,-0.03,0.716666667,1
23330,White,M,30.5,3.2,NE,-0.12,0.686011905,1
23331,White,M,36,2.9,NE,-1.28,0.726190476,1
23332,White,F,31,3.2,NE,0.94,0.692261905,1
23333,White,F,29,3.8,NE,0.82,0.724404762,1
23334,White,M,27.5,3.6,NE,2.1,0.686607143,1
23335,White,F,24,2.6,NE,-0.53,0.547619048,1
23336,White,F,37,3.2,NE,-0.46,0.767261905,1
23337,White,F,30,2.7,NE,0.14,0.632142857,1
23338,White,F,34,2.8,NE,1.62,0.691666667,1
23339,White,F,34,3.2,NE,0.6,0.729761905,1
23340,White,F,32.7,3.1,NE,0.1,0.703988095,1
23343,White,M,28.5,3.2,NE,-0.34,0.661011905,1
23344,White,F,37,3.1,NE,1.11,0.757738095,1
23345,White,F,26.5,3.8,SE,-1.19,0.693154762,1
23346,White,M,29,3,NE,-1.38,0.648214286,0
23347,White,F,35,2.9,NE,-0.24,0.713690476,1
23348,White,F,29,3.4,NE,0.51,0.686309524,0
23350,White,F,31.5,2.9,NE,0.82,0.669940476,1
23351,White,F,37,3,NE,0.14,0.748214286,1
23352,White,F,36,2.4,MS,1.11,0.678571429,1
23353,White,M,38,2.8,NE,0.26,0.741666667,1
23354,White,F,28,3.4,NE,-0.05,0.673809524,1
23356,White,F,33,2.4,NE,0,0.641071429,1
23357,White,M,34,3.4,NE,0.89,0.748809524,1
23358,White,F,29,3.4,NE,-1.19,0.686309524,1
23359,White,F,33,3,NE,0.17,0.698214286,1
23360,White,M,40,2.8,NE,-0.39,0.766666667,1
23361,White,M,28.5,3.1,NE,-0.39,0.651488095,1
23362,White,F,29,2.8,NE,-0.22,0.629166667,1
23363,White,F,32,3.1,NE,0.92,0.695238095,1
23364,White,F,31,3.3,NE,-0.24,0.701785714,1
23365,White,M,36,3,NE,-1.28,0.735714286,1
23366,White,F,37,2.6,NE,1.4,0.710119048,1
23367,White,F,38,2.6,NE,-0.07,0.722619048,1
23369,White,F,30.5,2.7,NE,0,0.638392857,1
23370,Hispanic,F,32.5,2.8,NE,-0.05,0.672916667,1
23371,White,M,30,3.2,NE,0.19,0.679761905,1
23372,White,M,35,3.1,NE,0.53,0.732738095,1
23373,White,M,32,3.1,NE,1.04,0.695238095,1
23374,White,M,32,3.5,NE,-0.56,0.733333333,1
23375,White,M,35,3.1,NE,1.09,0.732738095,1
23377,White,F,33,3,NE,1.76,0.698214286,1
23378,White,M,31,3.3,NE,-1.02,0.701785714,0
23379,White,F,33,3.1,NE,0.41,0.707738095,1
23381,White,F,31.5,3.2,NE,1.11,0.698511905,1
23382,White,F,39,2.8,NE,-0.32,0.754166667,1
23383,White,F,35,2.9,NE,0.92,0.713690476,1
23384,White,F,33.5,2.6,NE,-1.31,0.666369048,1
23386,White,F,38,3.2,NE,1.45,0.779761905,1
23387,White,F,38,3,NE,0.36,0.760714286,1
23389,White,F,37,3.3,NE,-0.82,0.776785714,1
23390,Other,M,25,3.3,NE,-1.45,0.626785714,1
23391,White,M,43,3.1,NE,2.08,0.832738095,1
23392,White,F,33,3.3,NE,0.87,0.726785714,1
23393,White,F,32.5,3.5,NE,1.47,0.739583333,1
23395,White,F,39,2.7,MS,1.67,0.744642857,1
23396,White,M,37,4,NE,-0.27,0.843452381,0
23399,White,F,42,2.9,NE,0.1,0.801190476,1
23400,White,F,35,3.8,NE,-0.1,0.799404762,1
23401,White,F,33,3.4,NE,0.07,0.736309524,1
23402,White,F,38,2.5,NE,1.11,0.713095238,1
23403,White,F,30.5,2.3,NE,-0.39,0.600297619,1
23404,White,M,37.5,2.6,NE,0.29,0.716369048,1
23406,White,F,34,3.2,NE,0.48,0.729761905,1
23407,White,F,34,2.4,NE,0.46,0.653571429,0
23409,White,M,37,2.6,NE,0.05,0.710119048,1
23410,White,F,37,3.3,NE,1.28,0.776785714,1
23411,White,F,37,2.8,NE,-0.32,0.729166667,1
23412,White,F,41,2.7,MS,1.55,0.769642857,1
23413,White,M,30,3.4,NE,0.55,0.698809524,0
23414,White,F,32,3.1,NE,0.58,0.695238095,1
23415,White,F,35,2.8,MS,-1.72,0.704166667,0
23416,White,M,37,2.2,NE,-0.8,0.67202381,1
23418,Asian,F,32.5,3,NE,-0.19,0.691964286,1
23419,White,F,29.7,2.8,NE,0.63,0.637916667,1
23420,White,M,29,3.6,NE,-0.1,0.705357143,1
23421,White,M,31,3.1,NE,-0.56,0.682738095,1
23422,White,F,32,3.3,NE,-0.34,0.714285714,1
23424,White,F,34,3,NE,2.42,0.710714286,1
23425,White,M,32,3.1,NE,-0.34,0.695238095,0
23427,White,F,32,3.1,NE,-0.24,0.695238095,1
23428,White,F,30,3.4,NE,0.05,0.698809524,1
23429,White,M,36,2.9,NE,0.19,0.726190476,1
23430,White,F,31,2.7,NE,-0.03,0.644642857,1
23431,White,F,37,2.6,NE,1.93,0.710119048,1
23432,White,M,26.5,2.8,NE,-0.12,0.597916667,1
23433,White,F,28,3.7,NE,0.97,0.702380952,1
23434,White,F,39,2,NE,-0.15,0.67797619,1
23435,White,F,21.5,3.2,NE,-0.27,0.573511905,1
23437,White,F,25,3.2,NE,-0.68,0.617261905,1
23438,White,F,37,2,NE,-1.23,0.65297619,1
23439,Hispanic,F,32,3.4,NE,0.02,0.723809524,1
23440,White,F,36,3.3,NE,-0.17,0.764285714,1
23442,White,M,34,3.7,NE,0.62,0.777380952,1
23443,White,F,36,3.5,NE,0.2,0.783333333,1
23444,White,M,42,3.7,NE,0.81,0.877380952,1
23445,Asian,M,28.5,3.5,NE,-1.04,0.689583333,1
23447,White,M,36,3.7,NE,1.04,0.802380952,1
23448,White,F,46,3.4,NE,0.2,0.898809524,1
23449,White,F,36.5,3.1,NG,0.52,0.751488095,1
23450,White,F,37,3.2,NE,1.93,0.767261905,1
23451,White,M,35,3.7,NE,0.14,0.789880952,1
23452,White,F,42,2.9,NE,0.77,0.801190476,1
23453,White,F,33,3.4,NE,-0.19,0.736309524,1
23454,White,F,37,3.2,NE,-1.08,0.767261905,1
23455,White,M,41,3.6,NE,0.52,0.855357143,1
23457,White,M,42,3.5,NE,0.43,0.858333333,1
23458,White,M,45,3.5,NE,0,0.895833333,1
23459,White,M,37,3.3,NE,-0.36,0.776785714,1
23460,White,F,36,3.4,NG,-0.29,0.773809524,1
23461,Asian,M,31.5,3.1,NE,-0.4,0.688988095,1
23463,White,M,37,3.3,NE,-0.48,0.776785714,1
23464,White,M,37,3.3,NE,0,0.776785714,1
23465,White,F,41,3.1,NE,1.53,0.807738095,1
23466,White,F,38,3.3,NG,0.47,0.789285714,1
23467,White,F,37,2.9,NE,1.28,0.738690476,1
23470,White,M,38,3.2,NE,-1.13,0.779761905,1
23472,White,F,30,3.7,NE,-0.59,0.727380952,1
23473,White,F,41,3.3,NE,-0.07,0.826785714,1
23475,White,M,40,3,NG,0.2,0.785714286,1
23476,White,F,35,3.4,NE,0.47,0.761309524,1
23477,White,M,45,3.2,NE,-0.57,0.867261905,1
23480,White,M,34,3.3,NE,0.35,0.739285714,1
23482,White,F,38,3.2,NE,-0.29,0.779761905,1
23483,White,M,43,3,NE,0.91,0.823214286,1
23484,White,F,37,2.8,Mt,0.56,0.729166667,1
23485,White,F,41,3.3,NE,0.47,0.826785714,1
23486,White,F,39,3.1,NE,1.33,0.782738095,1
23487,White,M,34,3.3,NE,-1.31,0.739285714,1
23488,White,F,43,4,NE,0.22,0.918452381,1
23489,White,M,40,3,NG,0.97,0.785714286,1
23490,White,F,37,3.5,NE,-0.61,0.795833333,0
23491,White,M,41,3.7,NE,2.1,0.864880952,1
23492,White,F,35,3.3,NE,0.27,0.751785714,1
23494,White,M,38,3.4,NE,-0.36,0.798809524,1
23495,White,F,37,2.6,NE,1.16,0.710119048,1
23496,White,F,26,3.6,NE,-0.17,0.667857143,1
23497,Black,M,29,2.8,NE,-1.89,0.629166667,1
23498,White,M,36,3.1,NE,0.12,0.745238095,1
23499,White,M,31,3.9,NE,0.37,0.758928571,1
23500,White,M,42,3.4,NE,-0.11,0.848809524,1
23501,White,F,36,3.1,NE,-1.23,0.745238095,1
23502,Other,M,29,3.1,NE,-0.32,0.657738095,1
23503,White,F,36,3.3,NE,0.45,0.764285714,1
23506,White,F,36,3.2,NE,-0.02,0.754761905,1
23508,White,M,36,2.5,NE,0.08,0.688095238,1
23510,White,M,36,3.9,NE,1.99,0.821428571,1
23511,White,F,42,3,NE,1.24,0.810714286,1
23512,White,F,38,2.9,NE,0.39,0.751190476,1
23513,White,F,42,3.1,NG,1.45,0.820238095,1
23514,White,F,36,3.2,NE,-0.77,0.754761905,1
23515,White,M,38,3.4,NE,-0.21,0.798809524,1
23516,White,F,41,2.6,SE,1.04,0.760119048,1
23517,White,F,41,3.5,SE,-0.57,0.845833333,1
23518,White,M,33,3.6,NG,-0.13,0.755357143,1
23519,Asian,F,33,3.5,NE,0.16,0.745833333,1
23520,White,M,35,3.3,NE,-1.29,0.751785714,1
23521,White,F,40,3.4,NE,1.85,0.823809524,1
23522,White,M,37,3.3,SE,-1.46,0.776785714,1
23525,White,F,41,2.9,NE,0.1,0.788690476,1
23526,White,F,36,3.4,NE,-0.34,0.773809524,1
23527,White,M,38,3.4,NE,0.1,0.798809524,1
23528,White,M,38,3.4,NE,0.66,0.798809524,1
23531,Asian,F,23,3.6,NE,-1.52,0.630357143,1
23532,White,F,36,3,NE,-0.71,0.735714286,1
23533,White,F,35,3.4,NE,-0.17,0.761309524,1
23534,White,F,39,2.9,NE,-0.69,0.763690476,1
23535,White,M,40,3.6,NG,0.93,0.842857143,1
23536,Black,M,24,2.8,NE,-1.08,0.566666667,1
23537,White,M,33,3.8,NE,0.7,0.774404762,1
23538,White,F,36,3.1,NE,-0.34,0.745238095,1
23539,White,F,39,3.2,NG,0.49,0.792261905,1
23540,White,F,45,3.1,NE,0.87,0.857738095,1
23541,White,F,37,3.5,NE,0,0.795833333,1
23542,White,F,43,3.5,NE,2.32,0.870833333,1
23543,White,M,36,3.4,NE,1.37,0.773809524,1
23544,Other,F,26.5,3.8,NE,0.35,0.693154762,1
23545,White,M,32,2.9,NG,-0.82,0.676190476,1
23546,White,M,26.5,3.2,NE,1.18,0.636011905,1
23548,White,M,31,3.6,NE,-2.18,0.730357143,1
23550,White,M,35,2.5,MS,0.51,0.675595238,0
23551,White,M,34,3.5,NE,0.1,0.758333333,1
23552,White,M,40,3.8,MS,1.72,0.861904762,1
23553,White,F,33,3.4,NE,-0.07,0.736309524,1
23554,White,F,40,2.5,NE,-0.24,0.738095238,1
23555,White,M,44,2.6,MS,1.96,0.797619048,1
23556,White,F,33,3.2,NE,-0.8,0.717261905,1
23557,White,F,36,2.1,NE,-0.19,0.65,0
23558,White,M,29,3.2,NE,0.41,0.667261905,1
23560,White,M,28,3.7,MS,-0.58,0.702380952,1
23561,White,F,39,2.9,NE,0.58,0.763690476,1
23562,White,F,27,2.4,NE,-1.11,0.566071429,0
23563,White,F,37,3.2,SE,1.38,0.767261905,1
23564,White,M,26.5,3.8,NE,0.24,0.693154762,1
23565,White,M,32,2.8,NE,0.6,0.666666667,1
23566,White,M,34,2.2,NE,0.26,0.63452381,1
23568,White,M,32.5,2.3,NE,-0.51,0.625297619,1
23570,White,F,35,1.9,MS,-0.82,0.618452381,0
23571,White,F,35,2.4,NE,-2.15,0.666071429,1
23572,White,F,34,3.5,NE,-0.34,0.758333333,0
23575,White,F,31.5,2.5,NE,-0.75,0.631845238,1
23576,Puertorican,F,29,3.3,MS,0.97,0.676785714,1
23577,White,F,35,2.9,NE,-0.53,0.713690476,1
23579,White,M,35.5,3.3,NE,0.17,0.758035714,1
23580,White,M,35,3.6,MS,0.68,0.780357143,1
23582,White,F,39,3.1,MS,-1.36,0.782738095,0
23583,White,M,27,3.4,NE,-0.03,0.661309524,1
23584,White,M,33,2.7,NE,-1.43,0.669642857,0
23585,White,F,41,1.9,MS,-1.79,0.693452381,0
23586,White,F,37,3,NE,-0.05,0.748214286,1
23587,White,F,35,3.7,NE,1.93,0.789880952,1
23588,White,M,41,2.4,MS,0.97,0.741071429,1
23589,White,F,39,2.9,NE,-0.03,0.763690476,1
23590,White,F,24,3,NE,-1.04,0.585714286,0
23591,White,M,38,3.7,MS,1.28,0.827380952,1
23594,White,F,37,3.3,NE,-0.34,0.776785714,1
23595,White,M,35,2.7,MS,0.48,0.694642857,0
23596,White,F,40,3.9,NE,1.74,0.871428571,1
23599,White,M,29,3.6,MS,0.05,0.705357143,1
23600,White,F,41,2.3,MS,0.12,0.731547619,1
23601,White,F,38,2.7,NE,1.35,0.732142857,1
23602,White,M,37,3,MS,-0.94,0.748214286,1
23603,White,F,36,3,FW,1.13,0.735714286,1
23604,White,F,30,3.3,NE,-0.32,0.689285714,1
23605,White,M,33,3.8,NE,0.53,0.774404762,1
23606,White,F,46,3.2,MS,1.21,0.879761905,1
23607,White,F,36,2.9,NE,-1.26,0.726190476,1
23608,White,M,22,3.8,NE,-1.21,0.636904762,0
23609,White,F,41,2.1,NE,0.92,0.7125,1
23610,White,M,33,3.2,NE,-0.65,0.717261905,1
23613,White,F,32,2.3,NG,-0.85,0.619047619,1
23615,White,M,39,3.2,NE,0.22,0.792261905,1
23617,White,M,33.5,2.9,SC,-1.43,0.694940476,0
23618,White,M,38,3.1,NE,-0.07,0.770238095,1
23619,White,F,34,3,NE,0.07,0.710714286,1
23620,White,F,29,3.6,NE,-0.99,0.705357143,1
23622,White,F,31.5,2.7,NE,0.07,0.650892857,1
23623,White,F,27,2.2,NE,-1.81,0.54702381,1
23624,White,F,30,3.6,NE,0.75,0.717857143,1
23625,White,M,36,3,NE,0.7,0.735714286,1
23627,White,F,32,3.3,NE,-0.75,0.714285714,1
23628,White,F,35,2.9,NE,-0.51,0.713690476,0
23629,White,M,31,2.8,NE,-1.38,0.654166667,1
23630,White,F,35,3.3,NE,0.12,0.751785714,1
23631,White,M,29,3.9,NE,2.1,0.733928571,1
23632,White,M,29,2.7,NE,-0.24,0.619642857,1
23633,White,F,31.5,3,NE,0.17,0.679464286,1
23634,White,F,33,3.1,NE,1.21,0.707738095,1
23635,White,F,34,3.1,NE,0.82,0.720238095,1
23636,White,F,32.5,3.4,NE,0.34,0.730059524,1
23637,White,M,35,3.1,NE,-1.02,0.732738095,1
23638,White,M,35,3.1,NE,0.07,0.732738095,1
23639,White,F,34,3.1,NE,0.87,0.720238095,1
23640,White,M,33,3.3,NE,-1.36,0.726785714,1
23641,White,F,37,2.8,Mt,0.1,0.729166667,1
23644,Black,M,27,2.6,NE,-0.99,0.585119048,0
23647,White,F,35,2.5,NE,1.06,0.675595238,1
23648,Other,M,29,3.2,NE,-1.21,0.667261905,1
23649,White,M,35,2.7,NE,-0.03,0.694642857,1
23650,White,M,22.5,2.2,NE,-1.57,0.49077381,0
23651,White,F,34,3.1,MS,0.75,0.720238095,1
23653,White,F,39,3,NE,1.33,0.773214286,1
23654,White,F,35,2.9,NE,0,0.713690476,1
23655,White,M,37,3.2,NE,0.14,0.767261905,1
23656,White,M,32,3.2,NE,-1.07,0.704761905,1
23657,White,M,29,3.5,NE,0.36,0.695833333,1
23658,White,M,36,3.2,NE,0.46,0.754761905,1
23659,White,M,35,2.7,NE,0.43,0.694642857,1
23660,White,F,34,3,NE,-0.05,0.710714286,1
23662,White,F,30.5,3.5,NE,-0.63,0.714583333,1
23663,White,M,35,2.9,NE,0.19,0.713690476,1
23664,White,F,32,3.4,NE,-0.65,0.723809524,1
23667,White,F,34,3.2,NE,-0.41,0.729761905,0
23668,White,M,37,2.9,NE,-0.7,0.738690476,1
23669,White,F,35,3,NE,0.1,0.723214286,1
23670,White,M,38,2.1,NE,-2.18,0.675,0
23671,White,M,29,2.3,NE,-0.61,0.581547619,1
23672,White,F,40,2.8,NE,-0.46,0.766666667,1
23673,White,F,36,2.9,NE,-0.05,0.726190476,1
23674,Mexican,M,30,3.1,MS,-0.46,0.670238095,0
23675,White,M,30,3.5,SE,-1.04,0.708333333,0
23676,White,M,34,3,NE,0.6,0.710714286,1
23678,White,F,33,2.9,NE,-0.03,0.688690476,1
23679,White,F,27,2.7,NE,0.1,0.594642857,1
23680,White,M,34,3.2,NE,0.31,0.729761905,1
23681,Other,F,32.5,2.6,NE,0.41,0.653869048,1
23682,White,F,32,2.1,NE,0.48,0.6,1
23683,White,M,33,3.2,NE,-0.39,0.717261905,1
23684,White,F,37,2.9,MS,1.35,0.738690476,1
23685,White,F,30,3.2,MS,-0.03,0.679761905,1
23687,White,M,22.5,2.7,MS,-1.65,0.538392857,0
23688,White,F,34.5,3.2,NE,0.17,0.736011905,1
23689,White,F,39,2.9,NE,2.01,0.763690476,1
23690,White,F,33,2.8,NE,0.97,0.679166667,1
23691,White,F,29,2.4,NE,-1.86,0.591071429,1
23692,White,F,35,3.1,NE,-0.39,0.732738095,1
23693,White,M,31,3.5,NE,1.26,0.720833333,1
23694,White,M,34,3.4,NE,-0.19,0.748809524,1
23695,White,M,35,2.6,NE,-1.55,0.685119048,1
23696,White,M,31,3.6,NE,1.3,0.730357143,1
23697,White,M,37,3.7,NE,0.46,0.814880952,1
23698,White,F,39,2.7,MW,1.26,0.744642857,1
23699,White,F,37,2.5,NE,-0.29,0.700595238,1
23700,White,F,36,2.4,MS,0.6,0.678571429,1
23701,White,F,33,3.1,NE,-1.65,0.707738095,1
23702,White,M,30,3.6,NE,1.06,0.717857143,1
23704,White,F,28,3.2,NE,0.51,0.654761905,1
23705,White,F,30.5,3.1,NE,-0.53,0.676488095,1
23707,White,M,33,3.6,NE,2.13,0.755357143,1
23708,White,M,38,2.8,NE,-0.82,0.741666667,1
23709,White,F,30,3,MS,-0.1,0.660714286,0
23710,White,F,35,3.2,NE,0.99,0.742261905,1
23711,White,F,34,3.1,MS,1.28,0.720238095,1
23712,White,M,35,2.9,NG,-0.05,0.713690476,1
23713,White,M,40,3.2,NE,2.22,0.804761905,1
23714,White,F,36,2.8,NE,-0.65,0.716666667,1
23715,White,M,31,3.6,NE,0.58,0.730357143,1
23716,White,F,31,3.2,NE,0.58,0.692261905,1
23717,White,F,35,2.7,NE,-0.03,0.694642857,1
23718,White,F,40,3,GL,-0.07,0.785714286,1
23719,White,M,42,3.8,GL,-0.16,0.886904762,1
23720,White,F,37,3.4,GL,-0.32,0.786309524,1
23721,White,M,42,4,GL,1.88,0.905952381,1
23723,White,M,32,3.4,GL,-0.87,0.723809524,1
23724,White,F,36,3.5,GL,0.33,0.783333333,1
23725,White,F,35,3.3,GL,0.12,0.751785714,1
23726,White,F,36,3.8,GL,0.94,0.811904762,1
23727,White,M,41,3,GL,-0.07,0.798214286,1
23728,White,F,36,3.2,GL,0.66,0.754761905,1
23730,White,F,36,3.5,GL,0.58,0.783333333,1
23731,White,F,38,3.8,GL,0.07,0.836904762,1
23732,Black,F,42,2.8,GL,-1.1,0.791666667,0
23735,White,M,36,3.2,GL,1.02,0.754761905,1
23736,White,F,37,3.2,GL,-0.64,0.767261905,1
23737,White,F,37,3.6,GL,0.62,0.805357143,1
23738,White,F,33.5,3.7,GL,0.77,0.771130952,1
23739,White,F,41,2.8,SE,0.81,0.779166667,1
23740,White,F,35,3.5,GL,0.75,0.770833333,1
23741,White,F,39,3.9,GL,0.64,0.858928571,1
23742,White,F,33,3.6,GL,-0.05,0.755357143,1
23743,White,M,37,3.5,GL,-0.43,0.795833333,1
23744,White,F,32,3.6,GL,0.03,0.742857143,1
23745,White,F,35.5,3.7,GL,0.79,0.796130952,1
23747,White,M,38,3,GL,-0.51,0.760714286,1
23748,White,F,32,3.8,GL,-0.14,0.761904762,1
23749,White,F,40,3.6,GL,0.41,0.842857143,1
23750,White,M,37,3.2,GL,-0.2,0.767261905,1
23751,White,F,35,3.5,GL,-1.23,0.770833333,0
23752,White,F,34,3.1,GL,-0.81,0.720238095,1
23753,White,F,34,3.6,GL,0.45,0.767857143,1
23755,White,F,36,2.9,GL,0.35,0.726190476,1
23756,White,F,40,2.7,GL,-0.24,0.757142857,1
23757,White,F,39,3.6,GL,1.61,0.830357143,1
23758,White,M,39,2.9,GL,-0.16,0.763690476,1
23759,White,F,38,3,GL,-0.45,0.760714286,1
23760,White,M,40,3.1,GL,0.26,0.795238095,1
23761,White,F,44,3.6,GL,2.18,0.892857143,1
23762,White,F,35,3.9,GL,0.2,0.808928571,1
23763,White,M,29,2.5,NE,1.02,0.600595238,1
23764,White,F,35.5,3.2,GL,-1.06,0.748511905,1
23765,White,F,39,2.7,GL,-0.96,0.744642857,1
23766,White,M,41,2.7,GL,0.73,0.769642857,1
23767,White,F,42,3.2,GL,0.9,0.829761905,1
23768,Asian,M,35.5,3,GL,0.66,0.729464286,1
23770,White,F,48,3.5,GL,1.02,0.933333333,1
23771,White,F,42,3.1,GL,1.42,0.820238095,1
23772,White,F,34,3.6,GL,-1.63,0.767857143,1
23774,White,M,37,3.4,GL,-0.77,0.786309524,1
23775,White,M,32,3.7,GL,0.83,0.752380952,1
23776,White,M,39,3.5,GL,0.29,0.820833333,1
23777,White,M,32.5,3.4,GL,-0.6,0.730059524,1
23779,White,M,34,3.5,GL,0.31,0.758333333,1
23780,White,F,35,3.4,GL,0.54,0.761309524,1
23782,White,M,36,3.6,GL,-0.03,0.792857143,1
23784,White,F,38,3.2,GL,1,0.779761905,1
23785,White,F,37,3.1,GL,-0.28,0.757738095,1
23786,White,F,35,3.6,GL,1.4,0.780357143,1
23787,White,F,38,3.1,GL,0.92,0.770238095,1
23789,Black,F,33,3.5,GL,0.2,0.745833333,1
23791,White,F,35,3.5,GL,-0.89,0.770833333,1
23792,White,F,39,3,GL,-0.39,0.773214286,0
23793,White,F,32.5,3.1,GL,0.85,0.701488095,1
23794,White,M,41,3.3,GL,0.62,0.826785714,1
23795,White,F,34,3.2,GL,-0.45,0.729761905,1
23796,White,F,38,3.4,GL,2.16,0.798809524,1
23797,White,M,36,3.4,GL,0.71,0.773809524,0
23798,White,M,33,3.4,GL,-1.4,0.736309524,1
23799,White,M,33,3.6,GL,-0.24,0.755357143,1
23800,White,M,35,3.6,GL,1.25,0.780357143,1
23802,White,M,38,3.2,GL,-0.16,0.779761905,1
23803,White,M,36,3.7,GL,-0.05,0.802380952,1
23804,White,M,36,3.5,GL,0.71,0.783333333,1
23805,White,M,36,3.2,GL,-0.45,0.754761905,1
23806,White,F,39,3.2,Mt,0.52,0.792261905,1
23807,White,M,38,3.2,GL,-0.01,0.779761905,1
23808,White,F,45,3.2,GL,0.31,0.867261905,0
23809,White,M,39,3.2,GL,0.68,0.792261905,1
23811,White,F,34,3.4,GL,0.58,0.748809524,1
23813,White,M,34,3.8,GL,-0.79,0.786904762,1
23814,White,F,36,3.2,GL,1.36,0.754761905,1
23815,White,F,45,2.9,GL,1.42,0.838690476,1
23816,White,F,47,3,GL,-0.18,0.873214286,1
23817,White,M,35,3.7,GL,0.52,0.789880952,1
23819,White,M,34,3.6,GL,0.5,0.767857143,1
23820,White,M,36,2.9,GL,1.02,0.726190476,1
23821,White,F,36,2.9,GL,-1.63,0.726190476,1
23822,White,M,44,3.8,GL,2.16,0.911904762,1
23824,White,M,32,3.8,MS,-0.03,0.761904762,1
23825,White,F,34,3.5,GL,0.68,0.758333333,1
23826,White,F,36,3.5,GL,-0.87,0.783333333,0
23827,White,F,38,3.2,GL,0.33,0.779761905,1
23830,White,M,31,3.8,GL,0.14,0.749404762,1
23831,White,F,42,2.6,GL,1.21,0.772619048,1
23832,White,M,41,3.7,GL,0.01,0.864880952,1
23833,White,M,39,3.3,GL,-1.92,0.801785714,1
23834,White,F,41,3.1,GL,0.24,0.807738095,0
23835,Black,M,24.7,2.9,GL,-0.45,0.584940476,0
23836,White,M,43,2.8,MS,1.46,0.804166667,1
23838,White,F,30,3,GL,-2.01,0.660714286,1
23839,White,F,35,3.1,GL,-0.93,0.732738095,0
23841,White,M,30,3.7,GL,-0.93,0.727380952,1
23842,White,M,30,3.6,GL,0.45,0.717857143,1
23843,White,F,37,2.2,GL,-1.29,0.67202381,0
23844,White,F,40,3,GL,1.25,0.785714286,1
23845,White,F,36,3.4,GL,0.14,0.773809524,1
23846,White,M,44,3.1,GL,-0.37,0.845238095,0
23848,White,F,38,3.3,GL,-0.32,0.789285714,0
23849,White,F,34,3.2,GL,0.66,0.729761905,1
23850,White,M,34,3.7,GL,-0.24,0.777380952,1
23851,White,F,38,3.1,GL,1.15,0.770238095,1
23852,White,F,40,2.8,GL,0.26,0.766666667,1
23854,White,F,40,2.9,GL,0.56,0.776190476,1
23856,White,M,39,3.4,GL,-0.56,0.811309524,1
23857,White,F,34,3.6,GL,0.05,0.767857143,1
23858,White,F,31,3.7,SE,-1.08,0.739880952,1
23859,White,M,36,3.7,GL,0.41,0.802380952,1
23860,White,M,43,4,GL,2.3,0.918452381,1
23861,White,F,37,3.3,GL,-0.7,0.776785714,1
23862,White,F,34,3.5,GL,-0.66,0.758333333,1
23864,White,M,36,3.4,GL,0.01,0.773809524,1
23865,White,F,43,3.4,GL,1.08,0.861309524,1
23866,White,F,37.5,2.8,GL,1.13,0.735416667,1
23869,White,M,36,3.6,GL,0.14,0.792857143,1
23871,White,M,35,3.6,GL,-0.32,0.780357143,1
23873,Black,M,23,2.9,GL,-1.44,0.563690476,1
23874,White,M,41,3.1,GL,-0.56,0.807738095,1
23875,White,M,33,3.8,GL,-0.93,0.774404762,0
23876,Mexican,F,31,2.8,GL,-0.41,0.654166667,1
23877,White,M,33,3.6,GL,-0.47,0.755357143,1
23878,White,M,40,3.5,GL,-1.21,0.833333333,0
23879,White,M,33,3.8,GL,0.56,0.774404762,1
23880,Black,M,29,3.6,SE,-1.73,0.705357143,0
23881,Amerindian,F,42,2.2,GL,1.48,0.73452381,1
23882,White,F,39,2.8,GL,-0.37,0.754166667,1
23883,White,F,36,3.8,GL,-0.03,0.811904762,1
23884,White,M,36,3.6,GL,1.84,0.792857143,1
23885,White,M,43,2.8,GL,0.66,0.804166667,1
23886,White,M,41,3.5,FW,1.26,0.845833333,1
23888,White,F,48,3.4,FW,2.85,0.923809524,1
23889,White,F,44,3.8,NE,0.74,0.911904762,1
23890,White,F,48,3.5,NE,-1.17,0.933333333,0
23891,White,M,35,3.3,NE,-0.65,0.751785714,1
23892,White,M,42,3.7,NE,-0.97,0.877380952,1
23893,White,F,44,3.8,SE,0.6,0.911904762,1
23895,White,F,46,3.6,NE,0.66,0.917857143,1
23896,White,F,47,3.7,NE,-0.11,0.939880952,1
23897,White,F,41,3.5,NE,-0.32,0.845833333,1
23898,White,M,41,3.9,NE,1.2,0.883928571,1
23899,White,M,38,3.9,NE,-0.65,0.846428571,0
23900,Asian,M,38,3.5,NE,-0.26,0.808333333,1
23901,White,M,44,3.5,NE,-0.65,0.883333333,1
23902,White,F,45,3.6,NE,-1.23,0.905357143,1
23903,White,F,46,3.6,FW,0.41,0.917857143,1
23904,White,M,44,3.6,MS,2,0.892857143,1
23905,White,M,44,3.6,NE,1.53,0.892857143,1
23906,Asian,F,40,3.4,FW,-0.06,0.823809524,1
23907,White,M,45,3.5,NE,0.34,0.895833333,1
23908,White,F,37,3.8,NE,-0.26,0.824404762,1
23909,White,F,44,3.6,NE,0.14,0.892857143,1
23910,Hispanic,M,44,3.4,NE,0.66,0.873809524,1
23911,White,F,46,3.5,NE,0.8,0.908333333,1
23912,White,M,43,3.7,NE,-0.12,0.889880952,1
23913,White,F,45,3.5,NE,0.08,0.895833333,1
23914,White,F,42,3.6,NE,-0.78,0.867857143,1
23915,White,M,44,3.9,NE,-1.04,0.921428571,1
23916,White,F,46,3.9,NE,1.73,0.946428571,1
23918,White,F,40,3.9,NE,-0.39,0.871428571,1
23919,White,F,48,3.4,SE,2.72,0.923809524,1
23920,Black,M,38,3,NE,0.08,0.760714286,1
23921,White,M,42,4,NE,1.66,0.905952381,1
23922,White,F,45,3.7,NE,0.86,0.914880952,1
23923,White,F,47,3.3,NE,1.59,0.901785714,1
23924,White,M,44,3.5,NE,0.21,0.883333333,1
23925,White,M,48,3.3,NE,0.61,0.914285714,1
23926,Asian,F,44,3.5,NE,-0.12,0.883333333,1
23927,White,F,44,3.5,SE,-0.26,0.883333333,1
23929,White,F,44,3.7,NE,2.52,0.902380952,1
23930,White,M,44,3.7,NE,-0.63,0.902380952,1
23931,Asian,M,44,3.5,NE,-1.17,0.883333333,1
23932,White,F,44,3.4,NE,-0.38,0.873809524,1
23933,White,M,46,3.8,NE,0.21,0.936904762,1
23934,Black,F,32,3.1,NE,-1.76,0.695238095,0
23935,White,F,42,3.6,NE,-2.13,0.867857143,1
23936,White,F,42,3.9,NE,-0.06,0.896428571,1
23937,White,M,35,3.4,NE,-1.43,0.761309524,0
23938,White,M,44,3.8,NE,-0.64,0.911904762,1
23939,White,M,39,3.7,NE,-0.71,0.839880952,1
23940,Black,F,38,3.5,NE,-1.3,0.808333333,1
23941,White,F,44,3.5,Mt,1.72,0.883333333,1
23942,Asian,F,45,3.6,NE,-0.11,0.905357143,1
23943,White,F,48,3.2,NE,1.07,0.904761905,1
23944,White,M,43,3.6,NE,-0.32,0.880357143,1
23945,White,F,42,4,NE,0.27,0.905952381,1
23946,White,F,44,3.7,NE,0.34,0.902380952,1
23948,White,F,47,3.7,NE,2.39,0.939880952,1
23949,Asian,M,43,3.9,NE,0.14,0.908928571,1
23950,White,F,42,3.6,NE,0.41,0.867857143,1
23951,White,F,44,3.6,NE,0.27,0.892857143,1
23952,White,M,41,3.5,NE,-0.12,0.845833333,1
23953,White,M,41,3.7,NG,0.21,0.864880952,1
23954,White,F,41,3.7,NE,-1.49,0.864880952,1
23955,Asian,F,41,3.8,FW,-1.37,0.874404762,1
23956,Mexican,F,47,3.9,NE,2.59,0.958928571,1
23957,White,F,41,3.4,MS,1.2,0.836309524,0
23958,White,F,46,3.7,NG,-0.39,0.927380952,1
23959,White,F,37,3.5,NG,1.07,0.795833333,1
23960,White,M,43,3.7,NG,1.2,0.889880952,1
23961,White,F,45,3.6,NE,0.6,0.905357143,1
23962,Black,F,41,3,NE,-1.3,0.798214286,1
23963,White,F,44,3.3,NE,1.73,0.864285714,1
23964,White,M,47,3.7,NE,-0.65,0.939880952,1
23965,Asian,M,40,3.6,NE,0.08,0.842857143,1
23966,White,F,43,3.6,GL,0.14,0.880357143,1
23967,White,F,46,3.5,NE,0.67,0.908333333,1
23969,White,M,45,3.6,NE,0.2,0.905357143,1
23970,White,M,42,3.7,NE,0.34,0.877380952,1
23973,White,M,48,3.8,NG,0.86,0.961904762,1
23974,White,F,43,3.7,NE,0.8,0.889880952,1
23975,White,F,41,3.7,FW,1.14,0.864880952,1
23976,White,F,41,3.5,NE,0.34,0.845833333,1
23977,White,F,43,3.2,SE,0.45,0.842261905,1
23978,White,F,48,3,SE,0.09,0.885714286,1
23979,White,M,44,3.3,SE,-0.87,0.864285714,1
23980,White,M,40,3.2,SC,-1.8,0.804761905,1
23982,White,M,40,3.3,SE,-0.24,0.814285714,1
23983,White,F,39,3.3,SE,-0.29,0.801785714,1
23984,White,F,39,3.4,SE,1.77,0.811309524,1
23985,White,F,40,3.3,SE,0.75,0.814285714,1
23987,White,F,39,3.3,SE,0.15,0.801785714,1
23988,White,M,39,3.5,SE,-0.9,0.820833333,1
23989,White,F,40,3.4,SE,-0.32,0.823809524,1
23990,White,F,44,3.2,SE,-0.57,0.854761905,1
23992,White,F,40,3.5,NE,0.39,0.833333333,1
23993,White,F,40,3.3,NE,-0.54,0.814285714,1
23994,White,M,39,3.7,SE,-0.21,0.839880952,1
23995,White,F,44,3.7,SE,2.12,0.902380952,1
23996,White,F,40,3.7,Mt,0.26,0.852380952,1
23997,White,F,42,3.2,NE,-0.1,0.829761905,1
23998,Hispanic,M,38,3.4,SE,-1.01,0.798809524,1
23999,White,F,46,3.9,SE,2.18,0.946428571,1
24000,White,F,41,3.3,MS,-0.46,0.826785714,1
24001,Hispanic,M,41,3.5,SE,-0.24,0.845833333,1
24002,White,F,45,3,SE,1.19,0.848214286,1
24003,White,M,39,3.7,SE,-1.45,0.839880952,1
24006,White,M,41,4,SE,1.3,0.893452381,1
24007,White,F,40,3.3,NE,-0.81,0.814285714,1
24008,White,F,39,3.1,SE,-0.51,0.782738095,1
24009,Black,F,34,3,SC,-0.76,0.710714286,1
24010,White,F,40,3.4,NE,0.01,0.823809524,1
24011,White,F,40,3.3,SE,0.15,0.814285714,1
24012,White,F,43,3.2,MW,-1.47,0.842261905,1
24013,White,F,44,3.4,SE,-0.02,0.873809524,1
24014,White,F,47,3.2,SE,-1.97,0.892261905,0
24015,Black,F,32,3.2,SE,-0.27,0.704761905,1
24017,White,F,38,3.6,SE,0.39,0.817857143,1
24018,White,M,40,3.5,SE,0.56,0.833333333,1
24019,White,F,44,3.1,MS,-0.79,0.845238095,1
24020,White,F,40,3.4,SE,-0.87,0.823809524,1
24021,White,F,39,3.5,NE,2.34,0.820833333,1
24022,White,F,38,3.6,SE,0.48,0.817857143,1
24023,White,F,45,2.8,SE,0.56,0.829166667,1
24024,White,F,40,3.4,SE,-0.43,0.823809524,1
24025,White,M,40,3.2,SE,-0.35,0.804761905,1
24026,White,F,39,3.4,SE,0.34,0.811309524,1
24028,White,M,39,3.7,SE,0.12,0.839880952,1
24029,White,F,39,3.8,SE,-0.32,0.849404762,1
24031,White,F,41,3.4,SE,-1.14,0.836309524,1
24032,White,F,40,3.5,SE,-1.2,0.833333333,1
24033,White,F,40,3.4,SE,-0.65,0.823809524,1
24036,White,M,40,3.6,SC,0.28,0.842857143,1
24037,White,F,44,3.4,SE,0.75,0.873809524,1
24038,White,F,40,3.3,NE,1.33,0.814285714,1
24039,White,M,41,3.3,SE,-0.6,0.826785714,1
24040,White,F,44,4,MS,3.17,0.930952381,1
24041,White,M,40,3.3,MS,-2.02,0.814285714,0
24043,Asian,F,37,3.5,SE,-0.79,0.795833333,1
24044,Asian,M,39,3.3,SE,-0.32,0.801785714,1
24045,White,F,41,3.2,SE,1.85,0.817261905,1
24046,White,F,43,3.4,NE,1.06,0.861309524,1
24047,Asian,M,32,3.6,NE,-1.86,0.742857143,1
24048,White,F,43,3.2,MS,0.77,0.842261905,1
24049,White,F,45,3.3,MS,0.19,0.876785714,1
24050,White,M,42,3.4,NE,0.77,0.848809524,1
24052,White,M,37,3.7,MS,1.06,0.814880952,1
24054,Black,F,29,3,NG,-3.03,0.648214286,0
24055,Black,F,30,3,FW,-2.45,0.660714286,1
24056,Black,M,30,3.1,MS,-0.4,0.670238095,1
24057,Other,F,44,3.1,MS,-0.4,0.845238095,1
24058,White,F,40.5,3.2,SE,0.77,0.811011905,1
24060,White,F,41,3.9,MS,0.19,0.883928571,1
24061,White,F,42,3.1,MS,-0.69,0.820238095,1
24064,White,M,42,3.3,FW,-1.57,0.839285714,1
24065,Asian,M,44,3.3,NE,1.06,0.864285714,1
24066,White,M,44,3.4,MS,0.48,0.873809524,1
24067,White,F,38,3.7,MS,1.36,0.827380952,1
24068,White,M,42,3.5,MS,0.77,0.858333333,1
24069,White,M,44,3.2,MS,0.48,0.854761905,1
24070,White,F,40,3.4,MS,-0.11,0.823809524,1
24071,White,F,40,3.2,NE,-0.11,0.804761905,1
24072,White,M,47,3.2,SC,2.23,0.892261905,1
24073,White,M,42,3.4,GL,0.48,0.848809524,1
24074,White,M,39,3.8,NE,0.77,0.849404762,1
24075,White,M,44,3.1,MS,-0.4,0.845238095,1
24076,White,M,42,3.4,NG,-0.4,0.848809524,1
24078,White,F,39,3.5,MS,-0.11,0.820833333,0
24079,White,F,42,2.5,MS,-0.69,0.763095238,1
24080,Black,M,34,2.8,MS,-0.69,0.691666667,1
24081,White,M,33,4,MS,-0.4,0.793452381,1
24082,White,M,32,2.9,MS,-0.98,0.676190476,0
24083,White,M,37.5,3.8,MS,0.77,0.830654762,1
24084,White,M,40,3.3,MS,0.19,0.814285714,1
24085,White,F,46,3.4,GL,-0.69,0.898809524,1
24086,White,F,42,3.5,NE,-0.69,0.858333333,1
24087,White,F,40,3.7,GL,-0.4,0.852380952,1
24088,White,F,45,3.2,SE,0.48,0.867261905,1
24089,White,F,44,3,SE,0.77,0.835714286,1
24090,White,F,42,3.6,NE,1.94,0.867857143,1
24091,White,F,37.5,2.3,MS,-0.11,0.687797619,1
24092,White,M,41,3.4,MS,-2.16,0.836309524,1
24094,White,F,44,3.1,MS,0.77,0.845238095,1
24095,White,F,38,3.6,MS,0.77,0.817857143,1
24096,White,F,37,3.4,NE,0.48,0.786309524,1
24097,White,M,42,3.1,MS,-0.4,0.820238095,1
24098,White,M,40,3.5,MS,1.36,0.833333333,1
24099,White,M,38,3.6,MS,-0.4,0.817857143,1
24100,White,F,45,3.8,NE,-0.4,0.924404762,1
24101,White,F,44,3.6,MS,0.48,0.892857143,1
24102,Black,F,32,2.8,MS,-1.57,0.666666667,1
24103,White,M,42,3.3,MS,-0.4,0.839285714,1
24104,White,M,42,3.3,MS,0.77,0.839285714,1
24105,Asian,M,29,3.8,MS,-1.57,0.724404762,0
24107,White,M,42,3.8,NG,-0.69,0.886904762,1
24108,Asian,M,39,3.3,NE,-0.11,0.801785714,1
24109,Black,F,36,2.7,MS,-0.98,0.707142857,1
24110,White,F,44,3.4,NE,1.65,0.873809524,1
24111,White,M,45,3.6,MS,-0.4,0.905357143,1
24112,White,F,40,3.1,MS,1.06,0.795238095,1
24113,White,M,42,3.5,NE,1.06,0.858333333,1
24114,White,M,43,3.3,MS,1.06,0.851785714,1
24115,White,F,44,3,MS,0.19,0.835714286,1
24116,White,M,39,3.7,SE,1.36,0.839880952,1
24117,White,F,41,3.8,NE,-0.98,0.874404762,1
24118,White,F,44,3.4,MS,1.06,0.873809524,1
24119,White,F,46,3.1,MS,1.36,0.870238095,1
24120,White,F,42,3.8,MS,0.77,0.886904762,1
24121,White,M,48,2.8,GL,1.94,0.866666667,1
24122,White,F,39,3.6,MS,-0.4,0.830357143,1
24123,White,F,40,3.6,MS,0.19,0.842857143,1
24124,White,F,42,3.3,MS,-0.11,0.839285714,1
24125,White,F,45,3.2,MS,-0.69,0.867261905,1
24126,White,F,44,3.8,MS,1.06,0.911904762,1
24127,White,F,42,3,MS,-0.4,0.810714286,1
24129,White,M,41.5,3.3,MS,-0.69,0.833035714,1
24130,White,F,42,3.3,MS,0.48,0.839285714,1
24131,White,F,43,3.1,MS,0.19,0.832738095,1
24132,White,F,41,3.5,Mt,-0.11,0.845833333,1
24133,White,M,41,3.4,MS,-0.69,0.836309524,1
24134,White,M,46,3.2,MS,-0.4,0.879761905,1
24135,White,M,42,3.6,NG,0.77,0.867857143,1
24136,White,F,41,3.3,NE,0.48,0.826785714,1
24137,White,M,42,3.9,SE,0.77,0.896428571,1
24138,White,M,44,3.8,GL,0.48,0.911904762,1
24139,White,F,45,3.6,MS,0.77,0.905357143,1
24140,White,M,35,3.4,MS,0.77,0.761309524,1
24141,White,F,41,3.6,MS,1.36,0.855357143,1
24142,White,F,41,3.6,NG,1.36,0.855357143,1
24143,White,M,42,3.7,Mt,-1.57,0.877380952,1
24144,White,M,46,3.4,SE,-0.11,0.898809524,1
24145,White,M,44,3.2,NE,0.77,0.854761905,1
24146,White,M,42,3.4,MS,-0.11,0.848809524,1
24147,White,F,43,3.1,MS,0.48,0.832738095,1
24148,White,M,42,3.4,MS,0.48,0.848809524,1
24149,White,F,44,3.1,MS,-0.11,0.845238095,1
24150,White,F,43,3.3,NE,-0.98,0.851785714,1
24151,White,M,43,3,MS,-0.4,0.823214286,1
24152,White,F,43,3,MS,0.19,0.823214286,1
24153,White,F,39,4,Mt,0.19,0.868452381,1
24154,White,F,42,3.1,MS,0.48,0.820238095,1
24155,White,F,41,3.7,SE,0.77,0.864880952,1
24156,White,M,38,3.6,MS,0.77,0.817857143,1
24157,White,M,42,3.6,MS,-0.11,0.867857143,1
24158,White,F,44,3.3,NE,-0.4,0.864285714,1
24159,White,F,46,3.1,MS,-0.11,0.870238095,1
24160,White,F,39,3.5,MS,-0.69,0.820833333,1
24161,Black,F,28,3.1,MS,-2.16,0.645238095,0
24162,Black,M,33,2.7,MS,-1.28,0.669642857,1
24163,White,M,42,3.8,MS,0.19,0.886904762,1
24164,White,M,40,3.8,SE,-0.98,0.861904762,1
24166,White,M,42,3.6,NG,1.36,0.867857143,1
24167,White,F,47,2.9,MS,0.19,0.863690476,1
24168,Black,F,41,2.4,MS,-2.45,0.741071429,1
24169,Black,F,30,2.9,MS,-2.74,0.651190476,0
24170,White,M,42,3.3,MS,-0.69,0.839285714,1
24171,White,F,44,2.8,MS,-2.16,0.816666667,1
24172,White,F,39,3.6,MS,1.65,0.830357143,1
24173,White,M,40,3.4,MS,-0.11,0.823809524,1
24174,White,M,41,3.8,MS,-1.28,0.874404762,1
24175,White,F,43,4,NE,0.19,0.918452381,1
24176,White,M,44,3.5,MS,1.06,0.883333333,1
24177,White,M,38,3.5,MS,0.48,0.808333333,1
24178,White,M,46,3.2,MS,0.48,0.879761905,1
24179,White,F,42,3.5,NE,0.19,0.858333333,1
24181,White,M,41,3.4,NE,1.36,0.836309524,1
24182,White,M,41,3.8,MS,-0.11,0.874404762,1
24183,White,M,39,3.5,NE,0.19,0.820833333,1
24184,White,M,44,3.3,MS,0.48,0.864285714,1
24185,White,F,42,3.6,MS,0.77,0.867857143,1
24186,White,F,44,2.6,MS,0.19,0.797619048,1
24187,White,M,42,3.3,MS,-0.69,0.839285714,1
24188,Black,F,35,2.2,MS,-1.86,0.64702381,1
24189,White,F,44,3.4,MS,-0.4,0.873809524,1
24190,White,M,40,3.7,NE,1.06,0.852380952,1
24191,White,F,48,3.5,MS,0.77,0.933333333,1
24192,White,F,44,3.3,MS,-0.69,0.864285714,1
24193,White,F,42,3.2,MS,1.36,0.829761905,1
24194,White,M,42,3.4,MS,0.77,0.848809524,1
24195,White,M,41,3.6,MS,-0.4,0.855357143,1
24196,White,M,37,3.5,MS,-0.11,0.795833333,1
24197,White,M,45,2.9,FW,-0.69,0.838690476,1
24198,White,M,42,3.4,SE,-1.28,0.848809524,1
24199,Asian,M,41,3.7,MS,1.65,0.864880952,1
24200,White,F,44,3.1,MS,0.19,0.845238095,1
24201,Asian,M,42,3,MS,-0.69,0.810714286,1
24202,Other,F,27,2.8,MS,-1.28,0.604166667,1
24203,White,M,40,4,Mt,-0.11,0.880952381,1
24204,White,M,44,3.9,MS,-0.69,0.921428571,1
24205,White,F,42,3.3,NE,1.36,0.839285714,1
24206,White,F,41,3.1,MS,-0.11,0.807738095,1
24208,White,M,42,3.2,Mt,-0.11,0.829761905,1
24209,White,F,37,3.7,SC,-0.98,0.814880952,1
24210,White,M,46,3,NE,-0.11,0.860714286,1
24211,White,F,43,3.1,FW,0.19,0.832738095,1
24213,White,F,45,3.3,MS,1.36,0.876785714,1
24215,White,F,47,3,MS,-0.4,0.873214286,1
24216,White,M,42,3.3,MS,0.19,0.839285714,1
24217,White,M,39,3.7,Mt,-0.4,0.839880952,1
24218,White,M,43,3.8,MS,0.35,0.899404762,1
24219,Black,M,36,3,MS,-2.19,0.735714286,1
24220,White,M,44,3.9,MS,0.58,0.921428571,1
24221,White,M,43,3.4,NE,-0.17,0.861309524,1
24222,White,M,48,3.7,SE,1.13,0.952380952,1
24223,White,F,38,3.9,SE,1.52,0.846428571,1
24224,Black,M,31,3.6,SE,-1.02,0.730357143,1
24226,White,F,44,3.7,NG,-0.37,0.902380952,1
24227,White,F,42,3.7,GL,1.1,0.877380952,1
24228,White,F,48,3.7,FW,-0.33,0.952380952,1
24229,White,M,44,3.8,NE,-0.01,0.911904762,1
24230,White,M,42,3.8,SE,2.08,0.886904762,1
24231,Black,F,39,2.9,MS,-0.98,0.763690476,1
24232,White,F,46,3.6,NE,-0.27,0.917857143,1
24233,White,F,41,3.9,MS,1.42,0.883928571,1
24234,White,F,44,3.6,SE,-0.46,0.892857143,1
24235,White,F,47,3.7,NG,1.78,0.939880952,1
24236,White,F,47,3.6,MS,0.9,0.930357143,1
24237,White,M,44,3.6,FW,0.16,0.892857143,1
24238,White,F,41,3.9,NE,-0.04,0.883928571,1
24239,White,M,46,3.7,NE,0.06,0.927380952,1
24240,White,M,46,3.6,SC,-0.63,0.917857143,1
24241,White,M,44,3.8,MS,0.06,0.911904762,1
24242,White,M,44,3.6,SC,0.71,0.892857143,1
24243,White,M,44,3.6,SC,1.07,0.892857143,1
24244,White,F,48,3.5,NE,0.71,0.933333333,1
24245,White,F,44,3.3,MS,-0.33,0.864285714,1
24246,White,M,43,3.7,FW,0.35,0.889880952,1
24247,White,F,44,3.9,Mt,0.38,0.921428571,1
24248,White,F,48,3.5,SE,0.58,0.933333333,1
24249,Black,M,39,3.7,MS,-0.11,0.839880952,1
24250,White,F,37,3.7,SC,-0.24,0.814880952,1
24251,White,F,44,3.6,NE,0.35,0.892857143,1
24252,White,M,42,3.8,NE,-0.56,0.886904762,1
24254,White,M,42,3.8,NE,0.19,0.886904762,1
24255,White,M,46,3.1,SE,1.29,0.870238095,1
24256,White,F,42,4,MS,1.26,0.905952381,1
24257,White,M,42.5,3.6,SE,-0.37,0.874107143,1
24258,White,M,44,3.5,SC,0.35,0.883333333,1
24259,White,F,47,3.4,NE,-1.24,0.911309524,1
24260,White,F,44,3.7,GL,0.16,0.902380952,1
24261,White,M,47,3.5,NG,0.61,0.920833333,1
24262,White,M,44,3.3,NE,0.45,0.864285714,1
24263,White,M,43,4.1,SE,-0.5,0.92797619,1
24264,White,F,41,3.7,FW,0.9,0.864880952,1
24265,White,M,42,3.9,GL,-0.14,0.896428571,1
24266,Black,M,29.5,3.3,MS,-1.21,0.683035714,1
24267,White,F,42,3.8,SE,-1.02,0.886904762,1
24268,White,F,46,3.6,SE,1,0.917857143,1
24270,White,F,46,3.4,NE,0.81,0.898809524,1
24271,White,M,47,3.5,NE,0.94,0.920833333,1
24272,White,F,47,3.3,NE,-0.56,0.901785714,1
24273,White,F,45,3.6,FW,1.26,0.905357143,1
24274,Other,F,42.5,3.7,MS,2.34,0.883630952,1
24275,White,M,44,3.9,FW,-0.66,0.921428571,1
24276,White,M,42,3.8,SC,1.59,0.886904762,1
24277,White,F,45,3.7,SE,-0.56,0.914880952,1
24278,White,M,42,4,SE,0.12,0.905952381,1
24279,White,F,40,3.7,MS,-0.5,0.852380952,1
24280,White,F,44,3.7,MS,-0.17,0.902380952,1
24281,Black,M,33,3.4,MS,-1.11,0.736309524,1
24282,White,F,44,3.6,GL,-0.46,0.892857143,1
24283,White,F,46,3.8,NE,-0.79,0.936904762,1
24284,White,F,48,3.5,MS,1.29,0.933333333,1
24285,White,M,44,3.4,MS,0.97,0.873809524,1
24286,White,F,43,3.9,SE,-0.46,0.908928571,1
24287,Black,F,33,3,SC,-1.77,0.698214286,0
24288,White,F,44,3.9,NE,0.55,0.921428571,1
24289,Black,F,27,3.1,MS,-2.22,0.632738095,0
24290,White,F,46,3.6,NE,0.51,0.917857143,1
24291,White,F,39,4,MS,-0.01,0.868452381,1
24292,White,M,46,3.9,SE,2.24,0.946428571,1
24293,White,F,45,3.8,GL,0.12,0.924404762,1
24294,White,F,43,3.7,MS,-0.53,0.889880952,1
24295,White,F,45,3.9,SE,0.84,0.933928571,1
24296,White,F,45,3.8,MS,-0.69,0.924404762,1
24297,White,F,45,3.6,SE,0.77,0.905357143,1
24298,White,M,48,3.7,SC,1.03,0.952380952,1
24299,White,M,43,3.6,MS,0.81,0.880357143,1
24300,Black,M,38,3.3,MS,0.03,0.789285714,1
24301,White,F,41,4,NE,0.09,0.893452381,1
24302,White,F,42,3.6,NE,0.38,0.867857143,1
24303,White,M,40,3.6,SE,0.09,0.842857143,1
24304,White,F,47,4,MS,1.62,0.968452381,1
24305,White,M,42,3.8,MW,0.61,0.886904762,1
24306,White,F,46,3.6,MS,-1.6,0.917857143,1
24307,White,M,44,3.5,GL,0.61,0.883333333,1
24309,White,F,36.5,2.3,SC,-1.01,0.675297619,1
24310,White,F,42,3.3,SC,-1.59,0.839285714,1
24311,White,M,36,3.7,NE,0.24,0.802380952,1
24312,White,F,39,2.2,MS,1.18,0.69702381,1
24313,White,F,40,3.6,GL,0.19,0.842857143,1
24315,White,F,34.5,2.9,SE,-1.73,0.707440476,1
24316,Asian,M,36.5,3.4,NE,-0.74,0.780059524,0
24317,White,M,32.5,3.6,MS,-0.43,0.749107143,1
24318,White,F,42,3.3,SC,1.23,0.839285714,1
24319,Other,M,39,3.8,FW,1.44,0.849404762,1
24321,White,F,38,2.9,NE,-1.78,0.751190476,0
24322,White,M,42,2.8,GL,0.17,0.791666667,1
24323,White,F,39,3.7,SC,0.58,0.839880952,1
24324,White,F,39,3.4,MS,-1.42,0.811309524,1
24326,White,F,43,3,NE,1.32,0.823214286,1
24328,White,M,38.5,3.2,NE,0.53,0.786011905,1
24329,White,M,44,3.2,SC,1.16,0.854761905,1
24331,White,F,45,2.8,MS,1.42,0.829166667,1
24332,Hispanic,F,38,3,FW,-0.6,0.760714286,0
24333,White,M,36,3.4,SE,0.36,0.773809524,1
24334,White,M,45,3.4,SC,2.09,0.886309524,0
24335,White,F,37,3.5,NE,0.12,0.795833333,1
24337,White,M,37,3.7,NG,0.51,0.814880952,1
24338,White,F,35,3.3,NG,0.19,0.751785714,1
24339,Black,F,37,2.5,Mt,-1.42,0.700595238,1
24340,White,M,33.5,3.5,SC,1.56,0.752083333,1
24341,Black,F,33,2.4,NE,-1.56,0.641071429,0
24342,White,M,34.5,3.4,SC,-0.14,0.755059524,1
24343,White,F,37,3.3,FW,-1.23,0.776785714,0
24344,White,M,39.5,3.2,SC,0.05,0.798511905,1
24345,White,F,39,3.8,SC,1.32,0.849404762,1
24346,White,M,35,3.3,SC,0.96,0.751785714,1
24347,White,F,39,3.2,MS,1.28,0.792261905,1
24348,White,F,39,3.3,SE,0.46,0.801785714,1
24350,White,M,40,3.6,SE,1.9,0.842857143,1
24351,White,M,39,3.3,NE,0.43,0.801785714,1
24352,White,F,40,3.2,FW,0.67,0.804761905,1
24353,White,F,40,3.1,NG,-0.17,0.795238095,1
24354,White,F,34,2.6,SC,-0.24,0.672619048,1
24355,White,M,45,3.2,GL,1.32,0.867261905,1
24356,Black,M,35,2.9,NE,0.27,0.713690476,1
24358,Black,M,34.5,2.5,MS,-1.3,0.669345238,0
24359,White,M,38,3.3,SE,1.04,0.789285714,1
24360,White,F,30,2.5,SC,0.3,0.613095238,1
24361,Black,F,40,2.3,SE,0.48,0.719047619,1
24362,White,F,39,3.1,SC,0.63,0.782738095,0
24363,White,M,44,3.3,NE,0.17,0.864285714,1
24364,White,F,43,3.1,SE,0.84,0.832738095,1
24365,Hispanic,F,35,3,SC,-0.06,0.723214286,1
24366,White,M,44,3.2,GL,1.16,0.854761905,1
24367,White,F,41,3.3,SC,-0.65,0.826785714,1
24369,Black,M,29,3.6,MW,-0.22,0.705357143,1
24370,White,F,48,2.8,NE,0.31,0.866666667,1
24372,White,F,43,2.9,NG,1.13,0.813690476,1
24373,White,M,38,3.4,SC,0.79,0.798809524,1
24375,White,F,38,3.4,NE,-0.74,0.798809524,1
24376,Asian,M,46,3.1,NE,0.34,0.870238095,1
24377,White,F,48,2.7,NE,0.84,0.857142857,1
24378,Black,M,25,3.5,SE,-0.89,0.645833333,0
24380,White,F,38.5,2.9,FW,-0.67,0.757440476,0
24381,White,F,40,3.2,GL,-1.3,0.804761905,1
24383,Hispanic,M,39,3.1,MS,0.8,0.782738095,0
24385,White,F,40,3.3,MS,0.93,0.814285714,1
24386,Other,M,35.5,3.1,MS,-0.76,0.738988095,0
24387,White,M,34,3.6,MS,-0.1,0.767857143,1
24388,White,F,39,3.7,NE,1.21,0.839880952,1
24390,White,M,38,3.3,NE,0.74,0.789285714,1
24391,White,F,46,2.7,NE,-0.7,0.832142857,1
24392,White,M,36,3.4,SE,-0.23,0.773809524,1
24393,Asian,M,36,3.4,MS,0.12,0.773809524,1
24394,White,F,48,2.4,MS,-0.45,0.828571429,1
24395,White,M,38,3.5,MS,0.8,0.808333333,1
24396,Black,F,30,2.9,FW,-0.26,0.651190476,0
24397,White,M,34,3.7,MS,1.02,0.777380952,1
24398,White,M,40,3.1,NE,0.96,0.795238095,1
24399,Other,F,36,3.7,GL,-1.67,0.802380952,0
24400,White,M,35,3.2,GL,1.02,0.742261905,1
24401,White,F,41,3.8,NE,-0.04,0.874404762,1
24402,White,F,43,3.4,NE,0.25,0.861309524,1
24403,White,M,37,3.9,MS,-0.17,0.833928571,1
24404,White,M,44,3.2,MS,1.65,0.854761905,1
24405,White,F,41,3.9,MW,0.06,0.883928571,1
24406,White,F,43,3.6,NE,1.49,0.880357143,1
24407,Asian,M,38.5,3.7,NE,0.03,0.833630952,1
24408,White,M,41,3.8,MS,-0.24,0.874404762,1
24409,White,F,44,3.5,MS,0.64,0.883333333,1
24410,Black,M,40,3.2,MS,-1.77,0.804761905,0
24411,White,M,48,3.4,MS,-0.95,0.923809524,1
24412,Asian,F,38,3.6,MS,1.2,0.817857143,1
24413,White,M,43,3.7,MS,0.55,0.889880952,1
24414,White,F,41,3.6,FW,-1.86,0.855357143,1
24416,White,M,44,3.6,GL,-0.3,0.892857143,1
24417,White,F,47,3.8,SC,-0.3,0.949404762,1
24418,White,F,43,3.1,Mt,1.59,0.832738095,1
24419,White,F,41.5,3.7,FW,0.03,0.871130952,1
24420,White,F,41,3.9,GL,0.97,0.883928571,1
24421,White,F,41.5,3.6,GL,-1.73,0.861607143,1
24422,White,F,46,3.5,MS,-0.17,0.908333333,1
24423,White,M,45,3.8,GL,-0.04,0.924404762,1
24424,White,M,46,3.7,SE,1.23,0.927380952,1
24425,White,M,45,3.4,NE,0.81,0.886309524,1
24426,White,M,48,3.4,MS,0.71,0.923809524,1
24427,White,F,44,3.9,MS,1.03,0.921428571,1
24428,White,F,48,3.6,NE,-0.56,0.942857143,1
24429,White,F,46,3.8,MS,2.21,0.936904762,1
24430,White,F,41,4,SC,0.16,0.893452381,1
24432,White,F,47,3.4,NE,0.87,0.911309524,1
24433,White,M,48,3.6,NG,0.48,0.942857143,1
24434,White,M,42,3.8,GL,-0.82,0.886904762,1
24435,White,M,43,3.6,NE,-0.66,0.880357143,1
24436,White,F,44,3.9,FW,-0.27,0.921428571,1
24437,White,M,45,3.8,MS,-1.28,0.924404762,1
24438,White,F,38,3.8,FW,0.38,0.836904762,1
24439,White,M,42,3.8,SE,0.35,0.886904762,1
24440,White,F,45,3.7,MS,-0.79,0.914880952,1
24441,White,F,45,3.6,MW,0.09,0.905357143,1
24442,White,F,42,3.5,GL,0.22,0.858333333,1
24443,White,F,46,3.7,SE,0.16,0.927380952,1
24444,White,F,42,3.9,MS,-0.72,0.896428571,1
24445,White,F,36,3.1,NG,-1.54,0.745238095,0
24446,White,F,36,4,NE,-0.11,0.830952381,1
24447,White,F,41,3.7,MS,0.06,0.864880952,1
24448,White,F,42,4,NG,-0.69,0.905952381,1
24449,White,F,45,3.3,MS,-0.07,0.876785714,1
24450,Black,M,31,3.5,Mt,-2.35,0.720833333,1
24451,White,F,37,4,SE,0.87,0.843452381,1
24452,Black,M,35,3.5,SE,-0.3,0.770833333,1
24453,White,M,42,3.7,MS,-0.5,0.877380952,1
24454,Black,M,26,3.2,NE,-2.22,0.629761905,0
24455,White,M,44,3.6,MS,0.32,0.892857143,1
24456,White,F,42,3.8,NE,-2.09,0.886904762,1
24457,White,F,44,3.7,GL,-0.27,0.902380952,1
24458,White,M,40,2.9,GL,0.09,0.776190476,1
24459,White,F,41,3.7,SE,-1.54,0.864880952,1
24460,White,M,44,3.7,SE,0.12,0.902380952,1
24461,White,F,46,3.4,Mt,0.97,0.898809524,1
24462,White,F,41,4,MS,0.45,0.893452381,1
24463,White,M,42,4,MW,-0.5,0.905952381,1
24464,White,M,41,3.6,MS,-1.21,0.855357143,1
24465,Black,M,40,2.8,GL,-0.69,0.766666667,1
24466,White,F,48,3.4,SE,-0.4,0.923809524,1
24467,White,F,36,3.9,NE,-1.5,0.821428571,1
24469,White,F,42,3.7,Mt,-1.54,0.877380952,0
24470,White,M,38,3.8,FW,0.48,0.836904762,1
24471,White,M,46,3.3,MS,0.97,0.889285714,1
24472,White,M,45,3.5,Mt,-1.02,0.895833333,1
24473,White,M,44,3.7,Mt,-0.66,0.902380952,1
24474,White,F,35,3.6,NE,-0.98,0.780357143,1
24475,White,F,44,3.6,GL,1.26,0.892857143,1
24476,White,F,44,3.6,SC,0.25,0.892857143,1
24477,Black,F,33,3.5,SC,-2.42,0.745833333,1
24478,White,M,38,4.1,NE,-0.63,0.86547619,0
24479,White,F,44,3.9,NE,-1.05,0.921428571,1
24480,White,F,47,3.7,SE,-1.47,0.939880952,1
24481,White,M,41,3.9,Mt,0.51,0.883928571,1
24482,White,F,43,3.7,MS,1.42,0.889880952,1
24483,White,F,45,3.6,GL,1.2,0.905357143,1
24484,White,M,35,3.1,NE,0.12,0.732738095,1
24485,White,F,35,3.4,NG,0.74,0.761309524,1
24486,White,F,43,3.2,NE,1.34,0.842261905,1
24487,White,F,35,3.6,Mt,0.12,0.780357143,1
24488,Black,M,28,3,NE,-0.7,0.635714286,1
24489,White,F,38.5,3.2,FW,1.18,0.786011905,1
24490,White,M,30,3.2,MS,-1.14,0.679761905,0
24492,Asian,F,39.5,3,MS,0.87,0.779464286,1
24493,White,F,41,3.2,MS,0.27,0.817261905,0
24494,White,M,36,3.6,MS,-0.92,0.792857143,1
24495,White,F,37,3.4,MS,-0.26,0.786309524,0
24496,Asian,M,38,3.2,NE,1.12,0.779761905,1
24498,Asian,M,41,2.9,GL,0.33,0.788690476,1
24499,White,M,39,2.7,MS,-0.23,0.744642857,1
24500,White,F,39,3.2,MS,-1.29,0.792261905,1
24501,White,F,38,2.6,MS,0.93,0.722619048,1
24502,Asian,M,39,3.2,FW,0.21,0.792261905,1
24503,White,F,37,3.2,MS,-0.48,0.767261905,0
24504,White,M,41.5,3.2,NE,0.43,0.823511905,1
24506,Asian,M,30,3.9,MS,-0.45,0.746428571,0
24507,White,M,40,3.5,MS,0.8,0.833333333,1
24508,White,M,32,3.5,MS,0.37,0.733333333,0
24509,White,F,39,2.5,GL,-0.23,0.725595238,1
24510,White,F,40,3,GL,-0.79,0.785714286,1
24511,White,F,44,2.8,FW,-1.07,0.816666667,0
24512,White,F,40,3.1,MS,-0.85,0.795238095,0
24514,White,M,38,2.8,NG,0.49,0.741666667,1
24515,White,M,40,3.7,MS,0.33,0.852380952,1
24516,White,F,36.5,2.9,NE,0.33,0.732440476,1
24518,White,M,37,3.2,MS,-0.85,0.767261905,0
24520,White,M,43,3.2,NG,2.21,0.842261905,1
24521,White,F,45,2.8,MS,-0.54,0.829166667,1
24522,White,M,41,3.1,MS,0.33,0.807738095,1
24523,Amerindian,F,34,2.6,MS,-0.79,0.672619048,1
24524,White,M,40,3.3,MS,-1.2,0.814285714,1
24525,White,F,35,3,MS,0.52,0.723214286,1
24526,White,M,43,3,GL,0.12,0.823214286,1
24527,White,M,37.5,3.4,MS,-0.1,0.792559524,1
24528,Asian,M,31.5,3.4,MS,-0.45,0.717559524,1
24530,White,M,40,3.4,MS,1.34,0.823809524,1
24531,White,M,40,3.1,NE,1.24,0.795238095,1
24532,White,M,32,3.5,NE,-0.32,0.733333333,1
24533,Asian,M,35,2.7,FW,-1.57,0.694642857,1
24534,Black,M,27,3.5,NE,-2.04,0.670833333,0
24535,White,M,45,3.1,FW,-0.48,0.857738095,1
24537,White,M,39,2.6,NE,1.59,0.735119048,1
24539,White,F,45,3.1,MS,0.12,0.857738095,1
24540,White,M,36.7,3.5,MS,0.12,0.792083333,0
24541,White,M,36.5,3.4,NE,-0.54,0.780059524,1
24542,Asian,M,34,3.4,MS,-0.54,0.748809524,0
24543,White,F,43,3,NE,0.65,0.823214286,1
24544,White,M,41,3.3,MS,0.27,0.826785714,1
24546,Asian,F,31,3,MS,0.21,0.673214286,0
24547,Black,F,29,3.7,MS,-0.85,0.714880952,0
24550,White,M,34,3.6,MS,-0.54,0.767857143,0
24551,White,M,34,3.6,NE,0.52,0.767857143,1
24552,White,M,36,3.6,Mt,0.27,0.792857143,1
24554,White,M,36.5,3.9,SE,0.65,0.827678571,1
24555,White,F,31,3.6,NE,-0.32,0.730357143,1
24556,White,F,40,3.4,MS,0.8,0.823809524,1
24557,Other,F,40.5,3.4,MS,1.4,0.830059524,1
24558,White,F,40,3.3,NG,1.12,0.814285714,1
24559,White,M,40,3.4,MS,1.02,0.823809524,1
24560,White,F,36,3.2,MS,-0.01,0.754761905,1
24561,White,F,39,2.4,GL,-0.54,0.716071429,1
24562,White,F,37,3.6,MS,-0.7,0.805357143,1
24563,White,M,41,2.9,NE,0.27,0.788690476,1
24564,White,M,41,3.4,NG,0.52,0.836309524,1
24565,White,M,38,3.3,GL,1.09,0.789285714,1
24566,White,F,37.5,3.2,MS,-0.04,0.773511905,0
24567,White,F,40,2.5,SE,-0.82,0.738095238,1
24568,Asian,F,39,2.6,MS,0.27,0.735119048,1
24571,White,F,39,3.1,NE,-0.01,0.782738095,1
24572,White,F,39,2.6,NE,1.68,0.735119048,1
24573,White,M,39,3.2,MS,0.37,0.792261905,1
24574,Asian,M,30.5,3.7,FW,0.93,0.733630952,0
24575,White,F,40,3.3,MS,0.65,0.814285714,1
24576,Puertorican,M,29.5,2.5,NE,-1.51,0.606845238,0
24577,White,F,45,3.4,GL,0.12,0.886309524,1
24578,Black,M,35,3.1,SE,-0.98,0.732738095,1
24579,Black,M,29,2.9,MS,-1.94,0.638690476,1
24580,White,M,40,3.8,FW,0.3,0.861904762,1
24581,Asian,F,38,3.3,SE,-0.03,0.789285714,1
24582,Black,M,32,2.6,MS,-1.06,0.647619048,0
24583,Asian,M,42,3.4,MS,0.52,0.848809524,1
24584,Black,M,32,3.2,MS,-2.26,0.704761905,1
24586,White,F,40,3.9,SE,0.78,0.871428571,1
24587,White,M,42,3.5,SE,0.93,0.858333333,1
24588,White,F,43,3.5,MS,0.83,0.870833333,1
24590,White,F,41,3.8,NE,0.7,0.874404762,1
24591,White,M,45,3.2,MS,0.42,0.867261905,1
24592,White,F,41.5,3.1,NE,-0.15,0.813988095,1
24593,Asian,F,38,3.9,GL,-0.15,0.846428571,1
24594,White,F,40,3.6,SE,1.43,0.842857143,1
24595,White,M,40,3.8,SC,0.55,0.861904762,1
24596,White,F,43,3.7,SC,1.28,0.889880952,1
24597,White,F,37,3.1,MS,-0.05,0.757738095,1
24598,White,M,35,3.6,MS,-0.13,0.780357143,1
24599,Asian,M,39,3.6,FW,-0.86,0.830357143,0
24600,White,M,38,3.6,SC,-0.71,0.817857143,1
24601,Black,M,30,3.6,NE,-2.16,0.717857143,1
24602,White,F,42,3.4,MS,0.15,0.848809524,1
24603,White,M,45,3.4,NE,-0.5,0.886309524,1
24604,White,F,40,3.7,GL,1.23,0.852380952,1
24605,White,M,43,4,SE,0.83,0.918452381,1
24606,White,M,39,3.9,MS,0.1,0.858928571,0
24607,White,M,41,3.9,SC,1.43,0.883928571,1
24608,White,F,45,3.3,MS,1.08,0.876785714,1
24609,White,F,42,3.5,SC,0.3,0.858333333,1
24610,Black,F,28,3.6,FW,-1.36,0.692857143,0
24611,White,F,42,4,SE,-0.35,0.905952381,1
24612,White,F,44,3.9,MS,-0.23,0.921428571,1
24613,White,F,44,3.6,SC,0.35,0.892857143,1
24614,White,M,47,3.9,MS,1.78,0.958928571,1
24615,White,M,42,3.7,GL,0.32,0.877380952,1
24616,Asian,M,30.5,3.7,NE,-0.91,0.733630952,0
24617,Black,F,35,3.1,MS,-2.69,0.732738095,1
24618,White,M,42,3.6,SE,-0.25,0.867857143,1
24619,White,F,43,2.7,SC,0.52,0.794642857,1
24620,White,F,41,3.5,SE,0.52,0.845833333,1
24621,White,F,39,3.6,SC,0.75,0.830357143,1
24622,White,M,42,3.6,MS,-2.41,0.867857143,1
24623,White,F,41,3.7,MS,-0.61,0.864880952,1
24624,White,F,36,3.7,SE,-0.35,0.802380952,1
24625,White,F,45,3.6,NG,0.57,0.905357143,1
24626,Asian,M,38,4,NE,1.53,0.855952381,1
24628,Black,M,36,3.9,SE,0.6,0.821428571,1
24629,White,M,41,3.7,MS,-0.05,0.864880952,1
24630,White,F,43,3.4,GL,-0.61,0.861309524,1
24631,Black,M,35,2.9,MS,-1.28,0.713690476,0
24632,White,F,42,3.6,MS,-0.45,0.867857143,0
24633,White,F,42,3,NE,0.05,0.810714286,1
24634,White,F,44,3.4,MW,-1.74,0.873809524,1
24635,Hispanic,F,40,3.2,SE,-0.3,0.804761905,1
24636,White,F,42,3.1,MS,0.47,0.820238095,1
24637,Asian,M,40,3.5,GL,0.4,0.833333333,1
24638,Black,F,29.5,2.7,MS,-1.84,0.625892857,0
24639,White,F,41,3.8,SE,0.02,0.874404762,1
24640,Black,M,30,3.3,MS,-2.39,0.689285714,1
24641,Black,M,33,2.7,MS,-1.31,0.669642857,1
24643,White,F,42,3.7,NG,0.47,0.877380952,1
24644,Other,F,40,3.7,MS,0.17,0.852380952,1
24645,White,F,36,3.9,MS,-0.13,0.821428571,1
24646,White,F,42,3.2,Mt,-0.3,0.829761905,1
24647,White,F,40,3.8,NE,0.85,0.861904762,1
24648,White,F,37.5,3.4,SC,0.93,0.792559524,1
24649,White,F,38,3.3,SC,-1.21,0.789285714,1
24650,White,M,39,4.1,GL,-0.25,0.87797619,1
24651,Hispanic,F,30.5,3.5,SE,-0.08,0.714583333,1
24652,Black,F,30,2.7,MS,-2.89,0.632142857,0
24653,Asian,M,43,2.6,FW,0.57,0.785119048,1
24656,White,F,47,3.5,MS,0.25,0.920833333,1
24657,White,M,42,4,GL,0.5,0.905952381,1
24658,White,M,36,3.2,MS,-0.93,0.754761905,1
24659,White,F,45,3.5,NE,0.9,0.895833333,1
24660,White,F,46,3.4,GL,0.6,0.898809524,1
24661,Hispanic,M,37,3.9,MS,0.25,0.833928571,1
24662,White,M,39,4,MS,0.55,0.868452381,1
24663,White,F,41,3.8,SE,0.6,0.874404762,1
24664,White,M,45,2.7,SE,0.25,0.819642857,1
24665,White,F,41,3.9,SE,-0.48,0.883928571,1
24666,White,F,45,3.8,SE,0.65,0.924404762,1
24667,White,M,41,4,MS,0.15,0.893452381,1
24669,White,F,37,3.9,SE,-1.38,0.833928571,1
24670,Hispanic,F,39,3.2,MS,-1.08,0.792261905,1
24671,White,F,41,3.6,NE,1.28,0.855357143,1
24672,White,M,46,3.3,SC,1.2,0.889285714,1
24674,White,M,45,3.8,SC,0.02,0.924404762,1
24675,White,F,45,3.2,MS,0.85,0.867261905,1
24676,White,F,39,3.7,MW,0.15,0.839880952,1
24677,White,F,42,3.6,SE,0.93,0.867857143,1
24678,White,F,44,3.4,NE,0.32,0.873809524,1
24679,White,F,42,3.4,NE,0.35,0.848809524,1
24680,White,M,43,3.7,MS,1.33,0.889880952,1
24681,White,M,45,3.3,SE,0.12,0.876785714,1
24682,White,M,39,3.7,SE,-0.91,0.839880952,1
24683,White,M,43,3.7,MS,0.47,0.889880952,1
24684,White,F,43,3.8,MW,1.13,0.899404762,1
24685,Hispanic,F,37,3.2,SC,-0.73,0.767261905,1
24686,White,M,47,3.2,MS,0.45,0.892261905,1
24687,White,M,42,2.4,MS,0.15,0.753571429,0
24688,White,F,45,3.2,MS,-1.66,0.867261905,1
24689,Asian,F,40,3,NE,0.2,0.785714286,1
24690,White,F,46,3.4,MS,0.3,0.898809524,1
24691,White,M,39.5,3.6,SE,-0.38,0.836607143,1
24692,White,M,41,3.5,FW,0.37,0.845833333,1
24693,Other,F,41,3.3,MS,0.88,0.826785714,1
24694,Asian,M,42,3.2,GL,-1.03,0.829761905,1
24695,Other,F,43,3.9,MS,0.35,0.908928571,1
24696,White,F,44,3.5,MS,-0.35,0.883333333,1
24697,White,M,44,3.5,SE,1.03,0.883333333,1
24698,Black,F,33,2.7,MS,-1.28,0.669642857,1
24699,White,M,41,3.7,FW,-0.81,0.864880952,0
24700,White,F,37,3.3,SE,-0.43,0.776785714,1
24701,White,F,44,3.2,MS,1.03,0.854761905,1
24702,White,F,46,3.5,MS,0.57,0.908333333,1
24703,White,M,41,3.7,MS,-0.66,0.864880952,1
24704,White,F,43,3.5,SE,1.25,0.870833333,1
24705,Black,M,29,3.5,GL,-2.36,0.695833333,1
24706,White,F,42,3.4,MS,-0.3,0.848809524,1
24707,White,F,46,2.8,NG,-0.3,0.841666667,1
24708,Asian,F,39.5,3.1,SE,-0.23,0.788988095,1
24709,White,F,48,3.3,SE,0.22,0.914285714,1
24710,White,F,40,3.1,MS,-1.84,0.795238095,0
24711,White,F,39,3.5,MW,0.83,0.820833333,1
24712,Asian,F,29.5,3.7,NE,-0.05,0.721130952,1
24713,White,M,41,3.6,MS,-0.35,0.855357143,1
24714,Asian,F,42,3.3,FW,-0.08,0.839285714,1
24716,White,F,42,3.7,SE,0.35,0.877380952,1
24717,White,F,37,3.7,MS,1.05,0.814880952,1
24718,White,M,48,3.3,GL,0.27,0.914285714,1
24719,White,F,40,3.7,GL,0.55,0.852380952,1
24720,White,F,42,3.8,SE,0.45,0.886904762,1
24721,White,F,41,3.8,MS,1.43,0.874404762,1
24722,White,M,46,3.8,SE,-0.88,0.936904762,1
24723,White,M,41,3.7,SE,-0.96,0.864880952,1
24724,White,F,40,3.8,MS,1.08,0.861904762,1
24725,White,F,40,3.6,SC,-0.25,0.842857143,1
24726,White,F,39,3.8,GL,1.23,0.849404762,1
24727,White,F,43,3.7,SE,0.6,0.889880952,1
24728,White,M,42,3.8,SC,1.08,0.886904762,1
24729,White,F,44,3.6,FW,0.8,0.892857143,1
24730,White,M,42,3.9,SE,1.6,0.896428571,1
24731,White,M,38,3.9,GL,0.93,0.846428571,1
24732,White,M,35,3.9,SE,1.65,0.808928571,1
24735,Black,M,29,3.5,MS,-1.48,0.695833333,1
24736,Asian,M,42,3.4,SE,-0.78,0.848809524,1
24738,White,M,40,4.1,MS,0.07,0.89047619,1
24739,White,F,44,3.1,NE,0.05,0.845238095,1
24740,White,M,48,4,MS,2.58,0.980952381,1
24742,White,F,37.5,3.1,NE,-0.5,0.763988095,1
24743,Asian,F,35.5,3.9,GL,0.78,0.815178571,1
24744,Black,M,37,2.7,NE,-1.71,0.719642857,1
24746,White,M,43,3.4,NE,-0.3,0.861309524,1
24747,White,F,43,3.8,GL,0.78,0.899404762,1
24748,White,F,42,3.9,MS,1.15,0.896428571,1
24749,White,M,42,3.6,SC,0.7,0.867857143,1
24750,Black,F,39,3.3,SE,0.12,0.801785714,1
24751,White,M,37,3.6,NE,-0.02,0.805357143,1
24752,White,M,40,3.5,SC,1.13,0.833333333,1
24754,White,F,40,3.7,NE,-0.7,0.852380952,1
24756,White,F,42,3.4,SE,0.48,0.848809524,1
24757,White,M,39.5,3,NE,0.43,0.779464286,1
24759,White,F,37,3.6,SC,0.79,0.805357143,1
24760,White,F,35.5,3.5,Mt,-0.29,0.777083333,1
24761,White,F,35,3.2,SE,0.29,0.742261905,1
24762,White,F,40,3.2,NE,0.87,0.804761905,1
24763,White,M,38,3.5,NE,0.55,0.808333333,1
24764,White,M,40,3.2,SC,0.43,0.804761905,1
24765,White,F,39,3.4,Mt,0.89,0.811309524,1
24766,White,M,38,3.3,SC,1.35,0.789285714,1
24767,White,F,41,2.8,MS,0.75,0.779166667,1
24768,White,F,44,2.8,NG,0.58,0.816666667,1
24770,White,F,38,2.6,NE,-0.48,0.722619048,1
24771,White,F,44,3.2,FW,0.1,0.854761905,1
24772,White,M,37,3.8,NG,-0.19,0.824404762,1
24773,White,M,37,3.9,SC,0.7,0.833928571,1
24774,White,M,44,3.1,SC,1.3,0.845238095,1
24775,White,F,36,4,SC,1.11,0.830952381,1
24778,White,F,38,3.3,NE,0.3,0.789285714,1
24779,Black,F,28,2.7,SC,-1.11,0.607142857,0
24780,White,M,42,3.6,SC,-0.77,0.867857143,1
24781,White,F,40,2.7,MS,1.08,0.757142857,1
24782,Black,M,32,2.9,SC,-1.35,0.676190476,0
24783,White,F,38,3.6,SC,-0.19,0.817857143,1
24784,White,M,42,3.1,Mt,-0.24,0.820238095,0
24785,Black,F,29.5,2.6,NE,-1.25,0.616369048,0
24786,White,M,37,3.7,SC,1.4,0.814880952,1
24787,White,M,34,3.9,SC,-0.29,0.796428571,1
24788,White,M,34,3.8,NE,1.18,0.786904762,1
24789,White,F,36,3.5,NE,-1.85,0.783333333,1
24790,White,F,41,3,FW,0.87,0.798214286,1
24791,White,M,39,3.8,SC,0.31,0.849404762,1
24794,White,M,42,3.1,NE,0.36,0.820238095,1
24795,White,F,35,3.1,SC,0.15,0.732738095,1
24796,Black,M,29,2.9,FW,-1.49,0.638690476,0
24797,White,M,37,3.6,SC,-0.43,0.805357143,1
24798,White,M,33,3.7,NG,0.55,0.764880952,1
24801,White,F,35.3,3.3,NE,0.22,0.755535714,1
24803,Black,F,34,3.4,SE,-0.29,0.748809524,1
24804,White,M,39,3.1,NE,-0.1,0.782738095,0
24805,White,M,39,3.7,SC,1.76,0.839880952,1
24807,White,M,40,3.1,NE,-0.41,0.795238095,1
24808,Black,F,29,2.4,NE,-2.26,0.591071429,0
24809,White,F,40,3.2,NE,-0.12,0.804761905,1
24810,White,M,39.5,3.1,SE,0.51,0.788988095,1
24811,Asian,M,38,3.2,NE,1.3,0.779761905,1
24812,White,F,45,3.1,MS,-0.46,0.857738095,1
24813,Hispanic,M,40,3.6,SC,0.15,0.842857143,1
24814,White,F,42,3,MS,-0.43,0.810714286,1
24815,Black,M,33,2.6,SC,-0.79,0.660119048,1
24816,White,M,40.5,3.2,NE,1.08,0.811011905,1
24817,White,M,36,3.3,SC,0.75,0.764285714,1
24818,Black,M,34,2.3,FW,-0.29,0.644047619,0
24819,Black,M,28,3,SC,-0.86,0.635714286,1
24820,White,F,37.5,3.2,MS,0.6,0.773511905,0
24821,White,F,45,3.1,MS,0.91,0.857738095,1
24822,White,M,38,3.5,SE,0.55,0.808333333,1
24823,White,F,39,3.4,MW,1.61,0.811309524,1
24824,White,M,33,3.2,MS,0.03,0.717261905,0
24825,White,F,38,3.4,GL,-0.29,0.798809524,1
24826,Other,M,36.5,3.5,MS,0.07,0.789583333,1
24828,White,F,40,3.7,GL,-0.12,0.852380952,1
24829,White,F,46,3.8,SE,1.44,0.936904762,1
24830,White,F,37,3.5,SE,-1.49,0.795833333,0
24831,White,F,43,3.6,SC,1.18,0.880357143,1
24832,White,F,39,3.6,NG,1.3,0.830357143,1
24833,White,F,41,3.1,GL,-1.35,0.807738095,1
24835,White,F,39,3,SC,-0.22,0.773214286,1
24836,White,F,36,2.8,NG,-1.13,0.716666667,1
24837,White,F,42,2.9,NE,0.87,0.801190476,1
24839,White,F,43,2.9,NE,0.12,0.813690476,1
24840,White,M,35,3.2,SC,-2.36,0.742261905,1
24841,Black,M,18,3.4,NE,-1.49,0.548809524,1
24842,White,F,39,3.8,GL,0.17,0.849404762,1
24843,Black,M,28,3.3,SC,-0.79,0.664285714,1
24844,White,F,32,3.2,SC,0.19,0.704761905,1
24845,White,F,35,3.5,SC,0.87,0.770833333,1
24846,White,F,38.5,3.8,SC,1.04,0.843154762,1
24847,Black,M,31,3.5,SC,0.77,0.720833333,1
24848,White,F,47,2.3,NG,0.51,0.806547619,1
24849,White,M,32.5,3.7,SC,0.91,0.758630952,1
24850,White,F,43,2,NE,-0.6,0.72797619,1
24851,White,M,36,2.9,SC,0.27,0.726190476,1
24852,White,M,40,3.3,NE,0.65,0.814285714,1
24853,White,F,37,3.1,NE,0.05,0.757738095,1
24854,White,F,40,3.2,NG,-0.62,0.804761905,1
24855,White,M,41,3.4,SC,-0.74,0.836309524,0
24856,White,F,42,3.1,GL,0.17,0.820238095,1
24857,White,F,38,3.3,Mt,-0.1,0.789285714,1
24858,White,M,36,3.4,NE,1.49,0.773809524,1
24860,White,F,39,3.1,FW,-0.22,0.782738095,1
24861,White,F,34.3,3.2,SC,1.42,0.733511905,1
24862,Black,M,34,2.8,SC,-1.83,0.691666667,0
24863,White,M,39,3.3,NE,0.53,0.801785714,1
24864,Black,M,35,2.9,SC,-0.84,0.713690476,1
24865,White,F,37,3.2,SC,0.53,0.767261905,1
24866,White,F,44,2.7,NE,-0.17,0.807142857,1
24867,Hispanic,M,33,3.7,GL,0.17,0.764880952,1
24868,White,M,38,3.7,SC,1.66,0.827380952,1
24869,Black,F,33,3.1,SC,-1.92,0.707738095,0
24870,White,F,41,3.1,SC,-1.63,0.807738095,1
24872,Black,M,40,3.5,SC,1.11,0.833333333,1
24873,White,F,35.5,3.1,FW,-1.87,0.738988095,0
24874,White,F,48,2.7,NG,0.15,0.857142857,1
24875,Hispanic,M,34,3.3,SC,-0.79,0.739285714,0
24877,White,M,37,2.8,SC,0.72,0.729166667,1
24878,Black,M,16,3.1,NE,-2.45,0.495238095,0
24879,White,F,34.5,3.3,SC,0.6,0.745535714,1
24880,White,F,37,3.2,SC,0.15,0.767261905,1
24881,White,F,36,3.7,NE,-0.7,0.802380952,1
24882,White,M,38,3.3,FW,0.77,0.789285714,1
24883,White,F,41,3.2,SC,-0.48,0.817261905,1
24884,White,F,39,3,NE,0.41,0.773214286,1
24885,White,M,37,3.1,SE,-0.72,0.757738095,1
24886,Black,M,37,2.5,SE,-0.96,0.700595238,1
24887,White,F,37,3.5,SC,0.1,0.795833333,1
24888,Asian,M,33,3.1,NE,-1.03,0.707738095,1
24889,Asian,M,29,3.5,FW,-1.35,0.695833333,0
24890,White,M,38,3.6,GL,0.07,0.817857143,1
24892,White,M,38,3.4,GL,-0.36,0.798809524,1
24893,White,M,36,3.4,GL,0.78,0.773809524,1
24894,White,F,41,3.4,GL,0.12,0.836309524,1
24895,Asian,M,41,3.2,GL,-0.47,0.817261905,1
24896,White,M,42,3.3,GL,0.25,0.839285714,1
24897,White,F,38,3.3,GL,0.07,0.789285714,1
24898,White,M,39,3.4,GL,-0.06,0.811309524,1
24899,White,F,42,3.2,GL,1.7,0.829761905,1
24900,White,M,36,3.5,GL,-0.31,0.783333333,1
24901,Asian,F,38,2.9,GL,-0.31,0.751190476,1
24902,White,F,45,3.6,GL,0.55,0.905357143,1
24903,Black,F,35,2.9,MW,-2.12,0.713690476,0
24904,White,M,36,3.8,GL,0.6,0.811904762,1
24905,White,M,37,3.2,GL,-0.47,0.767261905,1
24906,White,M,42,3,GL,0.07,0.810714286,1
24908,White,M,36.5,2.9,GL,0.02,0.732440476,1
24909,Asian,M,30,3.2,GL,-1.51,0.679761905,1
24910,White,F,43,2.9,GL,0.2,0.813690476,1
24911,White,M,36,3.7,GL,0.43,0.802380952,1
24912,White,F,43,3,GL,1.47,0.823214286,1
24913,White,F,42,3.5,GL,1.78,0.858333333,1
24914,White,M,44,4,GL,1.39,0.930952381,1
24915,White,M,31,3.6,GL,-0.19,0.730357143,1
24916,Hispanic,M,42,3.1,GL,-1.21,0.820238095,1
24917,White,F,37,3.5,GL,0.6,0.795833333,1
24918,White,F,42,3.3,GL,0.86,0.839285714,1
24919,White,M,41,3.1,GL,0.12,0.807738095,1
24920,White,M,36,3.7,GL,-0.31,0.802380952,1
24921,White,M,38,3.3,GL,0.25,0.789285714,1
24922,White,F,38,3.2,GL,0.99,0.779761905,1
24923,White,M,37,3.6,MS,0.3,0.805357143,1
24924,White,F,34,3.4,GL,-0.47,0.748809524,1
24926,White,M,43,3.8,GL,1.14,0.899404762,1
24927,White,F,37,4,GL,1.22,0.843452381,1
24928,Other,F,41,2.9,GL,0.2,0.788690476,1
24929,White,F,41,3.6,GL,1.22,0.855357143,1
24930,White,F,37,2.8,GL,1.04,0.729166667,1
24931,White,F,41,3.1,GL,0.02,0.807738095,1
24932,White,F,40,3.4,GL,0.17,0.823809524,1
24933,White,M,38,3.5,GL,0.55,0.808333333,1
24934,White,M,43,3.4,GL,-0.01,0.861309524,1
24935,Hispanic,M,34,2.8,GL,-0.59,0.691666667,1
24936,White,F,38.5,3.6,GL,0.5,0.824107143,1
24937,White,F,38,3.3,GL,-1.82,0.789285714,1
24938,White,F,39,3.7,GL,0.43,0.839880952,1
24939,Asian,F,39,3.4,GL,-1.03,0.811309524,1
24942,White,M,42,3.2,GL,0.78,0.829761905,1
24944,Asian,M,42,3.5,GL,1.27,0.858333333,1
24945,Asian,F,44,3.1,GL,-1.51,0.845238095,1
24946,White,F,41,2.9,GL,0.02,0.788690476,1
24947,White,M,39,3.8,GL,-0.77,0.849404762,1
24948,White,M,42,3.3,GL,0.25,0.839285714,1
24950,White,F,40,2.7,GL,-1.74,0.757142857,1
24951,White,F,39,3.7,GL,0.96,0.839880952,1
24952,White,M,36,3.6,GL,-0.29,0.792857143,1
24953,White,M,40,3.3,GL,0.5,0.814285714,1
24954,White,F,36,3.1,GL,0.2,0.745238095,1
24955,White,M,29,3,MW,-1,0.648214286,1
24956,White,M,42,3.7,GL,1.16,0.877380952,1
24957,White,F,40,2.6,GL,-0.19,0.747619048,1
24959,White,F,37,3.5,GL,-0.14,0.795833333,1
24960,White,M,41,3.7,NE,1.88,0.864880952,1
24961,White,F,41.5,2.9,GL,0.99,0.794940476,1
24962,White,M,37.5,2.6,GL,-0.98,0.716369048,1
24963,White,F,40,3.9,GL,0.96,0.871428571,1
24964,White,M,39,3.3,GL,0.81,0.801785714,1
24965,White,M,39,3.5,GL,0.86,0.820833333,1
24966,White,F,42,3.6,GL,0.6,0.867857143,1
24968,White,M,37,3.4,GL,-0.06,0.786309524,1
24970,White,F,40,3.2,GL,-0.19,0.804761905,1
24971,White,M,40,4,GL,1.09,0.880952381,1
24972,White,F,39,3.5,GL,-1.21,0.820833333,1
24973,Other,F,38,3.1,GL,-1.03,0.770238095,1
24974,White,M,39,3.3,FW,-0.98,0.801785714,1
24975,White,F,42,3.7,GL,0.48,0.877380952,1
24976,Hispanic,M,32,3.5,SE,-1.59,0.733333333,1
24979,White,M,42,3.7,GL,0.48,0.877380952,1
24980,Amerindian,F,33,3,FW,-1.08,0.698214286,0
24981,Hispanic,M,30,3.4,GL,-0.29,0.698809524,1
24982,White,F,39,3.3,NG,0.17,0.801785714,1
24983,White,M,40,3.3,GL,0.91,0.814285714,1
24984,White,M,39,3.4,GL,-0.7,0.811309524,1
24985,White,M,37,3.5,GL,0.58,0.795833333,1
24986,White,F,44,3.2,NE,0.17,0.854761905,1
24987,White,F,36.5,3.5,GL,0.78,0.789583333,1
24988,White,M,38,3.5,GL,-1.08,0.808333333,1
24989,White,M,39,3.3,FW,-1.03,0.801785714,1
24990,White,F,42,3.4,GL,-0.9,0.848809524,1
24991,Asian,M,44,2.6,GL,-2,0.797619048,1
24992,White,M,37,3.3,GL,0.55,0.776785714,1
24993,White,M,42,3.4,GL,1.75,0.848809524,1
24994,White,M,38,3.8,GL,1.29,0.836904762,1
24995,White,M,36,2.9,GL,-1.59,0.726190476,1
24996,Asian,M,34,3,GL,-0.29,0.710714286,1
24998,White,M,37,3.8,GL,-0.31,0.824404762,1
24999,White,M,43,3.3,GL,-0.11,0.851785714,1
25000,White,F,39,3.2,GL,0.2,0.792261905,1
25001,White,M,39,3.5,GL,0.86,0.820833333,1
25003,White,F,39,3.3,GL,0.65,0.801785714,1
25004,White,M,33,3.4,GL,-0.49,0.736309524,1
25006,White,F,42,3.1,GL,-0.14,0.820238095,1
25007,White,M,36,3.8,GL,0.14,0.811904762,1
25008,White,F,39,3.2,GL,-0.44,0.792261905,1
25009,White,F,41,3.2,GL,-0.08,0.817261905,1
25010,White,F,38,3.1,GL,0.5,0.770238095,1
25011,White,M,41,3.8,GL,1.55,0.874404762,1
25012,White,M,32.3,3.3,GL,-0.44,0.718035714,1
25014,White,M,39,3.9,GL,1.14,0.858928571,1
25015,White,M,37,3.2,GL,0.2,0.767261905,1
25016,White,M,40,3,GL,1.55,0.785714286,1
25018,White,F,36,3.2,GL,-0.85,0.754761905,1
25019,White,M,42,3.8,GL,1.27,0.886904762,1
25020,White,M,37,3.8,GL,-0.77,0.824404762,1
25021,White,M,43,3.3,GL,-0.9,0.851785714,1
25022,Hispanic,M,37.5,3.1,GL,-1.1,0.763988095,1
25023,White,M,41,3.5,GL,0.07,0.845833333,1
25024,White,F,40,3.3,GL,1.57,0.814285714,1
25025,White,M,44,3.6,GL,1.47,0.892857143,1
25026,Mexican,F,37,3,GL,-0.54,0.748214286,1
25027,White,M,42,3.4,GL,-1.1,0.848809524,1
25028,White,M,34.5,3.3,GL,-0.95,0.745535714,1
25029,White,F,39,3.6,GL,-1.1,0.830357143,1
25030,White,M,40,3.4,GL,-0.29,0.823809524,1
25031,White,M,37,3.5,GL,-0.98,0.795833333,1
25032,White,F,37,3.8,GL,-0.11,0.824404762,1
25033,White,M,40,3.7,GL,1.04,0.852380952,1
25034,White,F,44,3.1,NW,-1.56,0.845238095,1
25035,White,F,43,2.9,GL,0.07,0.813690476,1
25036,White,M,36,3.5,GL,0.5,0.783333333,1
25037,White,M,40,3.2,GL,-1.03,0.804761905,1
25038,White,M,32,3.5,GL,-0.77,0.733333333,1
25039,White,M,39,3.3,GL,-0.59,0.801785714,1
25040,White,F,43,3.7,GL,1.6,0.889880952,1
25041,White,M,37,3.8,GL,0.32,0.824404762,1
25042,White,M,36,3.6,FW,1.47,0.792857143,1
25043,White,M,42,3.5,GL,1.44,0.858333333,1
25045,White,F,32.5,3.2,MS,-1.29,0.711011905,1
25046,Black,M,27.7,3,MS,-1.61,0.631964286,1
25047,White,F,40,2.9,MS,1.59,0.776190476,1
25048,Asian,M,37,2.8,MS,-1.73,0.729166667,0
25049,Asian,F,35.5,3.4,FW,-0.54,0.767559524,0
25050,White,M,41,3.4,MS,-0.39,0.836309524,1
25051,White,F,38,3.1,NE,0.58,0.770238095,0
25052,White,M,41,2.8,Mt,0.49,0.779166667,1
25053,White,F,39.5,3.2,MS,1.24,0.798511905,1
25054,Other,F,36,2.9,FW,1.77,0.726190476,1
25055,White,F,35,2.3,SE,0.46,0.656547619,1
25056,White,M,33,3.5,MS,-0.54,0.745833333,0
25057,Asian,M,38,3,NE,-1.29,0.760714286,1
25058,White,F,37,3.3,MS,-0.17,0.776785714,1
25059,White,F,39,3.1,MS,0.87,0.782738095,1
25060,White,M,39,3.6,MS,0.52,0.830357143,1
25061,Asian,F,42,2.8,MS,-0.64,0.791666667,0
25062,White,M,41,3.6,FW,-0.26,0.855357143,1
25063,White,F,37,2.6,MS,-1.29,0.710119048,1
25064,White,F,38,2.6,MS,2.24,0.722619048,1
25065,White,F,39,3.5,NE,0.37,0.820833333,1
25066,White,F,37.7,3.3,MS,-0.92,0.785535714,0
25067,White,M,39,2.9,MS,-0.17,0.763690476,0
25068,White,F,35,2.8,MS,-1.79,0.704166667,0
25070,White,F,35.5,3.5,NE,-1.14,0.777083333,0
25071,Asian,M,38,2.8,FW,-0.64,0.741666667,0
25072,Black,M,22.5,3,NG,-1.95,0.566964286,0
25073,White,F,42,3.3,MS,1.9,0.839285714,1
25074,White,M,40,2.7,MS,1.62,0.757142857,1
25075,White,F,33,3.2,MS,-0.14,0.717261905,0
25077,White,F,40,2.5,MS,-1.2,0.738095238,1
25078,Hispanic,M,28,3.6,MS,-0.89,0.692857143,0
25079,White,M,38,3.2,MS,1.15,0.779761905,1
25080,White,F,30,3.8,FW,-0.01,0.736904762,0
25082,White,M,35,3.6,MS,0.74,0.780357143,1
25083,White,F,36,3.4,Mt,-0.01,0.773809524,1
25086,White,M,30,3.7,MS,-0.64,0.727380952,0
25087,White,M,36,3.5,MS,0.05,0.783333333,1
25088,White,F,37.5,3.7,MS,0.05,0.821130952,0
25090,White,F,32,3.8,NG,0.37,0.761904762,1
25091,White,M,36.5,3,MS,1.27,0.741964286,1
25092,White,F,32.5,2.8,FW,1.99,0.672916667,1
25093,White,F,39,3.2,NE,-0.26,0.792261905,1
25094,White,M,40,3.2,NE,0.8,0.804761905,1
25097,White,F,41,3,MS,0.05,0.798214286,1
25098,White,M,42,3.2,MS,-0.39,0.829761905,1
25099,White,M,37,3.2,NG,0.62,0.767261905,1
25100,White,M,35,3.4,MS,-0.32,0.761309524,0
25102,White,M,40,3.2,MS,0.87,0.804761905,1
25103,White,F,46,3.1,NE,0.49,0.870238095,1
25104,White,F,43,2.7,NE,0.65,0.794642857,1
25105,White,F,39,2.4,MS,-0.23,0.716071429,1
25106,White,M,36,3.2,MS,-0.23,0.754761905,0
25107,Asian,M,38,3.1,MS,-0.04,0.770238095,1
25108,White,M,46,3.8,MS,0.74,0.936904762,0
25110,White,M,35.5,3.1,MS,-0.48,0.738988095,1
25111,White,F,43,3.1,MS,0.8,0.832738095,1
25112,White,F,43,2.8,NE,0.65,0.804166667,1
25113,White,F,33,3.5,NE,0.05,0.745833333,1
25114,White,M,40,3.5,NE,2.43,0.833333333,1
25115,White,F,40,3,NG,-0.32,0.785714286,1
25116,White,F,26,3.1,MS,-0.14,0.620238095,1
25117,White,M,39,3.6,MS,-0.98,0.830357143,1
25118,Other,F,43,2.9,MS,-0.64,0.813690476,1
25120,White,F,38,3,NE,0.52,0.760714286,1
25121,White,M,40,3.2,GL,-1.51,0.804761905,1
25122,White,M,40,3.1,Mt,0.65,0.795238095,1
25123,White,M,40,3.4,GL,1.12,0.823809524,1
25124,Other,M,38,3,MW,-0.45,0.760714286,1
25125,White,M,41,2.9,NG,0.27,0.788690476,1
25126,White,F,37.5,3,FW,-0.95,0.754464286,0
25127,White,F,42,3,MS,1.52,0.810714286,1
25128,White,M,42,3.2,NE,0.33,0.829761905,1
25129,White,M,43,3.2,MS,1.68,0.842261905,1
25130,White,F,45,2.6,MS,-1.04,0.810119048,0
25131,White,F,33,3.9,MS,-0.48,0.783928571,0
25133,Other,M,30.5,3.4,MS,-0.32,0.705059524,1
25134,White,F,47,2.8,MS,0.65,0.854166667,1
25135,White,F,44,3,MS,0.68,0.835714286,1
25136,White,M,35.5,3.5,MS,1.74,0.777083333,1
25137,White,M,37,3.8,MS,1.71,0.824404762,1
25138,Asian,M,36,3.3,MS,-0.17,0.764285714,1
25139,White,F,39,2.6,MS,0.02,0.735119048,0
25141,White,F,32,2.8,NE,-1.98,0.666666667,1
25142,White,M,33,3,NE,-0.07,0.698214286,1
25143,White,F,25.3,2.8,NE,-1.89,0.582916667,0
25144,White,F,37,2.5,NE,-0.63,0.700595238,1
25145,White,M,31,3.2,NE,-1.26,0.692261905,1
25146,White,F,36,2.4,MS,-1.07,0.678571429,1
25147,White,M,27,3.8,NE,0.58,0.699404762,1
25149,White,M,33,3.1,NE,-0.75,0.707738095,0
25150,White,M,32,3.6,MS,1.09,0.742857143,1
25152,White,F,33,3.2,NE,-0.07,0.717261905,1
25155,White,M,47,3.7,NE,1.64,0.939880952,1
25157,White,M,30,3.6,MS,0.53,0.717857143,1
25158,White,F,39,3.2,NE,2.27,0.792261905,1
25160,White,F,31.5,3.2,NE,-0.24,0.698511905,1
25162,White,F,34,3.1,NE,1.09,0.720238095,1
25163,White,F,29,2.6,NE,0.19,0.610119048,1
25164,White,F,28,3.4,NE,1.16,0.673809524,1
25165,White,F,32.5,3.2,NE,-0.7,0.711011905,1
25166,White,F,31,3.1,NE,-0.41,0.682738095,1
25167,White,F,34,3,SE,0.19,0.710714286,1
25168,White,M,34,3.1,NE,-0.24,0.720238095,1
25169,Asian,F,26.7,3.1,MS,-0.22,0.628988095,0
25170,White,M,24,3.3,NE,-1.57,0.614285714,1
25171,White,F,36,3.1,NE,2.01,0.745238095,1
25172,White,F,34,3.1,NE,-1.26,0.720238095,1
25173,White,F,32,3.4,NE,-1.11,0.723809524,1
25174,White,M,24,3.2,NE,-0.41,0.604761905,0
25175,White,F,42,2.3,NG,-0.97,0.744047619,1
25176,White,M,31,3.6,NE,1.59,0.730357143,1
25177,White,M,43,2.4,NE,0.55,0.766071429,1
25178,White,M,33,2.8,NE,0.05,0.679166667,1
25179,White,M,32,2.4,NE,-0.41,0.628571429,0
25180,White,M,37,2.7,NE,0.39,0.719642857,1
25181,White,F,35,3,NE,-0.12,0.723214286,1
25183,White,F,32,3.2,NE,1.4,0.704761905,1
25184,White,F,40,2.4,NE,-0.82,0.728571429,0
25185,White,F,37,3.1,NE,2.44,0.757738095,1
25186,White,F,29,3.4,NE,0.53,0.686309524,1
25187,White,M,32,3.7,NE,1.76,0.752380952,1
25188,White,F,31,3.3,NE,-0.56,0.701785714,1
25189,White,F,33.5,2.6,MS,0.19,0.666369048,1
25190,White,M,33,2.7,NE,1.35,0.669642857,1
25191,White,F,33.5,2.4,NE,0.8,0.647321429,1
25192,White,F,35,2.8,NE,0.31,0.704166667,1
25193,White,F,33,2.8,Mt,-0.07,0.679166667,1
25194,White,F,34,3.3,NE,0.75,0.739285714,1
25195,White,F,37,3.1,NE,0.55,0.757738095,1
25196,White,M,32,3.3,NE,0.22,0.714285714,1
25197,White,F,35,3.1,NE,-1.28,0.732738095,1
25198,White,F,39,3.1,NE,0.48,0.782738095,1
25199,White,F,32,3,NE,0.1,0.685714286,1
25200,White,F,34,3,NE,0.43,0.710714286,1
25201,White,M,30.5,3.5,MS,-0.41,0.714583333,1
25202,White,M,32,3.3,NE,1.64,0.714285714,1
25204,White,F,31.5,3.1,NE,-0.65,0.688988095,1
25205,White,M,40,2.7,NE,0.8,0.757142857,1
25206,White,F,36,2.6,NE,1.26,0.697619048,1
25207,White,F,42,2.5,NE,-0.97,0.763095238,1
25208,White,F,38,3,MS,1.62,0.760714286,1
25211,White,M,26.5,3.4,NE,-1.36,0.655059524,0
25212,White,F,35,2.8,NE,0.19,0.704166667,0
25213,White,F,33.5,3,MS,0.39,0.704464286,1
25214,White,F,34,3,MS,-0.75,0.710714286,1
25215,White,F,35,3.4,NE,-0.19,0.761309524,1
25216,White,F,34,2.9,MS,1.01,0.701190476,1
25217,White,F,37,2.4,NE,1.26,0.691071429,1
25218,White,F,34,3.1,NE,1.43,0.720238095,1
25219,White,M,31.5,3.4,NE,-0.92,0.717559524,1
25220,White,M,34,3.3,NE,-1.91,0.739285714,1
25221,White,M,35,3,NE,-0.29,0.723214286,1
25224,White,M,42,3.1,NE,0.5,0.820238095,1
25225,White,F,39,3.2,NE,0.49,0.792261905,1
25226,White,M,33,3.2,NE,-1.25,0.717261905,1
25227,White,F,38,3.1,NE,-1.04,0.770238095,1
25228,White,M,41,3.9,NG,2.49,0.883928571,1
25229,White,M,40,3.1,NE,-0.63,0.795238095,1
25230,White,F,36,3.3,NE,0.93,0.764285714,1
25232,White,F,36,3.1,NE,0.99,0.745238095,1
25233,White,M,46,3.4,NE,0.79,0.898809524,1
25234,White,F,46,2.6,NE,0.1,0.822619048,1
25235,White,F,36,3.4,MS,-0.07,0.773809524,1
25236,White,F,33,3.5,NE,0.27,0.745833333,1
25237,White,M,36,3.2,NE,1.78,0.754761905,1
25238,White,M,37,3.2,NE,-0.79,0.767261905,1
25239,White,M,39,3.1,NE,-0.25,0.782738095,1
25240,White,M,34,3.3,NG,0.2,0.739285714,1
25241,White,F,37,3.1,NE,-1.11,0.757738095,1
25242,White,M,36,3.6,NG,0.45,0.792857143,1
25243,White,M,36,3.6,NE,-1.15,0.792857143,1
25244,White,F,35,3.2,NE,-1.33,0.742261905,1
25245,White,F,42,2.9,NE,0.43,0.801190476,1
25248,Other,M,26,3,NE,-1.4,0.610714286,0
25249,White,M,40,3.4,NE,0.45,0.823809524,1
25250,White,F,40,2.9,NE,0.64,0.776190476,1
25251,Black,M,28,2.9,SE,-1.4,0.626190476,0
25252,White,M,33.5,3.5,NE,0.33,0.752083333,1
25253,White,F,37,3.2,NE,-0.52,0.767261905,1
25254,White,F,43,3.4,NE,1.93,0.861309524,1
25255,White,M,39,3,NE,-0.73,0.773214286,1
25256,White,F,39,3.6,NE,1.68,0.830357143,1
25257,White,F,40,3.5,NE,-1.25,0.833333333,0
25258,Asian,F,38,2.4,NG,1.03,0.703571429,1
25259,White,M,39,3.7,NE,-0.34,0.839880952,1
25260,Asian,M,31.5,2.9,NE,-1.56,0.669940476,0
25262,White,M,38,3.2,NG,0.16,0.779761905,1
25264,White,F,37,3.6,NE,1.1,0.805357143,1
25265,White,M,36,3.3,NG,-0.48,0.764285714,1
25266,White,M,37,3.1,NE,0.49,0.757738095,1
25267,White,M,44,3.5,NE,1.62,0.883333333,1
25268,White,F,35,3.5,NE,-1.75,0.770833333,1
25269,Puertorican,M,31.5,3.1,NE,-1,0.688988095,1
25270,White,M,39,3.2,NE,0.77,0.792261905,1
25271,White,F,41,3,NE,0.08,0.798214286,1
25272,Asian,F,41,2.9,NE,-1.71,0.788690476,1
25273,White,F,35,3.1,NE,0.56,0.732738095,1
25274,White,F,37.5,3,NE,0.81,0.754464286,1
25275,White,M,42,3.1,NE,-1.06,0.820238095,1
25276,White,F,37,3.6,NG,0.87,0.805357143,1
25277,White,M,33,3.1,NE,-0.71,0.707738095,1
25278,White,F,40,3.3,NE,1.1,0.814285714,1
25279,White,M,38,3.4,NE,-0.03,0.798809524,1
25280,White,F,45,3.3,NE,0.74,0.876785714,1
25281,White,F,36.5,3.8,NE,0.6,0.818154762,1
25282,Other,F,40,2.8,NE,1.41,0.766666667,1
25283,White,M,37,3.8,NG,1.31,0.824404762,1
25284,Asian,M,34.5,3.3,SE,-1.17,0.745535714,1
25285,White,M,39,3.5,NE,0.24,0.820833333,1
25287,White,F,35,2.9,NE,-0.25,0.713690476,1
25288,White,M,34,3.5,NE,-0.11,0.758333333,1
25289,White,M,35,3.7,NE,0.43,0.789880952,1
25290,White,M,39,3.5,NE,-0.15,0.820833333,1
25291,White,F,34.5,3.2,NE,1.3,0.736011905,1
25292,White,M,39,3.7,NE,0.02,0.839880952,1
25293,White,M,28,3.3,SC,-1.04,0.664285714,1
25294,White,F,31,2.7,SC,1.75,0.644642857,1
25295,White,M,26.5,3.6,NE,1.54,0.674107143,1
25296,White,F,33,3,SC,-0.63,0.698214286,1
25297,White,F,31,2.8,SC,-0.68,0.654166667,1
25298,White,M,30,3.3,SC,-0.41,0.689285714,1
25303,Amerindian,F,34,3.9,SC,-0.34,0.796428571,0
25305,White,M,28,3.2,SC,0.23,0.654761905,1
25308,Asian,M,36.5,2.9,NW,0.64,0.732440476,1
25309,White,F,31,3.1,SC,-0.75,0.682738095,1
25310,White,M,28,3.1,SC,0.9,0.645238095,0
25311,White,F,29,3,SC,-0.02,0.648214286,1
25312,White,F,28,3.3,NG,0.28,0.664285714,1
25314,White,F,31,2.9,GL,1.12,0.663690476,1
25315,White,F,28,3,SC,-0.58,0.635714286,1
25317,White,M,36,2.9,SC,0.17,0.726190476,1
25318,White,F,30,3,SC,1.1,0.660714286,1
25321,White,F,33,2.6,SC,-0.98,0.660119048,1
25322,White,F,34,2.7,NE,0.34,0.682142857,1
25323,White,F,29.5,2.9,SC,-0.75,0.644940476,1
25325,White,F,32,3,GL,0.98,0.685714286,1
25327,White,F,33.5,2.6,SC,1.6,0.666369048,1
25328,White,F,28,3.2,SC,1.32,0.654761905,1
25331,White,F,27,3.3,SC,-0.59,0.651785714,1
25332,White,F,30,3.1,SC,0.48,0.670238095,1
25333,White,F,28,3.2,SC,0.26,0.654761905,1
25334,White,F,33,2.9,SC,0.09,0.688690476,1
25335,White,F,27,3.2,SC,0.62,0.642261905,1
25336,White,F,35,2.7,SC,1.49,0.694642857,1
25338,White,F,38,3.6,SC,2.26,0.817857143,1
25341,White,F,36,3,SC,0.9,0.735714286,1
25342,White,F,31,3.4,GL,-0.18,0.711309524,1
25343,White,F,30,2.7,SC,-0.5,0.632142857,1
25344,White,M,31,2.8,SC,-0.39,0.654166667,1
25345,White,M,31,3.1,SC,1.08,0.682738095,1
25346,White,F,31,3.1,SC,-0.32,0.682738095,1
25348,White,M,30,3.3,SC,0.75,0.689285714,1
25350,White,F,31,2.7,SC,0.33,0.644642857,1
25351,White,F,32,2.9,SE,0.8,0.676190476,1
25352,White,F,27.5,3.1,SC,-0.02,0.638988095,0
25353,White,M,27.7,3.6,SC,0.55,0.689107143,1
25354,White,M,30,3,SC,0.26,0.660714286,1
25355,White,F,33,3,SC,0.41,0.698214286,1
25356,White,F,31,3.1,SC,0.89,0.682738095,1
25357,White,F,33,2.4,NE,0.12,0.641071429,1
25358,White,M,38,3.4,SC,-0.17,0.798809524,1
25359,White,M,32,3.4,SC,0.75,0.723809524,1
25360,White,M,23.5,2.8,SC,-1.63,0.560416667,0
25361,White,F,45,2.7,NE,1.42,0.819642857,1
25362,White,M,42,3.5,MS,0.24,0.858333333,1
25363,White,F,38,3,NE,-0.26,0.760714286,1
25364,White,F,38,3.5,MS,0.84,0.808333333,1
25366,Black,F,43,2.5,SC,0.43,0.775595238,1
25367,White,M,36,3.3,SC,-0.26,0.764285714,1
25368,White,F,39,3.4,NE,0.75,0.811309524,1
25369,White,F,38,3.1,Mt,0.63,0.770238095,1
25370,White,F,38,3.9,FW,0.43,0.846428571,1
25371,Hispanic,F,42,2.7,GL,-0.6,0.782142857,1
25372,White,F,39,3,GL,-0.48,0.773214286,1
25373,White,M,34,4,SC,1.01,0.805952381,1
25374,Asian,F,33,3.4,FW,-0.36,0.736309524,1
25375,White,F,39,3.8,SE,1.85,0.849404762,1
25377,White,F,44,2.7,FW,0.22,0.807142857,1
25378,Puertorican,F,30,2.9,SE,-1.59,0.651190476,0
25379,Other,F,39,3.2,FW,0.17,0.792261905,1
25380,White,M,37.5,3.1,NE,-0.38,0.763988095,1
25381,White,F,41,3.2,NE,0.46,0.817261905,1
25382,White,F,38,3,NE,0.24,0.760714286,1
25383,White,F,45,3.5,SC,0.15,0.895833333,0
25384,White,M,37,3.8,Mt,0.77,0.824404762,1
25385,White,F,33,2.4,SC,-0.96,0.641071429,1
25386,White,M,40,3,NE,-0.43,0.785714286,1
25387,White,M,35,3.6,SC,0.96,0.780357143,1
25388,White,M,36,3.5,SC,2.09,0.783333333,1
25389,Other,F,36,3.7,SC,-0.53,0.802380952,1
25390,White,M,42,3.3,FW,0.12,0.839285714,0
25391,White,M,32,3.1,SC,-0.17,0.695238095,1
25392,Puertorican,F,39,2.7,SC,-0.38,0.744642857,0
25393,White,M,38,3.1,SE,0.84,0.770238095,1
25394,White,F,43,3.2,GL,-0.79,0.842261905,1
25395,White,M,41,3.5,NE,-0.48,0.845833333,1
25396,White,F,37,3.6,NG,0.79,0.805357143,1
25397,Hispanic,F,34,3.6,SC,0.31,0.767857143,1
25398,White,M,40,3.9,Mt,1.59,0.871428571,1
25399,White,F,38,3.5,FW,0.99,0.808333333,1
25400,White,M,34.5,3.5,SC,0.7,0.764583333,1
25401,Black,M,27,3.1,SC,-0.79,0.632738095,0
25402,Black,F,24,3.4,SC,-1.49,0.623809524,0
25403,Other,F,36,3.5,GL,-0.19,0.783333333,0
25404,White,F,42,3.1,NE,-0.19,0.820238095,1
25405,Black,M,38,3.8,SE,0.67,0.836904762,1
25406,Black,F,27,3.2,FW,-1.51,0.642261905,0
25408,Asian,F,37.7,3.1,FW,0.1,0.766488095,0
25409,White,M,38,3.2,NE,-0.82,0.779761905,1
25410,White,F,39,3.1,NE,0.22,0.782738095,1
25411,Black,M,28,2.8,SC,-1.9,0.616666667,1
25413,White,F,39,2.5,SE,1.61,0.725595238,1
25414,White,F,38,3.1,MS,0.6,0.770238095,1
25415,White,F,41,3.2,MS,0.31,0.817261905,1
25416,White,F,45,2.6,NE,0.07,0.810119048,1
25417,White,F,31,2.7,SC,-2.02,0.644642857,0
25420,Other,F,35.3,3.3,FW,0.22,0.755535714,0
25421,Black,M,28.5,3.4,NE,-0.7,0.680059524,1
25423,White,F,41,3.6,SC,0.03,0.855357143,1
25424,White,F,27.5,3.3,GL,-1.49,0.658035714,1
25425,Asian,F,42,2.7,GL,-0.5,0.782142857,1
25426,White,F,27,3.1,NG,-0.82,0.632738095,1
25427,White,F,46,2.9,SC,-0.86,0.851190476,1
25428,White,F,39,3.6,SE,-0.02,0.830357143,1
25429,White,M,33,3.2,SC,1.06,0.717261905,1
25430,White,M,38,3.2,NE,-0.55,0.779761905,1
25431,White,M,41,3.5,FW,1.88,0.845833333,1
25433,White,M,36,3.3,SC,-0.17,0.764285714,1
25434,White,F,45,3.3,SC,0.75,0.876785714,1
25435,White,F,46,3.3,SC,-0.29,0.889285714,1
25436,White,F,33,2.7,SC,1.37,0.669642857,1
25437,Puertorican,F,33,3.2,SC,1.25,0.717261905,0
25438,White,F,36,2.9,SC,-0.74,0.726190476,1
25439,White,M,36,3.4,SC,-2.04,0.773809524,0
25441,White,F,38,3,MS,-0.55,0.760714286,0
25442,White,M,37,3.3,NE,0.29,0.776785714,1
25443,White,F,48,2.5,SE,-0.46,0.838095238,1
25444,White,F,40,3.1,GL,-0.12,0.795238095,1
25445,White,M,39,3.6,GL,0.52,0.830357143,1
25446,Black,F,26,3.3,NE,-0.75,0.639285714,1
25447,White,F,48,3.2,NE,2.06,0.904761905,1
25448,White,M,41,3.7,GL,-0.18,0.864880952,1
25449,White,F,33,3.4,GL,-2.29,0.736309524,0
25450,White,F,38,3.3,GL,0.35,0.789285714,1
25451,White,F,46,3.2,GL,2.61,0.879761905,1
25452,White,F,39,3.1,GL,1.25,0.782738095,1
25453,White,F,39,2.9,GL,-1.41,0.763690476,0
25454,White,F,37,3.5,GL,-0.16,0.795833333,1
25457,White,M,38,3.2,NG,0.17,0.779761905,1
25459,White,M,34,3.4,NE,-0.93,0.748809524,0
25460,White,M,39,3.2,GL,-0.67,0.792261905,1
25461,White,F,38,3.9,GL,1.69,0.846428571,1
25462,White,F,42,4,GL,1.64,0.905952381,1
25464,White,F,36,3.5,GL,0.5,0.783333333,1
25465,White,M,43,3.7,FW,-1.26,0.889880952,0
25466,White,F,38,3.1,GL,-2.49,0.770238095,1
25467,White,M,34,3.8,NG,0.28,0.786904762,1
25468,White,M,37,3.3,GL,1.16,0.776785714,1
25469,White,M,37,3.2,GL,-0.97,0.767261905,1
25470,White,M,38,3,FW,-0.95,0.760714286,0
25471,Other,F,37,3.9,GL,-0.05,0.833928571,1
25472,White,M,33,3.6,NE,-0.34,0.755357143,1
25473,White,F,37,3.1,SE,0.65,0.757738095,1
25474,White,M,44,3,GL,-0.27,0.835714286,1
25475,White,F,42,3.1,GL,2.08,0.820238095,1
25476,White,F,37,2.7,GL,0.06,0.719642857,1
25477,White,F,42,3.1,GL,0.04,0.820238095,1
25479,White,F,43,3,NG,0.48,0.823214286,1
25480,White,F,47,3.1,GL,0.39,0.882738095,1
25481,White,F,36,3.7,GL,-0.18,0.802380952,1
25482,White,M,39,3.3,GL,0.15,0.801785714,1
25484,White,F,34,3.5,GL,-1.99,0.758333333,0
25485,White,M,39,3.9,GL,0.54,0.858928571,1
25487,White,F,38,3.1,NE,1.23,0.770238095,1
25488,White,F,27,2.8,GL,-1.3,0.604166667,1
25489,White,M,44,3.4,GL,0.54,0.873809524,1
25490,White,M,46,3.7,GL,1.58,0.927380952,1
25491,White,F,38,3.9,GL,0.04,0.846428571,1
25492,White,M,37,3.8,GL,1.49,0.824404762,1
25496,White,F,33,3.6,GL,2.02,0.755357143,1
25497,White,F,36,3.6,NE,-0.53,0.792857143,1
25499,White,M,39,3.1,GL,-0.38,0.782738095,1
25500,White,M,39,3,GL,-0.4,0.773214286,1
25501,White,F,38,3.7,GL,0.52,0.827380952,1
25502,White,F,39,3.5,GL,-0.14,0.820833333,1
25503,White,F,36,3.5,NE,0.3,0.783333333,1
25505,White,F,40,2.9,GL,-0.27,0.776190476,1
25506,White,F,41,2.5,GL,-0.51,0.750595238,1
25508,Black,M,40,3,GL,-0.82,0.785714286,1
25509,White,M,36,3.7,GL,0.04,0.802380952,1
25510,White,M,41,3.3,GL,-0.38,0.826785714,1
25511,White,M,38,2.9,GL,0.32,0.751190476,1
25512,White,M,38,3.4,NE,-0.34,0.798809524,1
25513,White,F,34,3.5,NE,-0.07,0.758333333,1
25514,White,M,37,3.8,GL,1.78,0.824404762,1
25515,White,F,37,3,GL,0.37,0.748214286,1
25516,White,M,36,3.2,NG,-0.34,0.754761905,1
25517,White,F,35,3.3,NG,-1.81,0.751785714,0
25518,White,M,42,3.4,GL,0.72,0.848809524,1
25521,White,F,42,2.4,GL,0.81,0.753571429,1
25522,White,M,45,2.8,NG,-0.14,0.829166667,1
25524,White,F,40,2.6,GL,0.39,0.747619048,1
25525,White,M,34,3.4,SE,0.06,0.748809524,1
25526,White,F,37,3.2,GL,-0.29,0.767261905,1
25528,Asian,M,31,3.7,GL,-0.8,0.739880952,1
25529,White,M,35,3.4,GL,-0.05,0.761309524,1
25530,White,M,40,3.8,GL,1.4,0.861904762,1
25531,White,M,40,3.8,GL,0.57,0.861904762,1
25532,White,M,34,3.7,GL,-0.07,0.777380952,1
25533,White,F,40,3.6,GL,0.57,0.842857143,1
25534,White,F,37,3.2,GL,-1.02,0.767261905,1
25535,White,F,42,2,GL,-0.47,0.71547619,1
25536,White,M,33,3.8,GL,1.2,0.774404762,1
25537,White,F,40,3.5,GL,-0.05,0.833333333,1
25538,White,F,42,3.4,GL,-0.95,0.848809524,1
25539,White,F,42,3.9,GL,0.32,0.896428571,1
25540,White,M,39,3.6,GL,0.06,0.830357143,1
25541,White,F,38,3.4,GL,0.37,0.798809524,1
25542,White,M,41,3.9,GL,0.96,0.883928571,1
25543,White,F,39,3.3,GL,0.79,0.801785714,1
25544,White,F,38.5,3.9,GL,1.62,0.852678571,1
25545,White,M,40,3.1,GL,-1.22,0.795238095,0
25546,White,M,38,3.7,GL,-0.73,0.827380952,1
25547,Black,M,36,4,GL,-0.47,0.830952381,1
25549,White,F,37,3.1,GL,-0.31,0.757738095,1
25550,White,M,40,3.2,MS,0.13,0.804761905,1
25551,Black,M,33,2.8,GL,0.24,0.679166667,1
25552,White,F,39,2.8,NG,-0.36,0.754166667,1
25553,White,F,35,3.3,NG,0.96,0.751785714,1
25554,White,M,35,3.3,Mt,-0.73,0.751785714,1
25557,White,F,41,3.5,GL,1.14,0.845833333,1
25559,White,F,44,3.3,SC,0.45,0.864285714,1
25560,White,F,41,3.7,SC,0.12,0.864880952,1
25561,White,M,36,3.9,SC,-0.44,0.821428571,1
25562,White,M,39,3.5,SC,0.84,0.820833333,1
25563,White,M,39,3.8,SC,0.71,0.849404762,1
25564,White,M,42,3.4,SC,-0.5,0.848809524,1
25565,White,M,40,3.6,SC,-0.59,0.842857143,1
25566,White,F,34,3.9,SC,-0.24,0.796428571,1
25567,White,M,38,3.7,SC,-1.11,0.827380952,1
25568,White,M,39,4,SC,0.45,0.868452381,1
25569,White,F,44,3.3,SC,1.53,0.864285714,1
25570,White,F,39,3.6,SC,0.08,0.830357143,1
25571,White,M,43,3.8,SC,0.67,0.899404762,1
25572,White,F,36,3.8,SC,2.12,0.811904762,1
25573,White,F,38,3.7,SC,-0.83,0.827380952,1
25575,White,F,35,3.7,SC,-1.22,0.789880952,1
25577,White,F,38,3.7,SC,1.86,0.827380952,1
25578,Black,M,30,3.8,SC,-0.96,0.736904762,0
25579,Mexican,F,30,3.4,SC,-0.29,0.698809524,1
25580,White,F,39,3.6,SC,0.54,0.830357143,1
25581,White,F,42,3.7,SC,-0.24,0.877380952,1
25582,White,F,36,3.7,SC,2.38,0.802380952,1
25583,White,M,41,3.4,SC,0.73,0.836309524,1
25584,White,F,40,3.7,SC,-0.78,0.852380952,1
25585,Black,M,35,2.8,SC,-1.56,0.704166667,1
25586,White,M,37,3.6,SC,-0.68,0.805357143,1
25587,White,M,35,3.9,SC,-0.59,0.808928571,1
25588,White,F,41,3.4,SC,-0.39,0.836309524,1
25589,White,M,37,3.7,SC,-0.5,0.814880952,1
25590,White,F,45,4,SC,1.01,0.943452381,1
25591,White,M,37,3.8,SC,-0.48,0.824404762,1
25592,Hispanic,M,32,3,SC,-1.02,0.685714286,0
25593,Mexican,M,31,3,SC,-0.52,0.673214286,1
25594,Hispanic,M,32,3.3,SC,0.19,0.714285714,1
25595,Hispanic,F,40,2.9,SC,1.03,0.776190476,1
25596,Mexican,F,32,3.1,SC,0.19,0.695238095,1
25597,Mexican,F,47,2.7,SC,0.08,0.844642857,1
25598,White,M,39,3.5,SC,-0.59,0.820833333,1
25599,Mexican,F,33,3.3,SC,-1.11,0.726785714,1
25600,White,F,41,3.8,SC,1.73,0.874404762,1
25601,White,M,41,3.6,SC,-0.37,0.855357143,1
25603,Black,M,35,2.8,SC,-0.87,0.704166667,1
25604,White,F,38,4,SC,0.1,0.855952381,1
25605,White,F,40,3.3,SC,0.69,0.814285714,1
25606,White,F,37,3.8,SC,-0.03,0.824404762,1
25607,White,F,45,3.2,SC,0.58,0.867261905,1
25608,White,M,41,3.3,SC,0.12,0.826785714,1
25609,Hispanic,M,34,3.6,SC,-1.02,0.767857143,1
25610,White,F,48,3.3,SC,0.06,0.914285714,1
25611,White,F,36,3.4,SC,-0.85,0.773809524,1
25612,White,F,40,3.7,SC,0.67,0.852380952,1
25613,Amerindian,F,38,3.7,SC,0.43,0.827380952,1
25614,White,M,39,3.5,SC,-0.24,0.820833333,1
25615,White,F,40,3.6,SC,1.53,0.842857143,1
25616,White,M,41,3.9,SC,0.54,0.883928571,1
25617,White,F,43,3.1,NE,1.08,0.832738095,1
25618,White,M,41,3.5,SE,0.83,0.845833333,1
25619,White,M,40,3.5,SC,0.72,0.833333333,1
25620,White,M,38,3.9,SE,0.15,0.846428571,1
25621,White,F,42,3.2,SE,-1.64,0.829761905,1
25622,White,F,36.5,3.5,SE,-0.87,0.789583333,1
25623,White,F,39,3.4,SE,0.09,0.811309524,1
25624,White,F,43,3.4,SE,0.97,0.861309524,1
25625,White,F,46,3.8,NE,1.49,0.936904762,1
25626,White,M,42,3.1,SE,-0.13,0.820238095,1
25627,White,F,40,3.3,SE,0.48,0.814285714,1
25628,White,F,39,3.4,NE,-2.19,0.811309524,0
25629,White,M,39,3.4,SE,0.37,0.811309524,1
25630,White,M,40,3.4,SE,-0.29,0.823809524,1
25632,White,M,39,3.4,SE,-0.18,0.811309524,1
25633,White,F,43,3.5,MS,0.28,0.870833333,1
25634,White,M,40,3.4,SE,-0.9,0.823809524,1
25635,White,F,42,3.2,NE,1.52,0.829761905,1
25636,White,M,40,3.2,SE,0.12,0.804761905,1
25637,White,F,38,2.8,NE,-0.35,0.741666667,1
25638,White,F,45,3.2,SE,-0.54,0.867261905,1
25639,White,F,40,3.6,SE,-0.24,0.842857143,1
25641,White,F,41,3.2,SE,1.36,0.817261905,1
25643,White,M,47,2.9,SC,0.04,0.863690476,1
25644,White,F,45,2.2,SE,0.12,0.77202381,1
25645,White,M,38.5,3.5,SE,0.06,0.814583333,1
25646,White,M,40,3.5,SE,1.33,0.833333333,1
25647,White,M,39,3.7,SE,-0.73,0.839880952,1
25648,White,F,38,2.8,SE,-1.39,0.741666667,1
25649,White,M,37,3.2,MS,-0.24,0.767261905,1
25650,White,M,40,3,SE,0.75,0.785714286,1
25651,White,F,40,3.3,SE,1.03,0.814285714,1
25652,White,M,44,3.7,SE,2.12,0.902380952,1
25653,White,F,39,3.4,SE,0.56,0.811309524,1
25655,White,F,45,3.5,SE,-0.38,0.895833333,1
25656,White,F,38,3.7,SE,0.17,0.827380952,1
25657,White,F,39,3.5,SE,-0.65,0.820833333,1
25658,White,F,41,3.3,SE,0.72,0.826785714,1
25659,White,M,42,3.4,SE,0.09,0.848809524,1
25660,White,M,44,3.5,SE,-0.73,0.883333333,1
25661,White,F,42,3.5,SE,-0.27,0.858333333,1
25662,White,M,36,3.4,SE,0.2,0.773809524,1
25663,White,F,40,3.3,NE,-0.49,0.814285714,1
25664,White,M,44,3.6,SE,2.32,0.892857143,1
25665,White,M,42,3.3,SE,-0.84,0.839285714,1
25666,White,F,43,3.2,GL,-0.29,0.842261905,1
25667,White,F,38,3.6,GL,-0.95,0.817857143,1
25668,White,F,38,3.7,NE,-0.73,0.827380952,1
25670,White,F,42,3.3,SE,-0.24,0.839285714,1
25671,White,F,40,3.3,SE,-0.21,0.814285714,1
25672,White,F,40,3.2,SE,1.85,0.804761905,1
25674,White,M,39,3.7,SE,0.01,0.839880952,1
25675,White,F,38,3.6,NE,-1.03,0.817857143,1
25676,White,F,39,3.6,NG,-1.06,0.830357143,1
25677,White,F,40,3.4,NG,-0.43,0.823809524,1
25678,White,F,48,3.7,SE,0.04,0.952380952,1
25679,White,F,40,3.4,SE,0.39,0.823809524,1
25680,White,F,40,3.4,SE,-0.13,0.823809524,1
25681,White,M,38,3.5,SE,-0.32,0.808333333,1
25683,White,F,43,3.3,SE,0.23,0.851785714,1
25684,White,M,39,3.7,SE,0.45,0.839880952,1
25685,White,M,48,3.1,SE,1.57,0.895238095,1
25686,White,F,38,3.5,NE,-0.27,0.808333333,1
25687,White,M,44,3.5,SE,1.14,0.883333333,1
25688,White,F,41,3.2,NE,-0.71,0.817261905,1
25689,White,M,37.5,3.5,MS,-1.01,0.802083333,1
25690,White,F,41,3.9,NE,1.6,0.883928571,1
25691,White,M,45,3.6,NE,1,0.905357143,1
25692,Other,M,41,3.7,NE,0.21,0.864880952,1
25693,Asian,F,46,3.5,NE,0.41,0.908333333,1
25694,White,F,46,3.4,NE,1.4,0.898809524,1
25695,White,F,41,3.9,NE,0.08,0.883928571,1
25696,White,F,42,3.7,NE,1.4,0.877380952,1
25697,White,M,45,3.9,NE,0.66,0.933928571,1
25698,White,F,47,3.6,NE,0.67,0.930357143,1
25699,White,F,48,3.3,NE,1.34,0.914285714,1
25700,White,M,40,4,NE,-0.78,0.880952381,1
25701,White,F,40,3.9,GL,-1.5,0.871428571,1
25703,White,M,46,3.3,NE,-0.39,0.889285714,1
25704,White,F,46,3.7,NE,0.21,0.927380952,1
25705,Black,F,37,3.6,NE,-0.84,0.805357143,1
25706,White,F,42,3.8,NE,0.95,0.886904762,1
25707,White,F,42,3.9,NE,-0.91,0.896428571,1
25708,White,M,45,3.3,NE,-0.18,0.876785714,1
25709,White,F,38,3.7,SE,-2.75,0.827380952,1
25710,White,F,43,3.4,NE,-0.11,0.861309524,1
25712,Asian,F,43,3.6,NE,-0.54,0.880357143,1
25713,Asian,M,38,3.7,NE,-0.51,0.827380952,1
25714,White,M,46,3.5,NE,-0.97,0.908333333,1
25715,White,F,44,3.4,NE,-0.26,0.873809524,1
25716,White,F,40.5,3.8,NE,0.54,0.868154762,1
25717,White,F,41.5,3.2,FW,1.54,0.823511905,1
25718,Black,F,31,3.3,FW,-1.3,0.701785714,1
25719,White,F,42,3.6,NE,-2.42,0.867857143,1
25720,White,F,43,3.4,NG,-1.3,0.861309524,1
25721,Asian,M,42,3.7,NE,0.4,0.877380952,1
25722,White,F,43,3.6,NE,-0.84,0.880357143,1
25723,White,F,47,3.6,NE,0.48,0.930357143,1
25724,White,M,43,3.7,NE,-0.25,0.889880952,1
25725,White,M,45,3.9,NE,0.68,0.933928571,1
25726,White,F,46,3.7,GL,-0.32,0.927380952,1
25727,White,F,44,3.7,NE,0.27,0.902380952,1
25728,White,M,46,3.6,NE,1.34,0.917857143,1
25729,White,F,44,3.5,FW,0.14,0.883333333,1
25730,White,M,39,3.7,NE,0.48,0.839880952,1
25731,Asian,F,39.5,3.4,NE,-0.78,0.817559524,1
25732,White,F,45,3.7,NE,1.2,0.914880952,1
25733,Asian,M,37,3.6,NE,-0.84,0.805357143,1
25734,White,F,44,3.7,NE,2.26,0.902380952,1
25735,White,F,41.5,3.4,NE,-0.52,0.842559524,1
25736,Other,F,45,3.7,NE,1.79,0.914880952,1
25737,Asian,M,40,3.7,NE,-1.24,0.852380952,1
25738,Black,M,28,3.9,NE,-1.24,0.721428571,1
25739,White,F,38,3.7,Mt,-0.65,0.827380952,1
25740,Asian,F,40,3.7,NE,-1.3,0.852380952,1
25741,White,M,44,3.7,SE,-1.37,0.902380952,1
25742,White,F,46,3.6,NE,0.8,0.917857143,1
25743,White,F,47,3.6,NE,-0.12,0.930357143,1
25744,White,F,42,3.7,NE,-0.45,0.877380952,1
25747,White,F,46,3.6,NG,0.4,0.917857143,1
25748,Other,F,40,3.9,NE,-1.37,0.871428571,1
25749,White,M,46,3.7,NE,1.86,0.927380952,1
25750,White,M,41,3.4,NE,0.21,0.836309524,1
25751,White,M,45,3.6,NE,-0.25,0.905357143,1
25752,Asian,M,42,3.7,NE,-0.38,0.877380952,1
25753,White,F,46,3.6,NG,0.07,0.917857143,1
25754,Puertorican,M,37,3,NE,-1.37,0.748214286,1
25755,White,M,41,3.8,NE,0.08,0.874404762,1
25756,White,M,46,3.6,NE,-0.84,0.917857143,1
25757,White,M,43,3.6,NG,0.66,0.880357143,1
25758,White,F,45,3.7,NE,-0.39,0.914880952,1
25759,Black,M,32.5,3.5,NE,-1.56,0.739583333,1
25760,White,F,44,3.7,FW,-0.45,0.902380952,1
25761,White,F,42,3.7,FW,0.66,0.877380952,1
25762,White,F,45,3.9,NE,-0.84,0.933928571,1
25764,White,F,40,3.5,NE,0.14,0.833333333,1
25766,White,M,41,3.8,NE,-0.91,0.874404762,1
25767,White,F,39,3.8,GL,0.94,0.849404762,1
25768,White,M,42,3.8,NE,1.07,0.886904762,1
25769,Hispanic,M,47,3.3,NE,0.15,0.901785714,1
25770,White,F,45,3.5,FW,0.94,0.895833333,1
25771,White,F,40.5,3.7,NE,0.01,0.858630952,1
25773,Asian,M,41,3.4,NE,0.01,0.836309524,1
25774,Black,M,32,3.7,NE,-0.38,0.752380952,1
25775,Asian,F,42,3.8,NE,-0.52,0.886904762,1
25776,White,F,41,3.8,NE,0.48,0.874404762,1
25777,White,F,39,3.9,NE,-0.39,0.858928571,1
25778,Asian,M,33,3.7,MS,0.48,0.764880952,1
25779,White,M,34,3.4,NE,-0.44,0.748809524,1
25781,White,F,37,2.4,NE,-0.05,0.691071429,1
25782,White,F,34,3.3,MS,0.19,0.739285714,1
25783,White,M,28,3.2,NE,0.31,0.654761905,0
25784,White,M,24,3.1,NE,-0.39,0.595238095,1
25785,White,M,30,3.5,NE,-1.07,0.708333333,1
25787,White,F,36,3,SE,-0.97,0.735714286,1
25788,White,F,35,2.9,SE,0.51,0.713690476,1
25789,White,M,35,3.1,NE,0.19,0.732738095,1
25790,White,M,29,3,NE,-1.23,0.648214286,0
25791,White,M,33,3.1,NE,-0.78,0.707738095,1
25792,White,F,33,3.3,NE,-1.4,0.726785714,1
25793,White,M,38,3.7,NE,1.69,0.827380952,1
25794,White,F,32,3.4,NE,0.1,0.723809524,1
25795,White,F,34,3,NE,-1.11,0.710714286,1
25796,White,M,30.5,3.1,NE,-1.19,0.676488095,1
25797,White,F,35,2.9,NE,-0.8,0.713690476,0
25801,White,M,34,2.8,NE,0.22,0.691666667,1
25802,White,M,37,3,NE,1.47,0.748214286,1
25803,White,F,37,3,NE,-0.03,0.748214286,1
25804,White,F,39,2.3,MS,0.43,0.706547619,1
25805,White,F,35,2.4,NE,-0.07,0.666071429,1
25806,White,M,35,3.2,NE,0.7,0.742261905,1
25807,White,F,30,3.6,NE,1.38,0.717857143,1
25808,White,F,34,3.5,NE,-0.46,0.758333333,1
25809,White,M,32,3.4,NE,0.84,0.723809524,1
25810,White,M,31,3.4,NE,-0.46,0.711309524,1
25811,White,F,32,3.3,NE,-0.12,0.714285714,1
25812,White,M,35,3.1,NG,-0.41,0.732738095,1
25813,White,M,33,3.3,NE,0.68,0.726785714,1
25814,White,M,31.5,3.4,NE,0.34,0.717559524,1
25815,White,F,33,2,MS,0.29,0.60297619,0
25816,White,M,38,3.1,NE,-0.27,0.770238095,1
25817,White,M,37,3.3,NE,-0.34,0.776785714,1
25818,White,F,31,3,NE,-0.34,0.673214286,1
25820,White,M,38,2.4,NE,1.28,0.703571429,1
25821,White,F,40,2.7,NE,0.39,0.757142857,1
25822,White,F,29,2.6,NE,0.07,0.610119048,1
25823,White,F,34,3,NE,-0.41,0.710714286,1
25824,White,F,35,3,NE,0.31,0.723214286,1
25825,White,F,39,2.8,MS,0.1,0.754166667,0
25826,White,M,32.7,3,NE,0.51,0.694464286,1
25827,White,F,34,3.1,NE,1.18,0.720238095,1
25828,White,F,34,2.3,NE,-0.05,0.644047619,1
25829,White,M,33,3.1,NE,-0.7,0.707738095,0
25830,White,F,32,3.4,NE,1.16,0.723809524,1
25831,White,F,34.5,2.9,NE,0.53,0.707440476,1
25832,White,F,39,2.6,NE,-0.44,0.735119048,1
25833,White,M,32,3.5,MS,0.36,0.733333333,1
25834,White,F,40,2.9,NE,0.43,0.776190476,1
25835,White,F,35,2.8,NG,0.75,0.704166667,1
25836,White,F,23.5,3.2,NE,-0.19,0.598511905,1
25837,White,M,33,3.1,NE,-0.17,0.707738095,1
25838,White,F,35,3.3,NE,0.46,0.751785714,1
25839,Asian,M,29.7,2.5,MS,0.41,0.609345238,1
25841,White,M,32,3.3,NE,-0.32,0.714285714,1
25842,White,F,37,2.8,NE,-0.03,0.729166667,1
25843,White,F,34,3.1,NE,1.26,0.720238095,1
25844,White,F,30,3,NE,-0.12,0.660714286,1
25845,White,F,31,3.2,NE,0.36,0.692261905,1
25846,White,F,35,3.1,NE,0.65,0.732738095,1
25847,White,F,35,2.7,MS,-1.45,0.694642857,0
25848,White,M,28.5,3.4,NE,0.26,0.680059524,1
25849,White,M,37,2.8,NE,0.68,0.729166667,1
25850,White,M,31,3.5,NE,0.6,0.720833333,1
25851,White,F,30,2.7,NE,-0.9,0.632142857,0
25852,White,F,33,2.2,NE,0.68,0.62202381,1
25853,White,F,42,2.4,NE,-0.29,0.753571429,1
25854,White,F,23,2.8,NE,-1.65,0.554166667,1
25855,White,F,36,3.1,NE,0.68,0.745238095,1
25856,White,F,32.5,3.3,NE,-0.99,0.720535714,1
25857,White,F,44,2.2,MS,-0.29,0.75952381,0
25858,White,M,33.5,3.1,NE,0.05,0.713988095,1
25860,White,M,35,3,NE,0.46,0.723214286,1
25861,White,F,38,3,NE,0.7,0.760714286,1
25862,White,M,34,3,NE,-0.92,0.710714286,1
25863,White,F,33,2.4,NE,0.29,0.641071429,1
25864,White,F,35,3.2,NE,0.94,0.742261905,0
25865,White,M,38,2.8,MS,0.82,0.741666667,1
25866,White,M,31,3.2,NE,-0.78,0.692261905,1
25867,White,F,33,3.8,NE,0.78,0.774404762,1
25868,White,F,31,3.5,NE,1.35,0.720833333,1
25869,White,M,32.5,2.5,NE,0.24,0.644345238,1
25870,White,F,42,2,MS,1.06,0.71547619,1
25872,White,F,37,3,NE,-0.27,0.748214286,1
25875,White,F,39,3.2,NE,1.69,0.792261905,1
25876,White,F,36,2.9,NE,0.34,0.726190476,1
25879,White,F,28,3.3,NE,1.43,0.664285714,1
25881,White,M,22,2.6,NE,-1.14,0.522619048,0
25882,White,M,36,3.2,NE,1.69,0.754761905,1
25884,White,F,32,2.3,NE,0.48,0.619047619,1
25886,White,F,33,2.9,NE,-0.39,0.688690476,1
25887,White,F,32,3.2,NE,1.01,0.704761905,1
25890,White,F,43,2.1,MS,-0.1,0.7375,1
25891,White,F,44,3.2,SE,0.75,0.854761905,1
25894,White,F,40,3.2,SE,0.89,0.804761905,1
25895,White,F,33.5,3.6,SE,-0.73,0.761607143,1
25896,White,M,39,3.4,MS,-0.05,0.811309524,0
25897,White,F,39,3.5,SE,-0.35,0.820833333,1
25898,White,M,39,3.5,SE,0.64,0.820833333,1
25899,Black,F,41,3,SE,0.37,0.798214286,1
25900,White,F,41,3.3,SE,0.26,0.826785714,1
25901,White,M,40,3.5,SE,0.53,0.833333333,1
25902,White,F,38,3.6,NE,-0.05,0.817857143,1
25903,Asian,M,34,3.9,SE,-0.18,0.796428571,1
25904,White,F,39,3.9,SE,0.26,0.858928571,1
25905,White,F,44,3.2,SE,-0.24,0.854761905,1
25907,White,F,40,2.7,SE,0.92,0.757142857,1
25908,White,F,42,3.4,SE,1,0.848809524,1
25910,White,M,43,4,SE,1.85,0.918452381,1
25911,White,F,39,3.4,NE,0.01,0.811309524,1
25912,White,M,45,3.9,SE,1.85,0.933928571,1
25913,White,M,40,3.2,MW,1.05,0.804761905,1
25915,White,F,41,3.6,SC,0.45,0.855357143,1
25916,White,F,39,3.6,NE,0.01,0.830357143,1
25917,White,M,45,3.1,SE,-0.29,0.857738095,1
25918,White,M,41,3.4,SE,0.2,0.836309524,1
25919,White,M,45,3.4,SE,-0.62,0.886309524,1
25920,White,F,42,3.3,SE,0.89,0.839285714,1
25921,White,F,42,3,SE,-0.32,0.810714286,1
25923,Asian,M,38,3.3,SE,0.78,0.789285714,1
25924,Hispanic,M,32,3.5,SE,-0.13,0.733333333,1
25925,White,M,43,3.3,SE,0.12,0.851785714,1
25926,White,M,45,3.1,SE,-0.73,0.857738095,1
25927,White,F,46,2.9,SE,-1.36,0.851190476,1
25928,White,F,41,3.8,SE,1.19,0.874404762,1
25929,White,M,40,3.3,NG,-1.28,0.814285714,1
25930,White,F,38.5,3.5,SE,0.45,0.814583333,1
25931,White,F,39,3.2,SE,-0.13,0.792261905,1
25932,White,F,36.5,3.6,SE,0.01,0.799107143,1
25933,White,F,36.5,3.3,SE,-2.13,0.770535714,1
25934,White,M,39,3.7,SE,0.5,0.839880952,1
25935,White,F,40,3.6,MS,0.7,0.842857143,1
25936,White,F,40,3.4,SE,-0.07,0.823809524,1
25937,White,M,39,3.5,SE,-0.62,0.820833333,1
25938,White,F,40,3.4,SE,-1.53,0.823809524,1
25939,White,F,40,3.4,NE,1.88,0.823809524,1
25940,White,F,41,3.3,NE,-0.76,0.826785714,1
25941,White,F,38,2.8,GL,0.77,0.741666667,1
25942,White,F,31,3.8,GL,-0.03,0.749404762,1
25943,White,F,36,3.1,GL,0.05,0.745238095,0
25944,White,M,36,3.4,GL,0.37,0.773809524,1
25945,White,F,39,3.2,GL,-1.48,0.792261905,1
25949,White,F,35,2.4,GL,1,0.666071429,1
25951,Black,M,27.5,2.9,MS,-0.96,0.619940476,1
25952,White,F,32,3.4,GL,0.31,0.723809524,1
25954,White,M,43,2.8,GL,1.08,0.804166667,1
25955,White,F,39,3.2,GL,-0.14,0.792261905,1
25956,White,M,31,2.7,GL,-0.11,0.644642857,1
25957,White,F,37,3.1,GL,-1.17,0.757738095,0
25958,White,M,41,3.7,GL,1.21,0.864880952,1
25959,White,F,33,3.7,GL,-0.14,0.764880952,1
25960,White,M,34,3.7,GL,-0.66,0.777380952,1
25961,White,M,39,3.2,GL,0.29,0.792261905,1
25962,White,F,40,3,MS,0.14,0.785714286,1
25963,White,F,36,3.4,GL,-0.56,0.773809524,1
25965,White,M,42,3.8,GL,0.92,0.886904762,1
25966,White,F,38,3.1,GL,-0.07,0.770238095,1
25967,White,F,38,3.1,GL,1.25,0.770238095,1
25968,White,F,34,3.5,GL,-0.54,0.758333333,0
25969,White,M,29.5,3,GL,-0.81,0.654464286,1
25971,White,M,35,3.3,GL,-1.78,0.751785714,1
25972,White,F,37,3.2,GL,-0.75,0.767261905,1
25973,White,F,38,3.3,GL,0.22,0.789285714,1
25975,White,M,37,3.9,GL,1.69,0.833928571,1
25976,White,M,32,3.7,GL,0.43,0.752380952,0
25977,White,F,38,3.6,GL,0.9,0.817857143,1
25978,White,F,42,2.5,GL,-0.62,0.763095238,1
25979,White,M,32,3.5,GL,0.37,0.733333333,1
25980,White,M,34,3.5,GL,-0.51,0.758333333,1
25981,White,M,34,3.3,NE,-0.75,0.739285714,1
25982,White,M,39,3.3,SE,-1.29,0.801785714,0
25984,White,M,38,3.3,GL,1.97,0.789285714,1
25985,White,F,32,3.5,GL,-0.41,0.733333333,1
25986,White,F,32,3.7,GL,-0.39,0.752380952,1
25987,White,M,38,3.6,GL,0.79,0.817857143,1
25988,White,F,37,3.4,GL,-0.28,0.786309524,1
25989,White,F,43,2.9,GL,0.94,0.813690476,1
25990,Other,M,23,3.7,GL,0.45,0.639880952,1
25991,White,F,33,3,GL,-0.45,0.698214286,1
25992,White,F,43,2.9,GL,-1.59,0.813690476,1
25993,White,F,43,3.3,NE,2.09,0.851785714,1
25994,White,F,37,3.1,NG,-0.48,0.757738095,1
25995,White,M,36,3.1,NE,-0.61,0.745238095,0
25996,White,F,38,3.3,NE,-0.9,0.789285714,1
25997,White,F,33,2.7,NE,-1.23,0.669642857,0
25998,White,F,24.5,3.6,NE,-0.84,0.649107143,1
25999,White,M,33,3.9,NE,-0.3,0.783928571,1
26000,White,M,37,2.6,NE,-0.57,0.710119048,1
26001,White,F,42,3.2,NE,-1.48,0.829761905,1
26002,White,M,35,3,NE,-0.63,0.723214286,1
26003,White,F,42,3.1,NE,0.52,0.820238095,1
26004,White,F,39,3.2,NE,0.25,0.792261905,1
26007,White,F,38,3.2,NE,-0.59,0.779761905,1
26008,White,F,35,3.1,NE,0.39,0.732738095,1
26009,White,F,34,3.1,NE,0.87,0.720238095,1
26010,White,F,37,3.1,NE,-1.35,0.757738095,1
26011,White,F,40,3.1,NE,0.5,0.795238095,1
26012,White,M,43,3.1,NE,-0.05,0.832738095,1
26013,White,F,34,3.7,NG,0.37,0.777380952,1
26014,Black,F,30,2.9,NE,-0.54,0.651190476,1
26015,White,F,38,3.1,NE,0.66,0.770238095,1
26016,White,M,43,3.6,NE,2.05,0.880357143,1
26017,White,M,40,3.4,NE,1.55,0.823809524,1
26018,White,F,38,3,NG,0.31,0.760714286,1
26019,White,M,40,3,NE,-0.32,0.785714286,1
26020,White,F,35,3.2,NE,-1.77,0.742261905,0
26021,White,F,33,3.2,NE,-0.71,0.717261905,1
26023,White,F,34,3.6,NE,-0.46,0.767857143,1
26024,White,M,34,3.4,NG,-0.05,0.748809524,1
26025,Asian,M,36.5,3,NE,-1.33,0.741964286,1
26026,White,F,35,3.2,NG,0.22,0.742261905,1
26027,White,F,38,3.2,NE,-0.44,0.779761905,1
26030,White,M,37,3.2,NE,-0.4,0.767261905,1
26031,White,F,41,2.9,NG,0.5,0.788690476,1
26032,White,F,36,3.4,NE,1.66,0.773809524,1
26033,White,F,33,3.1,NE,-1.42,0.707738095,0
26034,White,M,45,3.7,NE,1.28,0.914880952,1
26037,White,F,35,3.6,NE,0.31,0.780357143,1
26038,White,M,27,3.5,NE,0.27,0.670833333,1
26039,White,F,39,3.1,NE,-0.96,0.782738095,1
26040,Asian,F,30,3.9,NE,0.5,0.746428571,1
26041,White,F,36,3.4,NE,1.16,0.773809524,1
26042,Other,M,29.5,3.2,NE,-0.96,0.673511905,1
26043,White,F,33,3.2,NE,-1.25,0.717261905,1
26044,White,M,40,3,NE,0.49,0.785714286,1
26045,Asian,F,34,2.9,NE,-1.77,0.701190476,1
26046,White,F,36,3.3,NE,-0.27,0.764285714,1
26048,White,F,43,2.8,NE,1.03,0.804166667,1
26049,White,F,38,3.7,NE,0.29,0.827380952,1
26051,White,F,35,3.2,NE,1.26,0.742261905,1
26052,White,F,40,3.4,NE,0.35,0.823809524,1
26053,White,F,39,3.1,NE,1.39,0.782738095,1
26054,White,M,35,3.2,NE,0.54,0.742261905,1
26055,White,F,37,3.2,NE,0.06,0.767261905,1
26056,White,F,35,3.4,NG,0.72,0.761309524,1
26057,White,M,37,3.4,NE,1.01,0.786309524,1
26058,White,M,42,3.9,NE,0.93,0.896428571,1
26059,White,M,34,2.9,NE,-0.42,0.701190476,1
26060,White,M,38,3.6,NG,-1.11,0.817857143,1
26061,White,F,34,2.9,NG,0.14,0.701190476,1
26062,White,F,36.5,3.2,NE,1.12,0.761011905,1
26063,White,F,43,3.1,NE,0.68,0.832738095,1
26065,White,F,37,2.9,GL,-0.92,0.738690476,1
26066,White,M,24,3.1,GL,-1.86,0.595238095,0
26067,White,F,37,2.9,GL,-0.81,0.738690476,1
26068,White,F,43,2.6,GL,0.31,0.785119048,1
26069,White,F,29,2.9,GL,-0.29,0.638690476,1
26070,White,M,30,3.2,GL,0.86,0.679761905,1
26071,White,F,33,3.1,GL,-0.52,0.707738095,1
26072,White,F,36,2.8,GL,-0.73,0.716666667,1
26074,White,M,40,2.4,GL,1.07,0.728571429,1
26075,Asian,F,33,3,GL,-0.5,0.698214286,1
26076,White,F,33,2.8,GL,0.08,0.679166667,1
26077,White,F,33,3.7,GL,0.5,0.764880952,1
26078,White,M,30,3.5,GL,-0.81,0.708333333,1
26079,White,F,33,3.5,GL,0.65,0.745833333,1
26080,White,F,43,3,GL,2.59,0.823214286,1
26081,White,M,39,2.6,GL,-0.55,0.735119048,1
26082,White,M,31,3.2,GL,-0.03,0.692261905,1
26083,White,M,35,3.4,GL,0.05,0.761309524,1
26084,Puertorican,M,22,2.5,GL,-1.6,0.513095238,0
26085,White,M,41,3.1,GL,1.02,0.807738095,1
26086,White,M,35.5,3.5,GL,0.91,0.777083333,1
26087,White,M,30,3.4,GL,0.5,0.698809524,1
26088,White,M,33,3.7,GL,2.06,0.764880952,1
26089,White,F,41,3.2,GL,1.1,0.817261905,1
26090,Hispanic,F,27.5,2.4,GL,0.39,0.572321429,1
26091,White,F,35,2.8,GL,-0.65,0.704166667,1
26092,White,M,34,3.1,GL,0.65,0.720238095,1
26093,White,M,32,3.5,GL,-0.13,0.733333333,1
26094,White,F,31,4,GL,-1.44,0.768452381,1
26095,White,F,33,2.7,GL,-0.03,0.669642857,1
26097,White,F,33.5,2.8,GL,0.39,0.685416667,1
26100,White,F,44,3,GL,0.31,0.835714286,1
26101,White,F,35,2.8,GL,-1.7,0.704166667,0
26102,White,M,37,3,GL,-0.81,0.748214286,1
26103,Other,F,34,3.4,GL,0.31,0.748809524,1
26104,White,F,41,2.8,GL,0.84,0.779166667,1
26105,Black,M,25,3.6,SE,-1.94,0.655357143,0
26106,White,F,33,2.9,GL,-0.47,0.688690476,1
26107,White,F,42,3,GL,1.02,0.810714286,1
26108,Asian,F,31,2.6,GL,-0.03,0.635119048,1
26110,White,F,36,2.5,GL,-0.11,0.688095238,1
26111,Black,M,28,2.5,GL,-2.43,0.588095238,1
26112,White,M,34,4,GL,0.05,0.805952381,1
26113,Black,M,22.5,3.4,GL,-2.33,0.605059524,0
26114,White,F,29,3.5,GL,-1.36,0.695833333,0
26116,White,M,31,3.6,SE,0.91,0.730357143,1
26117,White,M,36,2.8,GL,0.31,0.716666667,1
26118,White,M,37,3.8,GL,0.84,0.824404762,1
26119,White,F,39,3.2,GL,1.62,0.792261905,1
26120,Black,F,29,2.5,GL,-0.29,0.600595238,1
26121,White,M,33,3.7,GL,-0.47,0.764880952,1
26122,Asian,M,19,3,GL,-0.92,0.523214286,1
26123,White,M,33.5,3,GL,-0.13,0.704464286,1
26124,White,F,28,3.4,GL,-0.63,0.673809524,1
26125,White,M,39,3.5,GL,0.36,0.820833333,1
26126,White,F,31,3.7,GL,-0.73,0.739880952,1
26127,White,M,45,3.6,GL,2.33,0.905357143,1
26128,White,F,35,3.6,GL,-0.73,0.780357143,1
26129,White,M,35,3.1,NE,-0.65,0.732738095,1
26130,White,F,40,3.1,GL,0.91,0.795238095,1
26131,White,F,42,2.9,GL,-0.89,0.801190476,1
26132,White,M,29.5,3.5,GL,-0.21,0.702083333,1
26133,White,M,37,3.3,GL,-0.47,0.776785714,1
26134,Black,F,32,2.7,GL,-0.42,0.657142857,1
26135,White,M,38,3,GL,0.47,0.760714286,1
26136,White,F,39.5,2.2,GL,0.65,0.70327381,1
26137,White,M,36,2.7,GL,2.01,0.707142857,1
26138,White,F,42,2.6,GL,-0.29,0.772619048,0
26139,White,F,26,3.5,GL,0.23,0.658333333,1
26140,White,F,36,3,GL,-0.99,0.735714286,1
26141,White,F,36,3.3,GL,-0.39,0.764285714,1
26142,White,M,39,3.5,GL,0.31,0.820833333,1
26143,White,F,36,3.5,GL,-0.39,0.783333333,1
26144,White,M,37,3.5,GL,0.26,0.795833333,1
26145,White,F,38,3.1,GL,-0.84,0.770238095,1
26147,White,M,42,4.1,Mt,1.26,0.91547619,1
26148,White,F,36.7,2.7,MS,-1.14,0.715892857,1
26149,Mexican,F,39,3.4,Mt,-1.82,0.811309524,0
26151,White,M,37,3.8,Mt,1.31,0.824404762,1
26152,White,F,24,2.1,Mt,-0.38,0.5,0
26153,White,F,39,3.5,FW,0.58,0.820833333,1
26154,White,M,36,2.4,Mt,0.1,0.678571429,1
26155,Asian,F,32,2.4,Mt,0.05,0.628571429,1
26156,White,M,34,3.9,Mt,2.32,0.796428571,1
26157,White,M,37,3.2,Mt,-0.35,0.767261905,1
26158,Hispanic,F,34,3.4,Mt,0.63,0.748809524,1
26159,Mexican,M,31.5,3.6,Mt,0.83,0.736607143,1
26160,White,M,31,3.3,Mt,-0.11,0.701785714,1
26162,White,F,41,2.7,Mt,0.03,0.769642857,1
26163,Hispanic,F,35,2.5,Mt,0.43,0.675595238,1
26164,White,M,39,3.1,Mt,0.81,0.782738095,1
26165,White,M,40,3,Mt,1.11,0.785714286,1
26166,Mexican,M,24,3.8,Mt,-0.23,0.661904762,0
26167,Mexican,F,35,2.8,Mt,-0.52,0.704166667,0
26168,Black,M,29.5,2.3,Mt,-1.24,0.587797619,0
26170,White,F,36,3.2,Mt,-0.13,0.754761905,1
26171,White,F,36,3.5,Mt,-1.21,0.783333333,1
26172,Mexican,F,26.5,3.3,Mt,-1.27,0.645535714,0
26173,White,F,34,3.1,Mt,-1.16,0.720238095,0
26174,Mexican,M,27,3.3,Mt,-0.51,0.651785714,1
26176,White,F,42,3.4,Mt,1.39,0.848809524,1
26177,White,M,38,3.1,Mt,0.01,0.770238095,1
26178,White,M,26.3,3.2,Mt,0.76,0.633511905,0
26179,Amerindian,M,35,3.3,Mt,0.73,0.751785714,1
26180,Mexican,M,35,3.1,Mt,0.14,0.732738095,1
26181,Hispanic,F,27,3.1,Mt,0.05,0.632738095,1
26183,Mexican,M,28,3.5,Mt,0.48,0.683333333,0
26184,Mexican,M,24,3,Mt,-0.81,0.585714286,1
26186,White,M,38,2.9,Mt,-0.91,0.751190476,0
26187,White,M,37,3.2,Mt,0.35,0.767261905,1
26189,Other,F,37,2.5,Mt,0.13,0.700595238,1
26190,Amerindian,F,28,2.5,Mt,-1.34,0.588095238,0
26191,White,M,40,3.7,Mt,2.33,0.852380952,1
26192,Other,M,32,3.7,Mt,-0.08,0.752380952,1
26194,Hispanic,M,24,3.4,Mt,0.55,0.623809524,0
26195,Hispanic,F,29,2.7,Mt,0.51,0.619642857,1
26196,Mexican,F,34,2.9,Mt,-1.65,0.701190476,0
26197,White,M,35,3.4,NE,-0.33,0.761309524,1
26198,White,M,37,3.9,Mt,1.84,0.833928571,1
26200,Black,M,28,2.9,Mt,-1.34,0.626190476,1
26201,White,F,34,3.4,Mt,0.05,0.748809524,1
26202,White,M,39,3.6,Mt,2.38,0.830357143,1
26203,White,F,35.5,3.6,Mt,0.89,0.786607143,1
26204,Other,F,29.5,2.4,Mt,-1.11,0.597321429,0
26205,Mexican,F,31,2.8,Mt,-0.56,0.654166667,1
26206,White,F,38,3.5,Mt,1.26,0.808333333,1
26207,White,F,40,3.5,Mt,1.22,0.833333333,1
26208,White,M,41,2,Mt,0.2,0.70297619,1
26209,White,M,33,3.6,Mt,0.02,0.755357143,1
26210,Amerindian,F,25,2,Mt,-0.77,0.50297619,0
26211,Mexican,M,36,2.9,Mt,-0.91,0.726190476,1
26213,White,M,29,3.9,Mt,-0.44,0.733928571,0
26214,Mexican,F,25,3.7,Mt,-0.81,0.664880952,0
26215,White,F,39,2.8,Mt,0.18,0.754166667,1
26216,White,M,40,3.7,Mt,0.68,0.852380952,1
26218,White,M,42,2.9,Mt,0.48,0.801190476,1
26219,White,M,42,3.1,Mt,-0.35,0.820238095,1
26220,Mexican,F,23,2.5,FW,-1.12,0.525595238,0
26221,White,F,35,3.7,Mt,1.1,0.789880952,1
26222,White,F,42,3.1,Mt,-1.49,0.820238095,1
26223,White,M,38,3.3,Mt,-0.66,0.789285714,1
26224,White,F,38,2.7,Mt,-0.56,0.732142857,0
26225,Hispanic,M,32,2.6,Mt,-0.43,0.647619048,1
26226,White,M,34,3.6,Mt,0.88,0.767857143,1
26227,Amerindian,F,30,2.1,Mt,-1.92,0.575,1
26228,White,M,27,2.9,Mt,-1.18,0.613690476,0
26229,White,M,39,3.3,Mt,0.63,0.801785714,1
26230,White,M,41,3.6,Mt,1.16,0.855357143,1
26231,Other,F,31,2.6,Mt,-1.07,0.635119048,1
26233,White,M,33,3.4,FW,-0.23,0.736309524,1
26235,White,M,36,3.3,Mt,-0.07,0.764285714,0
26236,Mexican,F,26,2.7,Mt,-1.54,0.582142857,0
26237,White,M,33,3.2,Mt,1.01,0.717261905,1
26238,White,F,45,2.6,Mt,1.04,0.810119048,1
26240,White,M,35,3.4,Mt,-0.79,0.761309524,1
26241,White,M,38,3.4,FW,1.19,0.798809524,1
26242,White,M,37,3.3,Mt,0.84,0.776785714,1
26243,White,F,38,2.8,Mt,0.68,0.741666667,1
26244,Amerindian,M,24,2.6,Mt,-1.53,0.547619048,0
26245,White,M,40,3.7,FW,1.77,0.852380952,1
26246,Mexican,F,32,3.1,Mt,0.36,0.695238095,1
26247,Mexican,M,25,2.5,Mt,0.53,0.550595238,1
26248,White,F,35,2.2,NE,-0.1,0.64702381,1
26249,White,F,30,2.2,MS,1.23,0.58452381,1
26250,White,F,34,2.9,FW,-0.61,0.701190476,0
26251,Asian,F,41,2.7,MS,-1.57,0.769642857,0
26252,White,F,22.7,3.6,NE,-1.28,0.626607143,0
26253,Black,F,32,2.8,NE,-0.29,0.666666667,1
26254,White,M,36,3.1,NE,0.92,0.745238095,1
26255,Asian,M,34,3.2,SE,-1.26,0.729761905,1
26256,White,M,38,3,NE,0.19,0.760714286,1
26257,White,M,34,2.8,MS,0.6,0.691666667,1
26259,White,M,42,1.9,NE,-0.22,0.705952381,1
26260,White,M,33,2.9,NE,-0.39,0.688690476,1
26261,White,F,32,3,MS,0.94,0.685714286,1
26262,White,M,32.5,3.2,MS,-0.29,0.711011905,0
26263,Other,F,33,2.8,NE,-0.97,0.679166667,1
26264,White,M,33,3.5,NE,0.58,0.745833333,1
26265,White,F,39,3.1,NE,0.99,0.782738095,1
26266,White,F,39,2.5,NE,2.22,0.725595238,1
26267,White,F,34,3,NE,-0.53,0.710714286,1
26269,White,M,34.5,3.2,NE,0.1,0.736011905,1
26270,White,F,34,2.4,MS,0.65,0.653571429,1
26271,White,F,36,3.1,NE,-0.1,0.745238095,1
26272,White,M,31,3.3,NE,0.48,0.701785714,1
26274,White,M,34,3.1,NE,-0.17,0.720238095,0
26275,White,F,33,3.2,NE,1.55,0.717261905,1
26276,White,M,35,3.2,NE,2.08,0.742261905,1
26277,White,F,37,2.9,MS,0.55,0.738690476,1
26278,White,F,32,2.5,NE,1.01,0.638095238,1
26279,White,M,30.5,3.6,NE,-0.24,0.724107143,1
26280,White,F,28.7,3.5,NE,-0.56,0.692083333,1
26281,White,F,34,3.1,NE,1.81,0.720238095,1
26282,White,M,36,3.4,NE,0.84,0.773809524,1
26283,White,M,32,3.3,NE,-0.87,0.714285714,0
26284,Asian,M,30.5,2.4,NE,-0.92,0.609821429,0
26285,White,F,38.5,2.8,MS,-0.03,0.747916667,0
26286,White,M,38,3.2,NE,0.51,0.779761905,1
26287,White,M,37.5,2.8,NE,0.07,0.735416667,1
26288,White,M,30,3.3,NE,0.58,0.689285714,1
26289,White,F,38,3.1,NE,0.07,0.770238095,1
26290,White,F,35.5,3,NE,1.21,0.729464286,1
26291,White,M,36,2.8,NE,-0.1,0.716666667,1
26292,White,F,33.5,3,NE,1.33,0.704464286,1
26293,White,M,37,3.2,MS,1.59,0.767261905,1
26294,White,F,38,2.7,MS,-0.17,0.732142857,1
26296,White,F,41,2.7,NE,-0.87,0.769642857,1
26297,White,F,32,3.1,SE,1.67,0.695238095,1
26298,White,M,32,3.5,NE,2.25,0.733333333,1
26299,White,F,35,2.9,NE,0.92,0.713690476,1
26300,White,F,31,3.5,NE,1.09,0.720833333,1
26301,White,M,31.5,3.1,NE,0.87,0.688988095,1
26302,White,M,32,3.3,NE,-0.39,0.714285714,1
26303,White,F,33,2.1,NE,2.17,0.6125,1
26305,White,F,35,2.8,MW,0.84,0.704166667,1
26306,Hispanic,M,34,3.1,NE,-1.4,0.720238095,0
26307,White,F,35,3.7,NE,-0.24,0.789880952,1
26308,White,F,29,3.5,NE,0.89,0.695833333,1
26309,White,M,33,3.3,NE,0.17,0.726785714,1
26310,White,M,26.3,3.6,MS,-0.56,0.671607143,0
26312,White,M,24,3.2,NE,0.17,0.604761905,1
26313,White,F,31.5,3.2,MS,0.29,0.698511905,1
26314,White,F,37,2.9,NE,1.16,0.738690476,1
26315,White,F,37,3.2,NE,0.87,0.767261905,1
26316,White,F,35,2.2,NE,0.36,0.64702381,1
26317,White,F,34,3.2,NE,-0.48,0.729761905,1
26318,White,F,25.5,2.7,NE,0.02,0.575892857,0
26319,White,M,37,3.3,NE,1.04,0.776785714,1
26320,White,F,27,3.3,NE,1.5,0.651785714,1
26321,White,F,33,2.7,NE,-0.78,0.669642857,1
26322,White,M,27.5,3.8,NE,0.77,0.705654762,1
26323,White,M,33,3.3,NE,-0.36,0.726785714,1
26324,Hispanic,M,39,2.6,NE,-1.02,0.735119048,0
26325,White,M,35,3,NE,-0.36,0.723214286,1
26326,White,F,35,3.2,NE,0.43,0.742261905,1
26327,White,F,37,2.6,NE,0.65,0.710119048,1
26328,White,M,32,2.4,NE,0.39,0.628571429,1
26329,White,F,33,3.4,NE,0.55,0.736309524,1
26330,White,M,37,2.8,NE,0.48,0.729166667,1
26331,White,F,29,3.3,GL,-2.15,0.676785714,1
26332,White,M,35,2.6,NE,-0.85,0.685119048,1
26333,White,F,44,2.9,NE,1.96,0.826190476,1
26336,Hispanic,M,44,3,SC,0.75,0.835714286,0
26337,White,M,46,3.1,SC,1.61,0.870238095,1
26338,White,F,47,3.2,SE,0.69,0.892261905,1
26339,White,F,47,2.8,SE,0.83,0.854166667,1
26340,White,F,44,3.1,SE,0.17,0.845238095,1
26341,White,M,32.5,4,SE,0.88,0.787202381,1
26342,White,M,38,3.5,SE,-0.76,0.808333333,1
26343,White,M,39,3.4,SE,-0.59,0.811309524,1
26344,White,M,42,3.2,SE,0.78,0.829761905,1
26345,White,F,41,3.4,SE,-0.07,0.836309524,1
26346,Black,M,39,3.5,SE,-0.1,0.820833333,1
26347,White,F,44,3.3,SE,0.17,0.864285714,1
26348,White,F,40,3,SE,-1.1,0.785714286,1
26349,Black,F,23,2.7,SE,-1.57,0.544642857,0
26350,White,F,36,3.2,SE,0.74,0.754761905,1
26351,White,F,42,3.5,SE,-0.54,0.858333333,1
26352,White,M,41,3.6,SE,-0.34,0.855357143,1
26353,White,F,48,4,SE,1.91,0.980952381,1
26354,White,M,40,3.4,SE,0.12,0.823809524,1
26355,White,M,43,3.2,SE,0.32,0.842261905,1
26356,White,F,41,3.7,SE,0.32,0.864880952,1
26357,White,F,39.5,3.5,SE,0.74,0.827083333,1
26358,White,F,46,3.5,SE,1.54,0.908333333,1
26359,White,M,43,3.6,SE,2.11,0.880357143,1
26360,White,F,42,3.3,SE,-0.64,0.839285714,1
26361,White,M,41,3.7,SE,-0.24,0.864880952,1
26362,White,M,38,3.5,SE,-0.71,0.808333333,1
26363,Black,M,34,2.9,MS,-1.15,0.701190476,1
26364,Hispanic,F,42,3.2,SE,0.54,0.829761905,1
26365,White,M,42,3.3,SE,0.51,0.839285714,1
26366,White,M,38,3.3,SE,0.03,0.789285714,1
26367,White,F,46,3.2,SE,0.12,0.879761905,1
26368,White,F,37,3.8,SE,1.25,0.824404762,1
26369,White,F,38,3.7,NG,-0.81,0.827380952,1
26370,White,M,36,3.3,SE,-0.71,0.764285714,1
26371,White,M,40,3.9,SE,-0.76,0.871428571,1
26372,White,F,38,3.3,SE,-0.39,0.789285714,1
26373,White,F,44,3.3,SE,1.15,0.864285714,1
26374,White,M,37,3.5,SE,1.35,0.795833333,1
26376,White,M,42,3.5,SE,0.81,0.858333333,1
26377,White,F,39,3.5,SE,-0.24,0.820833333,1
26378,White,M,48,3.6,SE,2.42,0.942857143,1
26379,White,M,42,3.6,SE,-0.64,0.867857143,1
26380,White,M,40,3.8,SE,0.07,0.861904762,1
26381,White,F,43,3,SE,-1.05,0.823214286,1
26382,White,F,39,3.5,SE,-0.02,0.820833333,1
26385,White,F,39,3.9,SE,0.54,0.858928571,1
26386,Black,F,36,2.4,SE,-2.13,0.678571429,1
26388,White,F,40,3.2,SE,0.22,0.804761905,1
26391,White,F,45,3.4,SE,0.69,0.886309524,1
26393,White,F,39,2.6,SE,-1,0.735119048,1
26394,Black,M,34,2.5,SE,0.12,0.663095238,1
26395,White,M,42,3.5,SE,1.81,0.858333333,1
26396,White,M,43,3.3,SE,-0.07,0.851785714,1
26397,White,F,46,3.2,SE,0.64,0.879761905,1
26398,Black,M,20.5,2.5,SE,-2.42,0.494345238,1
26399,White,M,46,2.9,SE,0.39,0.851190476,0
26400,Black,M,21,2.9,SE,-3.35,0.538690476,0
26401,White,M,42,3.6,SE,0.32,0.867857143,1
26402,Asian,F,33,3.8,SE,-2.28,0.774404762,0
26403,White,F,39,3.7,SE,0.17,0.839880952,1
26404,White,F,39,3.5,SE,1.08,0.820833333,1
26405,White,M,34,4,SE,-0.1,0.805952381,1
26406,White,F,43,3.2,SE,-0.49,0.842261905,1
26407,White,F,39,3.7,SE,-0.39,0.839880952,1
26408,White,F,38,3.3,SE,0.88,0.789285714,1
26409,Black,F,25,2.6,SE,-2.59,0.560119048,0
26410,White,M,40,3.2,SE,0.69,0.804761905,1
26411,White,F,44,3.4,SE,0.51,0.873809524,1
26412,White,F,39,3.7,SE,-0.29,0.839880952,1
26413,White,M,33,3.8,SE,0.98,0.774404762,1
26414,White,M,42,3.3,SE,0.47,0.839285714,1
26415,White,F,42,3.1,SE,0.54,0.820238095,1
26416,White,F,34,3.7,SE,0.93,0.777380952,1
26417,White,M,41,3.5,SE,-0.29,0.845833333,1
26418,White,F,39,3.6,SE,1.08,0.830357143,1
26419,White,F,42,3.7,SE,0.93,0.877380952,1
26420,White,M,41,3.4,GL,-0.71,0.836309524,1
26421,White,F,44,3.4,SE,-0.02,0.873809524,1
26422,Black,F,25,2.3,SE,-1.91,0.531547619,1
26423,White,F,44,3.4,SE,0.64,0.873809524,1
26424,White,F,42,3.1,SE,-0.29,0.820238095,1
26425,White,F,44,3.4,SE,1.35,0.873809524,1
26426,White,F,36,3.7,SE,-0.34,0.802380952,1
26427,White,F,37,3.8,SE,1.4,0.824404762,1
26428,White,M,41,3,SE,-0.54,0.798214286,1
26429,White,F,46,2.9,SE,-1.62,0.851190476,1
26430,White,F,45,3.7,SE,-0.07,0.914880952,1
26432,Hispanic,M,39,3.3,SE,1.3,0.801785714,1
26433,Black,M,23,2.6,SE,-1.42,0.535119048,1
26434,White,F,45,3.5,SE,-0.29,0.895833333,1
26435,White,F,47,3.3,FW,1.03,0.901785714,1
26436,White,M,41,3.4,SE,0.12,0.836309524,1
26437,White,F,41,3.7,SE,-0.44,0.864880952,1
26438,White,F,43,3.5,SE,0.71,0.870833333,1
26439,White,M,36,3.5,SE,0.12,0.783333333,0
26440,White,F,36,3.9,SE,0.88,0.821428571,1
26442,White,F,42,3.1,SE,0.59,0.820238095,1
26443,White,F,40,3.9,SE,-0.02,0.871428571,1
26444,White,F,40,3.4,SE,-0.2,0.823809524,1
26445,White,M,41,3.4,SE,0.88,0.836309524,1
26446,White,M,46,3.8,SE,1.74,0.936904762,1
26447,Black,F,25,3.1,SE,-1.62,0.607738095,1
26448,White,M,34,3.9,MS,0.03,0.796428571,0
26449,White,F,33,3.4,SE,-0.2,0.736309524,1
26450,White,F,43,3.3,SE,-0.76,0.851785714,1
26451,Black,F,28,2.8,SE,-1.93,0.616666667,1
26452,Black,F,29,2.6,SE,-2.18,0.610119048,1
26453,Asian,M,37,3.5,SE,-1.1,0.795833333,1
26454,White,M,42,3,SE,-1.05,0.810714286,1
26455,White,M,37,3.4,SE,1.22,0.786309524,1
26456,Black,F,29.5,2.3,SE,-1.42,0.587797619,0
26458,White,F,39,2.7,SE,-1.66,0.744642857,1
26459,Black,F,32,2.6,SE,-1.2,0.647619048,1
26460,White,F,38,3.7,SE,-0.64,0.827380952,1
26461,White,F,42,3.6,SE,0.07,0.867857143,1
26462,White,F,41,3.7,SE,1.81,0.864880952,1
26463,Asian,F,41,3.2,SE,-1,0.817261905,1
26464,White,F,38,3.3,SE,-0.29,0.789285714,1
26466,White,F,37,3.4,SE,-0.24,0.786309524,1
26467,White,M,38,3.6,SE,-0.15,0.817857143,1
26468,White,M,40,3.7,SE,-0.91,0.852380952,1
26469,White,F,44,3.2,SE,1.05,0.854761905,1
26470,White,F,38,3.9,SE,0.66,0.846428571,1
26471,Asian,M,41,3.9,SE,0.59,0.883928571,1
26472,White,F,39,3.3,SE,-0.76,0.801785714,1
26473,White,F,40,3.2,SE,-1,0.804761905,1
26475,White,F,39,3.3,SE,-0.39,0.801785714,1
26476,White,F,46,3.1,MS,-0.29,0.870238095,1
26477,Other,F,31,3.6,SE,0.39,0.730357143,1
26478,White,F,42,3.8,SE,0.51,0.886904762,1
26479,White,M,42,3.7,SE,0.54,0.877380952,1
26480,White,M,36,3.9,SE,-0.64,0.821428571,1
26481,White,M,42,3.5,SE,-0.07,0.858333333,1
26482,White,M,43,3.8,SE,-0.15,0.899404762,1
26483,White,F,38,3.4,SE,-0.39,0.798809524,1
26484,White,M,41,3,SE,0.37,0.798214286,1
26486,White,F,39,3.5,SE,0.64,0.820833333,1
26487,White,M,43,3.1,SE,-0.39,0.832738095,1
26488,White,F,40,2.6,SE,-0.76,0.747619048,1
26489,White,M,42,3.2,SE,-0.39,0.829761905,1
26490,White,F,48,3.1,SE,-0.91,0.895238095,1
26491,White,M,39,3.7,SE,-0.39,0.839880952,1
26492,White,F,43,3.4,SE,1.74,0.861309524,1
26493,White,F,41,4,SE,-0.2,0.893452381,1
26494,White,M,37,3.8,SE,1.4,0.824404762,1
26495,White,F,40,3.5,SE,-0.07,0.833333333,1
26496,White,M,41,3.7,SE,0.47,0.864880952,1
26497,White,F,37,3.4,SE,-0.34,0.786309524,1
26498,White,F,42,3.6,SE,0.78,0.867857143,1
26499,White,F,42,3.1,SE,-0.86,0.820238095,1
26500,White,F,37,3.3,SE,-0.64,0.776785714,1
26501,White,F,47,3.8,SE,1.2,0.949404762,1
26502,White,F,41,3.6,SE,1.08,0.855357143,1
26503,White,F,43,3.6,SE,0.37,0.880357143,1
26504,White,F,39,3.2,SE,-0.71,0.792261905,1
26505,Black,M,32,2.9,SE,-0.54,0.676190476,1
26506,Amerindian,F,40,3.5,SE,0.88,0.833333333,1
26507,White,F,38,3.9,SE,-0.15,0.846428571,1
26508,White,F,41,3.7,SE,0.47,0.864880952,1
26509,White,F,42,3.4,SE,1.08,0.848809524,1
26510,White,F,42,3.2,SE,0.64,0.829761905,1
26511,White,F,41,3.8,SE,0.78,0.874404762,1
26512,Black,M,24,2.9,SE,-2.13,0.576190476,1
26513,White,F,39,4,SE,1.59,0.868452381,1
26514,White,M,45,3,NE,-0.26,0.848214286,1
26515,Black,F,29,3.4,MS,-0.64,0.686309524,1
26516,White,M,41,3,NE,0.27,0.798214286,1
26517,White,M,33,3.7,MS,0.15,0.764880952,1
26518,White,F,38,2.7,MS,-1.04,0.732142857,1
26519,White,F,40,3.2,GL,0.74,0.804761905,1
26520,White,F,38,3,MS,0.58,0.760714286,0
26521,White,F,40,3.3,FW,0.65,0.814285714,1
26522,White,F,37,3.1,FW,0.65,0.757738095,1
26523,White,M,39,3.2,MS,0.27,0.792261905,1
26524,Asian,M,37,3.3,MS,-1.95,0.776785714,1
26526,White,F,33.5,2.7,MS,-0.23,0.675892857,0
26527,White,F,37,2.9,MS,-1.95,0.738690476,1
26528,White,M,46,2.9,NE,0.65,0.851190476,1
26529,White,M,38,3.3,NG,0.33,0.789285714,1
26530,White,M,35,3.3,FW,-0.04,0.751785714,0
26531,White,M,35,3.6,MS,-0.26,0.780357143,1
26532,White,F,37,2.9,MS,0.18,0.738690476,1
26533,White,F,34.5,3.6,NE,1.68,0.774107143,1
26534,Black,M,23,3.4,NE,-1.83,0.611309524,0
26535,Other,M,31.5,3,FW,-1.07,0.679464286,0
26536,White,M,37.5,2.9,MS,-0.29,0.744940476,1
26537,White,M,32.5,2.8,MS,-1.61,0.672916667,1
26538,Asian,M,35,3.4,MS,-1.83,0.761309524,1
26539,White,M,20,3,MS,-3.3,0.535714286,0
26540,Asian,M,31,2.7,MS,-2.17,0.644642857,0
26541,White,F,37.5,3.2,MS,1.62,0.773511905,1
26542,White,M,36,3.5,SE,1.24,0.783333333,1
26543,Asian,F,39,2.9,GL,-1.57,0.763690476,1
26544,Asian,M,34,3.3,MS,-1.04,0.739285714,1
26545,White,F,39,3.3,MS,1.34,0.801785714,1
26546,White,M,35,3.9,MS,0.52,0.808928571,1
26547,White,F,41,3.3,MS,1.77,0.826785714,1
26548,White,M,40,3.5,GL,-0.82,0.833333333,1
26549,White,F,33,3.5,SE,-0.82,0.745833333,0
26550,White,F,40,3.5,MS,-0.92,0.833333333,1
26551,White,F,36,3.5,NE,-0.1,0.783333333,1
26552,Amerindian,F,33.5,2.9,NE,1.12,0.694940476,1
26553,White,M,42,3,FW,0.52,0.810714286,1
26554,Asian,M,35,3,NE,-1.23,0.723214286,0
26555,White,M,28,3.4,MS,-1.42,0.673809524,0
26556,White,M,40,3.3,NG,-0.85,0.814285714,0
26558,Amerindian,F,36,2.6,NE,-0.23,0.697619048,1
26559,White,F,37,3.4,MS,1.52,0.786309524,1
26560,White,M,33,3.1,NE,-0.04,0.707738095,1
26561,Asian,F,38,3.5,FW,0.12,0.808333333,1
26562,Amerindian,F,38,2.7,NE,0.05,0.732142857,1
26563,White,M,36,3.6,MS,0.37,0.792857143,1
26564,White,M,38,2.9,MS,-0.04,0.751190476,0
26566,White,M,42,3.2,SE,-0.76,0.829761905,0
26567,White,F,25,3.5,NE,-0.64,0.645833333,0
26569,White,F,36,3.6,NE,1.46,0.792857143,1
26570,White,M,40,3.3,MS,0.21,0.814285714,1
26571,White,F,37,3.1,NE,-0.1,0.757738095,0
26572,White,M,35,3.2,NE,-0.48,0.742261905,1
26573,White,M,40,3,MS,-0.17,0.785714286,1
26574,White,F,44,2.7,MS,0.43,0.807142857,1
26575,White,F,37,4,SE,1.3,0.843452381,1
26576,White,M,40,3.2,FW,2.15,0.804761905,1
26577,White,M,32,3.7,MS,-0.85,0.752380952,0
26578,White,M,39.5,3.3,FW,0.58,0.808035714,1
26579,White,M,40,3.2,MS,1.34,0.804761905,1
26580,White,F,40,3.2,MS,1.4,0.804761905,1
26581,White,M,32.3,3.2,MS,-1.51,0.708511905,0
26582,White,M,37.5,3,MS,-0.39,0.754464286,1
26583,White,F,36,2.8,MS,-0.39,0.716666667,1
26585,White,F,31.5,3.9,MS,0.27,0.765178571,1
26586,White,F,47,2.7,NE,1.18,0.844642857,1
26587,White,F,42,3,NE,-0.32,0.810714286,1
26588,White,F,38,3.2,NG,1.24,0.779761905,1
26589,Hispanic,F,36,3,MS,-0.51,0.735714286,0
26592,White,F,36.5,3,GL,-1.54,0.741964286,1
26593,Asian,M,33,3.3,NG,0.49,0.726785714,1
26594,White,F,43,2.8,MS,0.05,0.804166667,1
26595,White,M,32,3.2,MS,-0.95,0.704761905,1
26596,White,M,38,3.3,MS,-0.73,0.789285714,1
26597,White,F,37,3.5,GL,-0.1,0.795833333,1
26598,White,F,37,2.2,MS,-1.95,0.67202381,1
26599,White,F,36,2.9,MS,-1.39,0.726190476,0
26600,Hispanic,F,44,2.6,NE,1.24,0.797619048,1
26601,White,M,42,3.3,NG,-0.01,0.839285714,1
26602,White,M,28,3.6,SC,-1.16,0.692857143,0
26603,White,F,33.5,2.5,SC,-0.43,0.656845238,1
26604,White,M,31.5,2.8,SC,0.12,0.660416667,1
26605,White,F,34,2.9,Mt,1.6,0.701190476,1
26606,White,M,30,3.6,SC,0.19,0.717857143,1
26607,White,F,31,2.8,SC,0.36,0.654166667,1
26608,White,F,29,2.5,SC,-0.39,0.600595238,1
26609,White,F,33,2.5,SC,-0.29,0.650595238,1
26610,White,F,30,2.8,SC,1.68,0.641666667,1
26611,White,F,30,3.2,SC,-0.87,0.679761905,0
26613,White,F,34,3,FW,-0.39,0.710714286,1
26614,White,F,33,2.5,NE,-0.5,0.650595238,1
26615,White,M,30,2.7,SC,-0.23,0.632142857,0
26617,White,F,34,2.5,SC,-1,0.663095238,0
26618,White,F,33,3.1,NG,0.3,0.707738095,1
26619,White,F,29,2.9,MW,-0.63,0.638690476,1
26620,White,F,32,3,SC,-0.09,0.685714286,1
26621,White,F,28,3.3,SC,-0.07,0.664285714,1
26622,White,F,34,2.7,MW,-0.29,0.682142857,1
26623,White,F,33,2.6,SE,1.28,0.660119048,1
26624,White,F,30,2.9,SC,0.6,0.651190476,1
26626,White,F,29,3.2,SC,0.12,0.667261905,1
26627,Hispanic,F,29,2.4,SC,-0.84,0.591071429,1
26628,White,F,31,2.7,SC,1.89,0.644642857,1
26631,White,M,28.5,2.9,SC,-1.13,0.632440476,0
26632,White,F,35,2.6,SC,0.28,0.685119048,1
26636,White,F,31,3,SC,-1.53,0.673214286,1
26637,White,F,35,2.6,SC,-1.02,0.685119048,1
26638,White,F,27,3.2,SC,-0.94,0.642261905,1
26639,White,F,29,3.4,SC,-1.32,0.686309524,1
26640,White,F,27,3.6,SC,-0.2,0.680357143,1
26641,White,F,32.5,2.7,MS,1.34,0.663392857,0
26642,White,F,35,2.7,Mt,0.17,0.694642857,1
26645,White,M,25,3.8,SC,0.19,0.674404762,1
26648,White,M,37,3.5,SC,-0.61,0.795833333,1
26651,Amerindian,M,29,2.6,SC,-0.25,0.610119048,1
26653,Hispanic,F,28,2.8,SC,1.16,0.616666667,1
26655,White,F,31,2.7,SC,0.62,0.644642857,1
26656,White,F,36,3.4,SC,0.43,0.773809524,1
26658,White,F,41,2.7,SC,0.21,0.769642857,1
26660,White,F,41,3.6,SC,2.37,0.855357143,1
26661,Amerindian,F,32,2.7,SC,0.17,0.657142857,1
26663,White,M,34,2.9,MS,0.5,0.701190476,1
26664,White,F,33,2.9,SC,-0.54,0.688690476,1
26665,White,F,39,2.3,SC,-1.25,0.706547619,1
26666,White,M,27,3.2,SE,-0.7,0.642261905,1
26667,White,M,28.5,2.8,SC,0.05,0.622916667,1
26668,White,F,32,3,SC,1.3,0.685714286,1
26670,White,F,36,3,FW,-0.03,0.735714286,1
26671,White,F,40,3.5,FW,1.27,0.833333333,1
26672,White,M,44,2.9,FW,1.17,0.826190476,1
26673,White,F,39,3.1,FW,1.03,0.782738095,1
26674,White,F,35.5,3.2,FW,-1.06,0.748511905,1
26675,White,M,42,3.3,GL,1.78,0.839285714,1
26676,White,F,37,3.5,FW,0.34,0.795833333,1
26677,White,F,40,2.8,FW,0.67,0.766666667,1
26678,White,F,40,3,FW,0.77,0.785714286,1
26679,Hispanic,F,34,3.5,FW,-0.48,0.758333333,1
26680,White,M,41,3.1,FW,-0.63,0.807738095,1
26681,White,F,43,2.7,NG,-0.46,0.794642857,1
26682,White,F,38,3.3,FW,0.22,0.789285714,1
26683,White,M,36,3.4,FW,-0.21,0.773809524,0
26684,White,M,37,3.5,FW,0.75,0.795833333,1
26685,White,F,41,3.2,FW,1.91,0.817261905,1
26687,White,F,36,3.3,FW,0.57,0.764285714,1
26688,White,M,40,3.3,NW,0.13,0.814285714,1
26689,White,F,37.5,3.3,FW,1.15,0.783035714,0
26690,White,F,38,3.1,FW,-0.67,0.770238095,0
26691,Mexican,F,36,2.7,FW,-0.81,0.707142857,1
26693,White,F,39,2.9,FW,-0.14,0.763690476,1
26695,Other,M,35,3.7,FW,-0.46,0.789880952,1
26696,Hispanic,M,33,3.3,FW,0.57,0.726785714,1
26697,White,M,37,3.3,FW,-1.34,0.776785714,0
26698,White,M,43,3,FW,0.2,0.823214286,1
26699,White,F,35,3.9,FW,0.93,0.808928571,1
26700,White,M,35,3.4,FW,-0.87,0.761309524,1
26701,White,F,38.5,3,FW,0.78,0.766964286,1
26702,White,F,35,2.9,FW,-0.14,0.713690476,1
26703,White,F,34,3.4,FW,0,0.748809524,1
26704,White,F,38,3.2,GL,-0.59,0.779761905,1
26705,White,F,37,3.7,FW,-1.35,0.814880952,1
26707,White,M,40,3.1,FW,-1.04,0.795238095,1
26708,White,F,42,3.5,MS,0.19,0.858333333,1
26709,White,M,43,3.1,FW,0.41,0.832738095,0
26710,White,F,39,3.4,FW,-0.24,0.811309524,1
26712,White,F,38,3.1,FW,-0.48,0.770238095,1
26713,White,F,35,3.4,FW,-0.91,0.761309524,1
26714,White,F,42,2.8,FW,1.23,0.791666667,1
26715,White,F,39,3.2,FW,0.05,0.792261905,1
26716,White,M,38,3.7,FW,0.52,0.827380952,1
26717,White,F,40,3.3,FW,-0.74,0.814285714,1
26718,White,M,37,2.7,FW,-1.16,0.719642857,0
26719,White,F,43,2.7,FW,0.65,0.794642857,1
26720,Puertorican,F,39,2.5,Mt,0.36,0.725595238,1
26721,White,F,37,3.1,FW,-1.44,0.757738095,0
26722,Mexican,F,36,2.5,SC,0.12,0.688095238,1
26724,White,F,42,3,FW,1.19,0.810714286,1
26725,White,F,35,3.8,FW,0.33,0.799404762,1
26726,White,F,35,3.7,MW,0.17,0.789880952,1
26727,Other,M,36,3,FW,-1.11,0.735714286,1
26728,White,M,39,3.6,FW,-0.07,0.830357143,1
26729,Asian,F,42,3.4,FW,-1.21,0.848809524,1
26731,White,F,36.5,3.7,FW,1.38,0.808630952,1
26732,White,F,40,2.9,FW,-0.32,0.776190476,1
26733,Asian,F,36,3.3,FW,-0.14,0.764285714,1
26734,White,F,40,3.5,FW,0.23,0.833333333,1
26735,White,F,39,3.5,FW,-0.13,0.820833333,1
26736,White,F,33.5,3,FW,-0.46,0.704464286,1
26737,White,F,38,3.1,FW,0.8,0.770238095,1
26738,White,F,40,2.8,FW,-0.35,0.766666667,1
26739,White,M,39,3.5,FW,1.07,0.820833333,1
26740,White,M,33.5,2.8,SE,-1.15,0.685416667,1
26741,White,M,37,3.3,FW,-0.02,0.776785714,1
26742,White,M,37,3.3,FW,2.04,0.776785714,1
26744,White,F,45,3,FW,0.57,0.848214286,1
26745,White,M,31.5,3.1,FW,-0.93,0.688988095,0
26746,Puertorican,F,37,3.1,FW,0.46,0.757738095,1
26747,White,M,33.5,3.4,NE,-0.91,0.742559524,1
26749,White,F,40,4,FW,2.51,0.880952381,1
26750,White,M,43,3.6,FW,1.76,0.880357143,1
26751,White,F,41,3.1,FW,0.57,0.807738095,1
26752,White,F,38,3.2,FW,-1.24,0.779761905,1
26754,White,M,34,2.9,FW,-1.06,0.701190476,0
26755,White,M,37,3.2,FW,-1.32,0.767261905,1
26756,White,F,31,2.3,FW,-1.26,0.606547619,0
26758,Black,M,34,2.6,FW,-1.36,0.672619048,0
26761,White,F,39,3.4,Mt,-0.16,0.811309524,1
26762,White,M,39,3.5,NE,-0.44,0.820833333,1
26763,White,M,33,2.8,FW,-1.28,0.679166667,1
26764,White,M,33,2.3,FW,-1.56,0.631547619,1
26765,White,F,39,2.9,FW,0.29,0.763690476,1
26766,White,M,45,3.4,FW,-0.57,0.886309524,1
26767,White,F,45,3.3,FW,0.01,0.876785714,1
26768,White,F,46,3.1,FW,-0.66,0.870238095,1
26769,Black,F,39,2.9,FW,0.23,0.763690476,1
26770,White,M,40,3.3,FW,0.71,0.814285714,1
26771,White,M,44.5,3.2,FW,0.56,0.861011905,1
26772,White,F,41,3.5,FW,2.15,0.845833333,1
26773,Asian,F,40,3,FW,-0.82,0.785714286,1
26774,White,M,40,3.7,FW,-0.49,0.852380952,1
26776,White,F,37,3.2,FW,-0.57,0.767261905,0
26777,White,F,44,3.2,FW,-0.14,0.854761905,1
26778,White,M,42,3.1,FW,0.56,0.820238095,1
26779,Asian,F,41.5,3.3,FW,0.95,0.833035714,1
26780,White,M,40,3.1,FW,-0.8,0.795238095,1
26781,White,F,41,3.3,FW,0.97,0.826785714,1
26783,Other,F,42,3.1,FW,0.34,0.820238095,1
26784,White,F,46,3.2,FW,1.08,0.879761905,1
26785,White,M,45,3,FW,0.19,0.848214286,1
26786,White,F,39,3.2,FW,-0.8,0.792261905,1
26787,White,M,38,3.5,FW,-0.43,0.808333333,1
26788,White,M,36.5,3.9,FW,1,0.827678571,1
26789,White,F,40,3.6,FW,-0.28,0.842857143,1
26790,White,F,44,3.3,FW,1.7,0.864285714,1
26791,White,M,35,2.9,FW,-1.6,0.713690476,0
26792,White,F,39,3.7,FW,-0.08,0.839880952,1
26793,Asian,F,30,3.6,FW,0.03,0.717857143,1
26796,White,M,44,3.3,FW,-0.78,0.864285714,1
26797,White,F,40,3.5,FW,-0.99,0.833333333,1
26798,White,M,35,3.9,FW,-1.46,0.808928571,1
26799,White,F,45,3.4,FW,1.64,0.886309524,1
26800,White,M,40,3.6,FW,0.6,0.842857143,1
26801,White,M,46,3.3,FW,1.1,0.889285714,1
26802,White,F,41,3.5,FW,-0.47,0.845833333,1
26803,White,M,48,3.3,FW,1.43,0.914285714,1
26804,White,F,42,3.4,FW,-1.27,0.848809524,0
26805,White,M,46,3.5,FW,1.28,0.908333333,1
26807,White,F,41,3.5,FW,0.6,0.845833333,1
26809,White,F,43,3.3,FW,1.28,0.851785714,1
26810,Asian,F,39,3.5,FW,0.23,0.820833333,1
26811,Black,F,39,2.7,FW,-0.22,0.744642857,1
26812,White,M,40,3.7,FW,-0.35,0.852380952,1
26813,White,M,43,3.3,FW,-0.8,0.851785714,1
26814,White,F,40,3.7,SE,-0.22,0.852380952,1
26815,White,F,42.5,3.3,FW,0.52,0.845535714,1
26817,White,M,36,3.4,FW,0.05,0.773809524,1
26819,White,M,40,3.7,FW,0.44,0.852380952,1
26820,Black,F,40,2.2,FW,-1.65,0.70952381,0
26821,White,M,44,3.4,FW,-1.4,0.873809524,1
26822,White,F,43,3.3,FW,-0.84,0.851785714,0
26823,White,M,43,3.4,FW,-1.4,0.861309524,1
26824,White,F,46,3.3,FW,0.01,0.889285714,1
26825,White,M,42,3.1,NE,0.5,0.820238095,1
26826,White,F,44,3.6,FW,1.04,0.892857143,1
26827,Asian,M,42,3.8,FW,0.19,0.886904762,1
26828,White,F,45,3.3,FW,0.52,0.876785714,1
26829,White,F,38,3.7,FW,0.67,0.827380952,1
26830,White,F,39,3.4,FW,-0.7,0.811309524,1
26831,White,M,41,3.3,FW,0.07,0.826785714,1
26832,White,M,43,3.5,SC,-0.49,0.870833333,1
26833,White,F,39,3.8,FW,-1.21,0.849404762,1
26834,Asian,M,37,3,FW,-1.03,0.748214286,1
26835,Mexican,M,24,3.1,FW,-1.75,0.595238095,0
26836,Hispanic,M,32,2.9,FW,-1.83,0.676190476,0
26837,Hispanic,F,40.5,2.9,FW,-0.68,0.782440476,1
26838,White,F,48,3.2,FW,0.52,0.904761905,1
26839,Asian,F,41,2.7,FW,-0.45,0.769642857,1
26840,White,M,44,3.3,FW,0.52,0.864285714,1
26841,White,M,43,3,FW,-0.55,0.823214286,1
26842,White,F,42,3.6,FW,1.16,0.867857143,1
26843,White,M,41,3.6,FW,-0.47,0.855357143,1
26844,White,M,43,3.4,GL,-0.16,0.861309524,1
26845,White,F,46,3.3,FW,1.22,0.889285714,1
26846,White,M,37,3.4,FW,-0.26,0.786309524,1
26847,White,M,41,3.5,FW,1.9,0.845833333,1
26849,White,M,42,3.5,FW,-0.43,0.858333333,1
26850,White,F,37,3.9,FW,-0.1,0.833928571,1
26853,White,F,47,3.4,FW,0.46,0.911309524,1
26854,White,M,40,4,FW,0.27,0.880952381,1
26855,White,F,48,3.2,FW,0.05,0.904761905,1
26856,White,F,48,2.8,FW,-0.04,0.866666667,1
26857,White,F,40,3.9,FW,-0.8,0.871428571,0
26858,White,F,43,3.5,FW,0.05,0.870833333,1
26859,White,F,42,3.9,SE,0.38,0.896428571,1
26860,White,F,44,3.3,FW,0.05,0.864285714,1
26861,White,F,45,3.4,FW,0.34,0.886309524,1
26862,White,M,40,3.7,FW,0.09,0.852380952,1
26864,White,F,38,3.5,FW,0.23,0.808333333,1
26866,White,F,41,3.5,FW,0.62,0.845833333,1
26867,White,M,44,3.2,FW,-0.28,0.854761905,1
26868,White,F,41,3.7,FW,0.46,0.864880952,1
26869,White,F,40,3.4,FW,-0.63,0.823809524,1
26870,White,F,41,3.5,FW,-0.92,0.845833333,1
26871,White,F,42.5,3.4,FW,0.71,0.855059524,1
26872,White,F,42,3.6,FW,0.75,0.867857143,1
26873,White,F,45,4,FW,0.93,0.943452381,1
26874,White,M,37,3.3,NE,0.62,0.776785714,1
26875,Other,M,29,2.9,FW,-0.35,0.638690476,1
26876,White,M,47,3.7,FW,0.4,0.939880952,1
26877,Mexican,M,23,3.5,FW,-0.99,0.620833333,1
26878,White,F,34,3.2,SE,0.77,0.729761905,1
26879,White,F,34,3,SE,-2.22,0.710714286,0
26882,White,M,36.5,3.8,SE,1.37,0.818154762,1
26883,White,F,32,3.1,SE,-1.45,0.695238095,1
26884,White,F,35,3.2,SE,0.48,0.742261905,1
26885,White,F,33,2.8,MS,-0.04,0.679166667,1
26886,White,F,32,3.3,SE,-1.13,0.714285714,1
26887,Black,M,29,2.9,SE,0.69,0.638690476,1
26888,White,F,37,2.9,MS,0.48,0.738690476,1
26889,White,F,29,3.5,SE,0.73,0.695833333,1
26890,Other,F,41,3.1,SE,-0.86,0.807738095,1
26891,White,F,33,3.1,SE,-0.2,0.707738095,1
26892,White,F,31,3.7,Mt,0.24,0.739880952,1
26893,Black,F,32,3.6,SE,0.48,0.742857143,1
26894,White,M,33,3.1,MS,2.15,0.707738095,1
26895,White,F,31,2.8,SE,0.2,0.654166667,1
26896,White,M,35,3,SE,0.12,0.723214286,1
26897,White,F,31.3,3,SE,-0.6,0.676964286,1
26898,White,F,32,2.7,SE,-0.24,0.657142857,0
26899,White,F,34.5,3.1,SE,-1.21,0.726488095,1
26900,White,M,32.5,3.1,SE,-0.36,0.701488095,1
26901,White,F,36,2.9,SE,1.41,0.726190476,1
26902,White,F,35,2.9,SE,2.18,0.713690476,1
26903,White,F,35,2.9,SE,1.01,0.713690476,1
26904,White,F,33.5,3.1,SE,-0.76,0.713988095,1
26905,White,F,23.5,2.8,SE,-0.93,0.560416667,1
26906,White,F,30,3.1,SE,0.36,0.670238095,1
26907,White,F,33,3,SE,-0.36,0.698214286,1
26908,White,F,36,2.9,SE,-0.44,0.726190476,1
26909,White,M,30,3.7,MS,-1.17,0.727380952,0
26910,White,F,37,2.7,SE,0.97,0.719642857,1
26912,White,F,32,3.4,SE,0.24,0.723809524,1
26913,White,F,36,2.6,SE,0.36,0.697619048,1
26914,Black,F,28,3.1,SE,-0.85,0.645238095,0
26915,Black,M,26,2.8,SE,-1.61,0.591666667,0
26916,White,F,35,2.9,SE,-0.4,0.713690476,1
26917,White,M,31,3,SE,0.6,0.673214286,1
26918,White,M,34,3.1,SE,-0.07,0.720238095,1
26919,White,F,34,2.6,SE,-0.52,0.672619048,1
26921,White,F,30.5,3,SE,0.69,0.666964286,1
26924,White,F,35,3,SE,-1.65,0.723214286,1
26925,White,F,31,3.1,SE,1.13,0.682738095,1
26926,White,M,38,3.3,SE,0.81,0.789285714,1
26927,White,M,39,3.6,SE,1.53,0.830357143,1
26928,White,F,31,2.9,SE,-1.37,0.663690476,1
26929,White,F,34,3,SE,-1.97,0.710714286,0
26930,White,F,30,4,SE,0.94,0.755952381,1
26931,Black,M,28,2.9,SE,-1.25,0.626190476,0
26932,Black,M,27,2.7,SE,-1.21,0.594642857,1
26933,White,M,36,2.4,SE,-1.25,0.678571429,1
26934,White,F,32,3.2,MS,-0.36,0.704761905,1
26935,White,F,34,2.9,SE,-1.17,0.701190476,1
26938,White,F,30,3,SE,0.68,0.660714286,1
26939,White,F,33,3.2,SE,0.44,0.717261905,1
26940,White,F,40,2.7,SE,-0.64,0.757142857,1
26941,White,F,30,3.5,SE,-1.65,0.708333333,1
26942,White,F,30,3.1,SE,-0.6,0.670238095,1
26943,White,M,35,3.1,SE,0.85,0.732738095,1
26944,White,M,33.5,2.9,MS,-0.24,0.694940476,1
26945,White,M,36,2.8,MS,1.53,0.716666667,1
26946,White,M,30,3.3,SE,-0.04,0.689285714,1
26947,White,F,34,2.8,SE,0.89,0.691666667,1
26948,White,F,38,2.9,SE,-0.19,0.751190476,1
26950,White,F,24.5,2.2,SE,-1.73,0.51577381,0
26951,White,F,35,2.6,SE,0.28,0.685119048,1
26952,White,F,32,3.4,SE,-1.33,0.723809524,1
26953,White,M,30.5,3.6,SE,0.65,0.724107143,1
26954,White,F,35,2.9,SE,-1.01,0.713690476,1
26955,White,M,30,3.2,SE,0.48,0.679761905,1
26957,Black,M,32,2.2,MS,0.2,0.60952381,0
26958,Black,F,29,2.5,SE,-2.22,0.600595238,0
26960,White,F,37,2.7,SE,-0.49,0.719642857,1
26961,White,M,30,3.6,SE,-1.21,0.717857143,1
26962,White,M,39,4,SE,2.07,0.868452381,1
26963,White,F,32,3.1,SE,0.49,0.695238095,1
26964,White,M,31,3.1,SE,-0.2,0.682738095,1
26965,White,M,33,3.3,SE,-0.16,0.726785714,1
26966,White,F,32,3.3,SE,-1.29,0.714285714,1
26967,White,F,30,3.3,MS,0.16,0.689285714,1
26969,Hispanic,M,37,2.4,Mt,-0.93,0.691071429,0
26970,White,F,31,3.4,SE,1.01,0.711309524,1
26971,White,F,36,2.7,SE,-0.76,0.707142857,1
26972,White,F,33,2.8,SE,-0.44,0.679166667,1
26973,White,F,36,3,SE,-1.17,0.735714286,1
26974,White,M,35,3,SE,-1.53,0.723214286,1
26975,White,F,38,2.7,SE,-0.07,0.732142857,1
26976,White,M,31.3,3.5,SE,-0.12,0.724583333,1
26977,White,F,37,3,SE,1.53,0.748214286,1
26978,White,F,36,2.7,SE,1.09,0.707142857,1
26979,White,M,34,3.5,SE,0.19,0.758333333,1
26980,White,M,48,2.7,SE,1.77,0.857142857,1
26981,White,F,29,3.2,SE,-0.52,0.667261905,1
26982,White,F,33,3.1,SE,1.45,0.707738095,1
26985,White,M,40,3.7,MS,0.2,0.852380952,1
26986,White,M,41,3.7,SE,1.17,0.864880952,1
26987,White,F,38,2.3,SE,0.41,0.694047619,1
26988,Black,M,27,3.3,SE,1.25,0.651785714,1
26990,White,M,37,2.7,SE,-0.44,0.719642857,1
26991,White,M,40,3.6,SE,2.38,0.842857143,1
26992,White,M,33,3.7,SE,0.28,0.764880952,1
26993,Other,F,27.5,3,SE,-0.52,0.629464286,1
26994,White,F,34,2.8,SE,-0.24,0.691666667,1
26995,White,F,33,3,SE,0.32,0.698214286,1
26996,Other,M,22,3.8,SC,-1.31,0.636904762,0
26997,Black,M,35,3,FW,-0.44,0.723214286,0
26998,White,F,34,3.5,SE,0.85,0.758333333,1
26999,White,M,38,2.4,SE,0.97,0.703571429,1
27000,White,F,31.5,2.9,SE,0.2,0.669940476,1
27001,White,M,31,3,SE,-0.93,0.673214286,1
27003,Other,F,41,3.3,SE,0.02,0.826785714,1
27005,White,M,39,4,NE,0.49,0.868452381,1
27006,White,M,37,3.7,NE,-0.75,0.814880952,1
27007,White,M,39,3.7,NE,-0.77,0.839880952,1
27008,White,F,44,2.7,NE,0.1,0.807142857,1
27009,White,F,40,3.8,GL,0.4,0.861904762,1
27011,White,F,35,3.8,NE,2,0.799404762,1
27012,White,M,39,3.4,NE,0.21,0.811309524,1
27015,White,F,45,3,NE,0.64,0.848214286,1
27016,White,F,43,3.3,NE,0.74,0.851785714,1
27017,White,F,45,3,MS,0.4,0.848214286,1
27018,White,F,36,3.7,NE,-2.3,0.802380952,1
27019,White,F,39,3.2,NE,1.32,0.792261905,1
27021,White,M,36,3.7,NE,-0.47,0.802380952,1
27022,Black,M,27,2.6,NE,-1.28,0.585119048,1
27023,White,M,41,3,NE,0.55,0.798214286,1
27025,White,F,41,3.1,NE,-1.17,0.807738095,1
27026,White,M,40,3.8,NE,0.93,0.861904762,1
27027,White,M,36.5,3.6,NE,-0.28,0.799107143,1
27028,White,F,41,3,NE,1.17,0.798214286,1
27030,White,M,39.5,3.4,NE,0.64,0.817559524,1
27031,White,F,34,3,NE,-0.36,0.710714286,1
27032,White,M,39,3.3,NE,1.17,0.801785714,1
27033,White,F,36,3.8,NE,1.04,0.811904762,1
27034,White,M,40,3.7,NE,1.61,0.852380952,1
27035,White,F,47,3.2,NE,-0.66,0.892261905,1
27036,White,F,43,3.1,NE,-0.43,0.832738095,1
27037,White,M,39,3.4,NE,-0.47,0.811309524,1
27038,White,F,37,3.6,NE,1.36,0.805357143,1
27039,White,M,36.5,3.5,NE,-0.39,0.789583333,1
27040,White,M,41,3.7,NE,1.7,0.864880952,1
27041,White,F,45,2.7,NE,-0.28,0.819642857,1
27043,White,F,39,3.3,NE,-0.81,0.801785714,1
27044,White,F,39,3.3,NE,-0.28,0.801785714,1
27045,White,M,38,3.7,NE,1.23,0.827380952,1
27046,White,M,42,3.1,NE,0.44,0.820238095,1
27047,Black,F,20,2.5,NE,-2.58,0.488095238,1
27050,White,M,38,3.4,NE,0.83,0.798809524,1
27052,White,M,42,3.5,NE,-0.71,0.858333333,1
27054,White,F,39,3.6,NE,1.17,0.830357143,1
27056,White,F,44,3,NE,0.85,0.835714286,1
27057,White,M,39.5,3.2,NG,0.36,0.798511905,1
27059,White,F,42,3.3,NE,1.12,0.839285714,1
27060,White,F,34,4,NE,-0.62,0.805952381,1
27061,Hispanic,M,37.5,3.1,MS,-0.79,0.763988095,1
27062,White,F,38,3.4,NE,1.38,0.798809524,1
27063,White,F,41,3.5,NE,-0.02,0.845833333,1
27064,White,F,40,3.3,NE,-0.24,0.814285714,1
27065,White,M,41,3.2,NE,1.76,0.817261905,1
27067,White,M,37,3.7,NE,-0.02,0.814880952,1
27069,Black,M,28,3.1,NE,-0.92,0.645238095,1
27070,White,F,41,3.7,NE,0.85,0.864880952,1
27071,Hispanic,F,25.5,2.8,NE,-2.02,0.585416667,1
27072,White,M,36,3.6,MS,-0.02,0.792857143,1
27073,White,F,41,3.4,NE,0.85,0.836309524,1
27074,White,M,42,3.3,NE,-0.43,0.839285714,1
27076,White,M,40,3.5,NE,0.15,0.833333333,1
27077,White,F,30.5,3.1,NE,-1.75,0.676488095,1
27078,White,M,37,3.5,SC,0.78,0.795833333,1
27079,White,M,39,3.2,NE,-0.58,0.792261905,1
27080,White,M,40,3.9,NG,0.44,0.871428571,1
27081,White,M,38,3.5,NE,-0.22,0.808333333,1
27082,White,M,35.5,3.3,NE,0.64,0.758035714,1
27083,White,F,41.5,2.8,NE,-0.71,0.785416667,1
27084,White,F,39,3.4,NE,-0.32,0.811309524,1
27086,White,M,37,3.7,NE,-0.47,0.814880952,1
27087,White,F,39,3.3,NG,0.1,0.801785714,1
27088,White,F,35,3.8,NE,-0.51,0.799404762,1
27089,White,F,39,3.3,NE,0.68,0.801785714,1
27091,White,M,41,4,NE,2.34,0.893452381,1
27093,Asian,M,40,3.5,FW,2.25,0.833333333,1
27094,White,M,44,3.4,FW,0.87,0.873809524,1
27096,White,M,35,3.8,FW,1.12,0.799404762,1
27098,Other,F,41,3.6,FW,0.16,0.855357143,1
27099,Hispanic,M,29,3.6,FW,-0.84,0.705357143,1
27100,Asian,F,40,3.7,FW,1.59,0.852380952,1
27101,Other,F,34.5,3.6,FW,0.05,0.774107143,1
27102,Hispanic,F,30,3.9,FW,-0.49,0.746428571,1
27103,White,M,41,3.8,FW,0.38,0.874404762,1
27104,White,M,41,2.3,FW,-0.76,0.731547619,1
27105,White,F,42,3.2,FW,0.11,0.829761905,1
27106,White,M,41,3.5,FW,0.75,0.845833333,1
27107,White,F,42,3.4,FW,0.27,0.848809524,1
27108,White,M,45,3.7,FW,-0.37,0.914880952,1
27109,White,F,44,3.5,FW,-0.45,0.883333333,1
27110,White,F,43,3.2,FW,1.72,0.842261905,1
27111,Other,F,42,3.5,FW,1.28,0.858333333,1
27112,Black,F,29,2.9,FW,-0.7,0.638690476,1
27114,White,M,46,3.5,FW,0.81,0.908333333,1
27115,Amerindian,M,39.5,2.9,FW,-1.11,0.769940476,1
27116,White,F,40,3.8,FW,-1.11,0.861904762,1
27117,Amerindian,F,37,3.4,FW,-0.49,0.786309524,1
27118,White,F,43,3.6,FW,0.34,0.880357143,1
27119,White,F,44,3.2,NE,-0.49,0.854761905,1
27120,Asian,F,48,3.3,FW,0.85,0.914285714,1
27121,White,M,44,3.5,FW,1.45,0.883333333,1
27122,White,F,42,3.4,FW,-0.16,0.848809524,1
27123,White,M,41,3.4,FW,1.04,0.836309524,1
27124,White,F,47,3.2,FW,2.07,0.892261905,1
27125,White,M,40,2.9,FW,-0.47,0.776190476,1
27126,White,M,47,3.3,FW,1.08,0.901785714,1
27127,White,M,39,3.8,FW,1.57,0.849404762,1
27128,Mexican,F,35,3.3,FW,-0.84,0.751785714,0
27129,White,F,48,3.3,FW,-0.02,0.914285714,1
27130,White,M,42,3.6,FW,0.56,0.867857143,1
27131,White,M,42,3.5,FW,-0.02,0.858333333,1
27132,Mexican,M,34,3.7,FW,0.11,0.777380952,1
27135,White,M,44,3.3,FW,1.37,0.864285714,1
27136,Mexican,F,37,3,FW,-1.87,0.748214286,1
27137,White,F,42,3.4,FW,1.37,0.848809524,1
27138,White,F,44,3.5,FW,0.69,0.883333333,1
27140,Asian,M,41,3.8,FW,0.56,0.874404762,1
27141,Asian,F,35,3.8,FW,-0.7,0.799404762,1
27142,White,M,42,3.6,FW,-0.2,0.867857143,1
27143,Asian,F,43,3.6,FW,0.6,0.880357143,1
27144,White,F,44,3.6,FW,-0.74,0.892857143,1
27145,Black,M,30,2.6,FW,-1.83,0.622619048,0
27146,Asian,M,31.5,3.6,FW,-2.14,0.736607143,0
27147,White,M,39,3.8,FW,-0.37,0.849404762,1
27149,White,F,43,3.4,FW,1.78,0.861309524,1
27150,Asian,M,39,3.1,FW,-0.8,0.782738095,1
27151,White,M,39,3.8,FW,0.4,0.849404762,1
27152,White,F,46,3.7,FW,1.37,0.927380952,1
27153,White,M,45,3.2,FW,1.04,0.867261905,1
27154,White,M,42,3.5,FW,0.69,0.858333333,1
27155,White,M,45,3.7,FW,-0.84,0.914880952,1
27156,White,M,40,3,FW,-1.09,0.785714286,1
27157,Black,F,29,3.2,Mt,-1.98,0.667261905,1
27158,White,M,41,3.6,FW,-1.13,0.855357143,0
27159,Other,F,42,3.4,FW,1.28,0.848809524,1
27160,White,F,43,3.4,FW,-0.94,0.861309524,1
27161,White,M,37,3.8,FW,0.71,0.824404762,1
27162,White,M,41,3.8,FW,1.37,0.874404762,1
27163,Mexican,F,34,3.3,FW,-1.5,0.739285714,1
27164,White,M,44,3.6,FW,0.13,0.892857143,1
27165,Mexican,M,40,2.8,FW,-1.4,0.766666667,1
27166,White,F,44,3.1,FW,1.37,0.845238095,1
27167,White,F,44,3.2,FW,0.34,0.854761905,1
27168,White,F,46,3.4,FW,-0.16,0.898809524,1
27169,White,F,43,3.4,FW,0.81,0.861309524,1
27170,White,F,46,3.2,FW,-0.12,0.879761905,1
27171,White,M,38,4,FW,1.7,0.855952381,1
27172,White,F,46,3,FW,1.14,0.860714286,1
27173,White,M,42,3.1,FW,0.09,0.820238095,1
27175,White,M,41,3.6,FW,1.22,0.855357143,1
27176,White,F,45,3.1,FW,1.24,0.857738095,1
27177,White,F,42,3.6,FW,-0.43,0.867857143,1
27178,White,F,42,3.7,FW,-1.6,0.877380952,1
27180,White,M,38,2.1,FW,-1.81,0.675,0
27181,White,M,41,3.6,NE,1.55,0.855357143,1
27182,Asian,F,46,3.4,FW,0.19,0.898809524,1
27183,White,F,44,3.7,FW,1.16,0.902380952,1
27184,Asian,F,39,3.8,FW,-0.14,0.849404762,1
27185,White,M,40,4,FW,-0.43,0.880952381,1
27186,White,M,42,3.8,FW,0.83,0.886904762,1
27187,Hispanic,M,41,3.8,GL,0.23,0.874404762,1
27188,White,F,40,3.7,FW,-1.05,0.852380952,0
27189,White,M,46,3.3,FW,-0.51,0.889285714,1
27190,White,M,44,3.4,FW,1.28,0.873809524,1
27191,White,F,43,3.5,SE,0.75,0.870833333,1
27192,White,M,46,3.1,FW,1.04,0.870238095,1
27193,White,F,48,2.8,FW,0.62,0.866666667,1
27194,Asian,M,39,3.3,FW,-0.43,0.801785714,1
27195,White,M,42,3.4,FW,0.42,0.848809524,1
27196,White,M,43,3.4,MS,0.83,0.861309524,1
27197,Asian,M,28,3.1,FW,-1.36,0.645238095,0
27198,White,M,33,3.2,FW,-1.23,0.717261905,1
27200,White,F,40,3.2,Mt,-0.3,0.804761905,1
27201,Asian,M,33,3.8,FW,0.25,0.774404762,1
27202,White,M,46,3.3,FW,0.6,0.889285714,1
27203,Asian,M,41,3.6,FW,-1.23,0.855357143,1
27205,White,F,43,3.5,FW,0.21,0.870833333,1
27207,Other,M,38,3.3,NE,1.45,0.789285714,1
27208,White,F,46,3.5,FW,-0.16,0.908333333,1
27209,White,F,45,3.5,FW,-1.5,0.895833333,1
27210,Asian,M,46,3.4,FW,0.54,0.898809524,1
27211,Hispanic,M,38,3,FW,-0.92,0.760714286,1
27213,White,F,41,3.4,FW,-0.2,0.836309524,1
27214,White,F,42,3.3,FW,-0.1,0.839285714,1
27215,White,F,46,3.6,FW,1.08,0.917857143,1
27216,White,M,42,3.9,FW,0.54,0.896428571,1
27217,White,F,29,3.6,FW,-1.03,0.705357143,0
27218,Black,M,34,3.1,FW,-1.93,0.720238095,0
27219,White,F,37,3.8,FW,0.19,0.824404762,1
27220,Asian,M,31,2.7,FW,-2.55,0.644642857,1
27222,White,F,46,3.2,FW,-0.72,0.879761905,1
27223,White,F,36.5,3.9,FW,0.19,0.827678571,1
27224,White,F,41,2.8,FW,-0.41,0.779166667,1
27225,White,M,43,3.8,FW,-0.7,0.899404762,1
27226,White,F,45,3.2,FW,0.42,0.867261905,1
27227,White,M,44,3.5,NE,0.27,0.883333333,1
27229,White,F,42,3.5,FW,0.05,0.858333333,1
27230,Hispanic,F,38,2.7,FW,-1.21,0.732142857,1
27231,White,F,41,3.4,FW,-0.59,0.836309524,1
27232,White,F,48,3.2,FW,-0.37,0.904761905,1
27233,White,F,46,3.2,FW,0.87,0.879761905,1
27234,White,F,42,3.6,FW,-1.21,0.867857143,1
27235,Amerindian,M,29,3.3,FW,-1.6,0.676785714,1
27236,White,F,42,3.4,FW,1.45,0.848809524,1
27237,White,M,46,3.4,FW,0.4,0.898809524,1
27238,White,M,37,2.6,FW,-0.94,0.710119048,1
27240,White,M,43,3.7,FW,0.75,0.889880952,1
27241,White,F,24,3,MW,0.46,0.585714286,1
27242,Other,F,40,3.8,FW,0.38,0.861904762,1
27243,White,F,41,3.3,FW,-0.16,0.826785714,0
27244,White,M,40.5,3.1,FW,-0.43,0.801488095,1
27245,White,F,43,3.6,FW,0.38,0.880357143,1
27247,White,M,42,3.6,FW,1.37,0.867857143,1
27248,White,M,42,3.8,FW,1.14,0.886904762,1
27249,White,F,41,3.7,FW,0.42,0.864880952,1
27250,Asian,M,42,2.6,FW,-1.13,0.772619048,1
27251,Other,M,37,3.6,FW,0.5,0.805357143,1
27252,White,F,42,3.2,FW,-0.33,0.829761905,1
27253,Asian,F,39,3.6,FW,-0.57,0.830357143,1
27254,White,F,43,3.5,FW,0.23,0.870833333,1
27255,White,M,35,3.6,NE,0.43,0.780357143,1
27256,White,F,38,3.6,NE,1.22,0.817857143,1
27257,White,F,39,3.2,NG,1.19,0.792261905,1
27258,White,F,38,3.3,NE,0.66,0.789285714,1
27259,White,M,39,3.1,NE,0.3,0.782738095,1
27260,White,F,39,3.1,MS,0.33,0.782738095,1
27261,Black,F,23,3.4,SE,-1.58,0.611309524,0
27262,White,F,33,3.4,NE,0.37,0.736309524,1
27264,White,M,28,2.9,NE,-1.09,0.626190476,0
27265,White,F,32,3.6,NE,0.33,0.742857143,1
27267,White,F,28,3.2,MS,0.07,0.654761905,1
27268,Asian,F,27,2.8,FW,-0.11,0.604166667,0
27269,Other,F,30.5,2.5,NE,-1.48,0.619345238,1
27270,Asian,F,31,2.8,FW,-0.3,0.654166667,1
27272,White,F,39,3.3,MS,-0.1,0.801785714,1
27273,White,M,33,3.8,NE,-0.89,0.774404762,1
27274,White,M,37,4,NE,2.44,0.843452381,1
27275,White,F,30,3.6,NE,0.53,0.717857143,1
27276,Black,M,20.5,2.8,NE,-1.38,0.522916667,0
27277,White,F,39,3.3,FW,-0.2,0.801785714,0
27278,White,F,34,3.3,MS,1.22,0.739285714,1
27279,Black,M,22.5,2.5,GL,-1.35,0.519345238,0
27280,Other,M,37,3.3,FW,1.49,0.776785714,1
27281,Black,F,24.5,3,NE,-0.23,0.591964286,1
27282,White,F,33.5,3,NE,-0.2,0.704464286,1
27283,Asian,F,23,3.1,NE,-0.99,0.582738095,0
27284,White,F,38,3.1,SC,0.79,0.770238095,1
27285,White,M,42,3.5,NE,0.89,0.858333333,1
27288,White,F,32,3.6,SC,0.4,0.742857143,1
27289,White,M,37,3.5,NE,0.3,0.795833333,1
27290,White,M,34,3.4,NE,0.03,0.748809524,1
27291,White,M,36,3.6,NG,0.76,0.792857143,1
27292,Other,F,42,2.9,NE,0.46,0.801190476,1
27293,White,M,38,3.1,NE,-0.26,0.770238095,1
27294,White,F,34,3.5,GL,0.79,0.758333333,1
27295,White,F,37,3.3,NE,0.69,0.776785714,1
27296,White,M,36,3.2,GL,1.19,0.754761905,1
27297,Puertorican,F,28,3.2,NG,-0.76,0.654761905,1
27299,White,F,30,2.8,NE,-0.79,0.641666667,0
27300,Asian,M,36,2.6,NE,-0.26,0.697619048,1
27301,White,M,40,3.2,NE,0.07,0.804761905,1
27302,White,M,39,3.4,NE,0.79,0.811309524,1
27304,White,F,44,2.8,NE,0.23,0.816666667,1
27305,White,F,41,3,GL,0,0.798214286,1
27306,White,F,35,3.3,MS,-0.43,0.751785714,0
27308,White,F,36,3.1,NG,1.16,0.745238095,1
27309,White,F,37,3.6,NE,2.01,0.805357143,1
27310,White,M,40,3.1,MS,0.23,0.795238095,1
27311,White,M,34,3.5,NE,-0.3,0.758333333,1
27313,White,M,35,3.3,NE,-0.2,0.751785714,1
27314,White,F,36,3.3,MS,-0.92,0.764285714,1
27315,White,M,37,3,NE,0.63,0.748214286,1
27316,White,F,40,3.1,NE,1.62,0.795238095,1
27317,Asian,F,30,3.2,NE,-0.36,0.679761905,1
27318,White,F,41,3.3,SC,-0.26,0.826785714,1
27320,White,F,32,3.1,NE,-1.09,0.695238095,1
27321,White,M,32,3.8,NG,1.26,0.761904762,1
27322,Hispanic,F,26,2.7,NE,-2.01,0.582142857,1
27323,Hispanic,M,38,2.4,NG,-0.3,0.703571429,1
27324,White,M,35.5,3.2,NE,-1.52,0.748511905,1
27325,White,F,36,3.3,NG,0.89,0.764285714,1
27326,White,F,44,3,NE,0.96,0.835714286,1
27327,White,F,35,3.5,NE,0.89,0.770833333,1
27328,White,M,38,2.9,NE,0.4,0.751190476,1
27329,White,F,27,2.8,NE,-0.66,0.604166667,0
27330,Black,F,24,3,SE,-1.68,0.585714286,1
27331,White,F,33,3.5,NE,-0.76,0.745833333,0
27332,White,F,33,3.4,NE,-0.43,0.736309524,1
27333,White,M,33,3.5,SE,-0.43,0.745833333,1
27336,White,F,39,2.8,NE,-0.63,0.754166667,1
27337,White,F,46,3.2,SE,0.7,0.879761905,1
27338,White,F,33.5,3.8,SE,-0.12,0.780654762,1
27339,White,F,37,3.2,FW,0.14,0.767261905,1
27340,White,M,39,3.7,FW,0.09,0.839880952,1
27341,White,M,36,3.1,FW,-0.43,0.745238095,1
27342,Hispanic,M,40,3.2,FW,0.99,0.804761905,1
27343,White,M,33,2.7,FW,-1.1,0.669642857,1
27344,White,M,39,2.9,FW,-0.43,0.763690476,1
27346,White,F,42,2.7,FW,-1.61,0.782142857,1
27347,White,M,39,3.8,FW,0.79,0.849404762,1
27348,White,F,42,3.5,FW,0.03,0.858333333,1
27349,White,M,41,2.8,FW,0.15,0.779166667,1
27350,White,M,39,3.3,FW,0.17,0.801785714,1
27351,Black,M,34,2.3,FW,-1.66,0.644047619,1
27352,White,F,36,3.5,NW,-0.67,0.783333333,0
27353,White,F,37,3.3,FW,-0.99,0.776785714,1
27354,Mexican,F,31,3.3,FW,0.77,0.701785714,1
27355,White,M,42,3.6,FW,1.42,0.867857143,1
27356,Other,F,44,3,FW,0.12,0.835714286,1
27357,White,F,39,3.5,FW,1.78,0.820833333,1
27358,Mexican,M,35,3.1,FW,-0.43,0.732738095,1
27360,White,M,38,3.3,FW,1.91,0.789285714,1
27362,White,M,42,3.3,FW,1.6,0.839285714,1
27363,Other,M,37,3.6,FW,-0.07,0.805357143,1
27364,White,F,39,3,FW,0.49,0.773214286,1
27365,White,F,38,3.2,FW,0.94,0.779761905,1
27366,White,M,40,3.6,FW,0.27,0.842857143,1
27367,Asian,M,37,3.2,FW,-0.55,0.767261905,1
27368,White,F,39,3.1,FW,-0.3,0.782738095,1
27369,White,F,43,2.2,MS,0.83,0.74702381,1
27370,White,M,37,3.4,FW,-0.11,0.786309524,1
27371,White,M,40,3,FW,0.04,0.785714286,1
27372,Black,F,27.7,2.4,FW,-1.7,0.574821429,0
27373,Asian,F,38,3.1,FW,-0.28,0.770238095,1
27374,White,M,39,3.1,FW,0.25,0.782738095,1
27375,White,F,37.5,4,FW,3.48,0.849702381,1
27376,White,F,37,3.4,FW,0.12,0.786309524,1
27377,Hispanic,M,32,3.1,FW,-0.85,0.695238095,0
27378,White,F,41,2.8,FW,0.36,0.779166667,1
27379,White,M,33,3.6,Mt,-1.17,0.755357143,1
27380,White,M,37,3.2,FW,0.65,0.767261905,1
27381,White,F,36,3.2,FW,0.64,0.754761905,1
27382,White,M,36,3.4,FW,-0.64,0.773809524,1
27383,White,F,41,3.2,FW,1.3,0.817261905,1
27384,White,F,44,2.7,FW,0.82,0.807142857,1
27386,White,F,40,3.1,FW,-0.83,0.795238095,1
27387,White,M,36,3.9,FW,1.78,0.821428571,1
27388,Hispanic,F,37,3.4,SE,-0.12,0.786309524,1
27389,White,F,30,2.9,FW,-0.86,0.651190476,0
27390,Other,F,38,3.2,FW,1.6,0.779761905,1
27391,White,F,37,3.1,MS,0.58,0.757738095,1
27392,White,M,38,3.2,FW,-1.1,0.779761905,0
27393,White,M,36,3.3,FW,-0.83,0.764285714,0
27395,White,M,38,3.3,Mt,-0.87,0.789285714,1
27396,Hispanic,F,34,3,FW,-0.34,0.710714286,1
27397,White,F,39,3,FW,0.72,0.773214286,1
27398,White,M,38,2.7,FW,-0.56,0.732142857,1
27399,White,M,39,3.3,FW,-0.44,0.801785714,1
27400,White,F,35,3.5,FW,0.12,0.770833333,1
27401,White,F,45,2.5,MS,-0.13,0.800595238,1
27402,White,F,38,3.9,GL,0.65,0.846428571,1
27403,White,M,39,3.7,FW,1.95,0.839880952,1
27404,White,M,36.5,3.3,FW,-0.52,0.770535714,1
27405,Other,F,35.5,4,FW,-0.08,0.824702381,1
27406,Other,F,36,3.1,FW,0.64,0.745238095,1
27407,Mexican,F,34,2.7,FW,0.33,0.682142857,1
27408,White,F,39,2.9,FW,-0.81,0.763690476,1
27409,White,M,32,3.8,FW,-0.86,0.761904762,1
27410,White,F,46,3.4,FW,0.41,0.898809524,1
27411,White,M,40,3.1,FW,-0.9,0.795238095,1
27412,White,F,38,3.1,FW,0.87,0.770238095,1
27413,White,F,42,3.3,FW,0.64,0.839285714,1
27414,Hispanic,M,29.5,3.1,FW,-0.64,0.663988095,1
27415,White,M,40,3.9,FW,2.21,0.871428571,1
27416,White,F,29.5,2.9,SC,0.07,0.644940476,1
27417,White,F,30.5,2.9,SC,-1.18,0.657440476,0
27418,White,M,37,3,SC,0.76,0.748214286,0
27419,White,F,40,3.3,SC,1.96,0.814285714,1
27420,White,F,34,2.9,SC,-0.48,0.701190476,1
27421,White,F,32,2.7,SC,-0.66,0.657142857,1
27422,White,M,38,4,SC,1.71,0.855952381,1
27426,White,F,32,2.9,SC,0.07,0.676190476,1
27427,White,F,30,3.1,SC,-0.66,0.670238095,0
27428,White,M,27,3.4,NE,-0.66,0.661309524,1
27429,White,M,33,2.9,SC,-1.02,0.688690476,1
27430,White,F,34,2.9,SC,0.05,0.701190476,0
27431,White,M,27,3.1,SC,0.26,0.632738095,1
27432,White,F,31,2.7,SC,-0.16,0.644642857,1
27433,White,F,30,2.8,SC,-0.58,0.641666667,0
27435,White,M,32,3.2,Mt,0.43,0.704761905,1
27436,White,F,32,2.9,SC,-0.87,0.676190476,1
27437,White,M,33,2.9,Mt,-0.48,0.688690476,0
27438,White,F,35,2.9,SC,-0.96,0.713690476,0
27442,White,F,29.5,2.7,SE,0.05,0.625892857,1
27443,White,F,36,2.3,SC,1.55,0.669047619,1
27444,White,F,27,3.2,SC,0.02,0.642261905,1
27446,White,M,33,3.2,SC,0.53,0.717261905,1
27448,White,M,26,3.2,SC,-0.27,0.629761905,1
27449,White,F,32,2.9,SC,-0.82,0.676190476,1
27450,White,F,33,2.8,MS,0.02,0.679166667,1
27453,White,F,35,2.7,Mt,-0.96,0.694642857,0
27454,White,M,39,2.3,SC,-0.52,0.706547619,0
27455,White,F,30,2.9,MW,-0.72,0.651190476,1
27456,White,F,33,2.6,Mt,1.75,0.660119048,0
27457,White,F,30,3.2,Mt,0.02,0.679761905,1
27458,White,F,27,3.4,SC,-0.34,0.661309524,1
27459,White,F,37,2.8,SC,-0.51,0.729166667,0
27461,Amerindian,F,26,3.5,SC,-0.68,0.658333333,1
27462,Amerindian,M,43,2.5,SC,-0.02,0.775595238,1
27463,White,F,32,2.7,SC,1.18,0.657142857,1
27464,White,F,29,3.1,SC,-0.54,0.657738095,1
27465,White,F,38,3.9,SC,-0.43,0.846428571,1
27466,White,M,33,3.8,SC,2.52,0.774404762,1
27467,White,F,38,2.5,SC,0.62,0.713095238,1
27469,White,M,31,3.5,SC,0.75,0.720833333,1
27470,White,F,28,3.3,SC,0.25,0.664285714,1
27471,White,M,26,3,SC,0.12,0.610714286,1
27472,White,F,33,4,SC,0.83,0.793452381,1
27473,White,M,38,3.7,SC,-0.23,0.827380952,0
27474,White,M,36,4,SC,2.12,0.830952381,1
27475,White,F,31,2.9,SC,0.3,0.663690476,1
27476,White,F,28,3.1,SC,0.26,0.645238095,1